id,sales
3000888,4.27403018096179
3000889,0.0
3000890,3.495530482511285
3000891,2414.5417113996473
3000892,0.43831358945462523
3000893,396.43717863583925
3000894,17.14412362252395
3000895,824.2552907901459
3000896,820.6448918801991
3000897,141.25796402285977
3000898,162.9438196155745
3000899,154.66244214718256
3000900,3082.994584367782
3000901,31.76895942487624
3000902,2.5852171076209536
3000903,33.85195479562694
3000904,28.384336781135456
3000905,0.50465845381395
3000906,200.77228451737847
3000907,16.429630229995837
3000908,26.313616425638024
3000909,10.908021252619044
3000910,98.55445724839879
3000911,7.809504313249976
3000912,289.6206891433377
3000913,146.31272915886345
3000914,5.218205386386587
3000915,10.652386370777242
3000916,348.7739341892169
3000917,66.95492635307646
3000918,4084.666803415518
3000919,0.08725852647485835
3000920,31.93467574650062
3000921,1.1948385313134964
3000922,0.0
3000923,1.9927498213727037
3000924,1061.603377494659
3000925,0.0
3000926,84.95575735148354
3000927,2.7640779680238525
3000928,545.2797961064612
3000929,378.7832662195568
3000930,188.56828390868333
3000931,35.260229993030805
3000932,29.96018154807689
3000933,2222.334403853421
3000934,6.688526849878001
3000935,0.28806801870751075
3000936,10.445765996131497
3000937,6.996621683559991
3000938,0.2104100730017295
3000939,130.81946992385633
3000940,0.07558646477547676
3000941,0.0
3000942,1.458164346607129
3000943,11.638991568542135
3000944,0.4404199816716237
3000945,148.10957240520526
3000946,127.30879911922099
3000947,0.4388432588540469
3000948,2.135137386797687
3000949,118.36343368056642
3000950,16.9004163631424
3000951,204.1595578615911
3000952,1.0435478609732403
3000953,1.31257704078956
3000954,4.890980565464663
3000955,0.2277378828310194
3000956,3.052405495939407
3000957,3709.143574816961
3000958,0.0
3000959,628.819274930035
3000960,11.079966420122693
3000961,1404.233030011222
3000962,642.7550229445665
3000963,441.9617498914386
3000964,198.04226152587574
3000965,77.34385774378059
3000966,6323.116878985393
3000967,26.67495759661708
3000968,0.4181212412131131
3000969,12.795454901237653
3000970,18.06734039885476
3000971,0.3946148595940826
3000972,399.4525962417817
3000973,11.505568035031127
3000974,4.53212579081802
3000975,11.755094184044632
3000976,50.1054061676121
3000977,3.8449739119751865
3000978,564.7872610792024
3000979,307.61633784265314
3000980,1.7553994081950184
3000981,14.828797327334936
3000982,369.8171893828554
3000983,104.57160769733491
3000984,1011.2777578411777
3000985,9.041578026502332
3000986,6.0732343222793865
3000987,3.6125697083293247
3000988,0.06665692086745828
3000989,1.7730986110353737
3000990,1488.667598074488
3000991,0.0
3000992,199.27421802743328
3000993,12.948612744194953
3000994,650.6168236973716
3000995,523.3773823306465
3000996,206.51132098299894
3000997,35.88794741574789
3000998,32.41732860142565
3000999,2763.591832597188
3001000,11.726206423378954
3001001,0.00767183970751276
3001002,13.839627172908896
3001003,18.261581845097748
3001004,0.45148267896346506
3001005,145.35824134373368
3001006,9.902178484174435
3001007,0.0
3001008,3.58553946551011
3001009,38.48554585828084
3001010,1.4923470865382147
3001011,128.05143747675635
3001012,142.76815683576677
3001013,1.6831433741608974
3001014,4.0158109285846475
3001015,128.25890207775535
3001016,44.56153819910969
3001017,327.90269346252813
3001018,1.869714155322336
3001019,4.868099441120957
3001020,2.2484701480204468
3001021,0.0
3001022,4.017392587745828
3001023,1273.9922014263373
3001024,0.0
3001025,107.97744899720016
3001026,7.133672186915574
3001027,547.85649072577
3001028,310.1910595823016
3001029,118.69947856171424
3001030,56.30823471741346
3001031,26.255487451146397
3001032,2322.231559290661
3001033,12.877736795130856
3001034,0.1578491866657688
3001035,10.837049736002175
3001036,6.857907954854396
3001037,0.18385931112406365
3001038,108.94339446026471
3001039,0.6627118279235006
3001040,0.0
3001041,3.1190601255811985
3001042,40.42611008806846
3001043,0.73337050363575
3001044,124.19061991678619
3001045,124.43408638485394
3001046,0.6497834430694035
3001047,4.203475348579736
3001048,48.982253540322574
3001049,31.790038208980654
3001050,166.30923287824373
3001051,1.4265238990609097
3001052,2.522140507700574
3001053,2.1876503620472265
3001054,0.0
3001055,3.1166594043502576
3001056,1259.329382531474
3001057,0.0
3001058,134.13824637459476
3001059,8.736736006386346
3001060,984.9435156822375
3001061,463.3291910167952
3001062,207.24865476100132
3001063,27.31401087317422
3001064,45.87602552682265
3001065,2624.6206701434603
3001066,12.897119595045472
3001067,0.4519308308450785
3001068,8.505976495041496
3001069,22.177322580724738
3001070,0.05409564199025209
3001071,144.55315726992478
3001072,2.046993428609613
3001073,0.0
3001074,2.566451160038878
3001075,19.042819738790207
3001076,1.9603771756299233
3001077,172.44749400570691
3001078,222.99800888706622
3001079,1.3505737739203845
3001080,3.385494522588958
3001081,60.55607027002332
3001082,89.41417137411639
3001083,333.76889313747876
3001084,1.0490702783965433
3001085,3.26618956010736
3001086,3.276437252691639
3001087,1.460537100471551
3001088,2.941823795262437
3001089,1557.4447485842447
3001090,0.0
3001091,154.08517412884834
3001092,2.9817071019683716
3001093,748.8890025950853
3001094,459.272715191851
3001095,261.3207769899189
3001096,76.39984445334933
3001097,53.72658643499267
3001098,2626.3399684354986
3001099,10.820100104247867
3001100,1.3630251017764514
3001101,14.363355039482933
3001102,15.55749616817404
3001103,0.25794260810254505
3001104,186.37094662298043
3001105,9.423586805575093
3001106,0.0
3001107,3.648772590658503
3001108,19.32632641769221
3001109,1.936747103019833
3001110,144.70490629183533
3001111,147.75385951953945
3001112,0.6861399080475296
3001113,3.7897536139693915
3001114,114.36309599791198
3001115,48.4076517661695
3001116,596.8739229318361
3001117,1.3149037238326629
3001118,6.191978319402725
3001119,3.511275586254676
3001120,0.05719931844875794
3001121,1.752437374361421
3001122,1409.1005804708448
3001123,0.0
3001124,139.28788925564814
3001125,4.043267324935033
3001126,1420.52654712399
3001127,247.07596581996376
3001128,149.47819110644087
3001129,111.39353892995572
3001130,28.849108612298902
3001131,2074.515342002606
3001132,8.280201082496815
3001133,0.48124022580079306
3001134,8.960528432615707
3001135,10.00637208554261
3001136,0.13030991196805483
3001137,143.34188234321755
3001138,0.0
3001139,0.0
3001140,1.1743994904411044
3001141,35.47756626107919
3001142,0.8912276689438997
3001143,54.53069440093015
3001144,110.65912367368935
3001145,0.969037934825961
3001146,2.266059758715128
3001147,59.213573794878776
3001148,28.388029106868856
3001149,460.3679579338277
3001150,2.4846226404502216
3001151,1.7897669791012762
3001152,7.83425306690829
3001153,0.9099702709377873
3001154,2.7789283527114113
3001155,2396.781724350606
3001156,0.0
3001157,261.00243598962396
3001158,4.298554953468162
3001159,775.5144487541917
3001160,892.0334256914804
3001161,417.7052230944258
3001162,131.32693886156838
3001163,89.75188707855592
3001164,3520.901781871671
3001165,10.714064378383831
3001166,0.28757014020482213
3001167,14.385581651366572
3001168,7.604076982552598
3001169,0.39116435278574896
3001170,223.0104634368861
3001171,2.8484779383407264
3001172,0.0
3001173,4.871324266593596
3001174,30.061100851288334
3001175,3.180402566722116
3001176,245.61027775959872
3001177,197.66097976431803
3001178,1.192062711468847
3001179,4.545075166629819
3001180,285.91884280575823
3001181,43.556010805429
3001182,1078.2052895742565
3001183,4.1925220195724195
3001184,12.402687058478934
3001185,3.169097869477628
3001186,0.24842490844326534
3001187,2.5211193676614827
3001188,1575.6226006979498
3001189,0.0
3001190,518.4139212159216
3001191,6.1245954575066035
3001192,410.7840140114177
3001193,660.0531965272345
3001194,161.6787581284248
3001195,121.45206033273313
3001196,50.47805131670419
3001197,2229.2191442380804
3001198,10.094314524159195
3001199,0.5909987827611155
3001200,10.542524063446773
3001201,13.783063924114874
3001202,0.3150932762077819
3001203,142.16388726321816
3001204,10.172520273158288
3001205,8.711419065052526
3001206,4.489511393204485
3001207,48.8756105666099
3001208,1.3715187511750773
3001209,74.57203633883314
3001210,113.90846079805644
3001211,3.5123115583479065
3001212,5.263657101459228
3001213,125.60889418201442
3001214,62.648630200440145
3001215,1255.7348504531876
3001216,11.72232085365795
3001217,7.796843104927579
3001218,3.857583985999934
3001219,0.44254022960451767
3001220,2.7756250953506587
3001221,1871.8839248125048
3001222,0.0
3001223,145.8327460108482
3001224,5.522992525458166
3001225,695.0809658623177
3001226,307.8134617546435
3001227,250.95088552022222
3001228,52.80822665533878
3001229,42.35302437400645
3001230,2812.7597048453827
3001231,27.18120640876189
3001232,0.7981277121783051
3001233,18.29369108593818
3001234,13.711594172121389
3001235,0.06196419171041556
3001236,134.4261673984895
3001237,4.914987246280292
3001238,0.0
3001239,3.711637374099542
3001240,18.999486278930547
3001241,2.287323697836531
3001242,112.85879442402397
3001243,127.91453442889025
3001244,0.8590395455798416
3001245,3.949390209038988
3001246,76.04877189339011
3001247,25.262481227165335
3001248,329.1851744339034
3001249,1.2943076039147907
3001250,3.5040098255421355
3001251,3.9711628329369355
3001252,0.0
3001253,5.337950274365229
3001254,2635.5111809660757
3001255,0.0
3001256,594.4337699639067
3001257,8.943839547337985
3001258,808.0368133701925
3001259,782.2217637004059
3001260,188.4991584314213
3001261,161.59369206779164
3001262,104.42048087041348
3001263,3558.5594620906772
3001264,46.164171660248854
3001265,0.48856652501816006
3001266,19.12538542338566
3001267,43.44240833094404
3001268,0.14714731075070472
3001269,208.80216223584577
3001270,17.08173906542671
3001271,23.630740644358855
3001272,5.089208155701803
3001273,79.64802854806182
3001274,8.494110084112528
3001275,453.26670050539
3001276,185.66275808669607
3001277,8.097038876916125
3001278,8.792608173356141
3001279,380.3319726796936
3001280,87.32383580402937
3001281,3234.010341073008
3001282,0.008878095788604408
3001283,33.628242304450836
3001284,6.92259416717911
3001285,0.0
3001286,3.7314074803098167
3001287,2524.2907227284613
3001288,0.0
3001289,365.41331355149987
3001290,6.813019677010289
3001291,1152.2038630954291
3001292,750.4566428131236
3001293,480.5071534425148
3001294,73.77103621755907
3001295,50.81492346649217
3001296,4174.803254137466
3001297,15.401597350837292
3001298,0.5839960050040092
3001299,3.140575599898338
3001300,14.095851650681176
3001301,0.22663385148645934
3001302,254.7072493588214
3001303,1.1019716387752503
3001304,7.694517945147911
3001305,3.7766855928362046
3001306,42.412174149210344
3001307,1.1862954214237333
3001308,265.19338360140546
3001309,211.41245279241335
3001310,3.727443075742533
3001311,3.566276514798776
3001312,216.1835685036273
3001313,36.35845619269804
3001314,670.3306323953495
3001315,18.18424762786906
3001316,11.156624442939272
3001317,8.078389224959686
3001318,0.0
3001319,3.4706283431309943
3001320,2308.5191415455406
3001321,0.0
3001322,383.1597045440322
3001323,6.039083931450543
3001324,1570.6063285415842
3001325,624.0366855377487
3001326,268.00452481465766
3001327,195.59165605879147
3001328,89.49545286080571
3001329,3424.0528509700616
3001330,15.731711672265085
3001331,0.4965838347519618
3001332,23.53779128386446
3001333,45.32231061993238
3001334,0.10435447025037144
3001335,244.12603791984986
3001336,4.2808173096828535
3001337,6.527288142766908
3001338,10.575258054471504
3001339,73.31769490005644
3001340,1.702016183117304
3001341,103.07014543888977
3001342,204.8604033434976
3001343,3.041400340778516
3001344,3.927235709779762
3001345,147.87699279870168
3001346,140.80234309373333
3001347,1152.1250602982316
3001348,7.282327285883445
3001349,5.4590861770935355
3001350,3.7966890075581707
3001351,0.09465987488104256
3001352,3.211659454310697
3001353,1468.1416182181179
3001354,0.0
3001355,126.42197636389254
3001356,6.0365889395220185
3001357,539.3951894946156
3001358,348.4058760625464
3001359,132.09667784023637
3001360,52.56267882627203
3001361,45.18306083764225
3001362,2230.2435386908246
3001363,10.776066711945024
3001364,0.8193946311247637
3001365,16.396332521376024
3001366,13.635785129645484
3001367,0.0
3001368,143.69497851998668
3001369,2.1366905896340116
3001370,0.0
3001371,2.94500971017492
3001372,55.88786268351595
3001373,2.209867231380238
3001374,111.89144778455318
3001375,128.6661019252711
3001376,1.065273136213109
3001377,3.4761655918876353
3001378,147.09821605616136
3001379,34.47257894508579
3001380,422.6858650362627
3001381,0.9291997042241708
3001382,2.8260186748414027
3001383,1.5919208407314172
3001384,0.0
3001385,0.3621290375145378
3001386,1395.1456735586025
3001387,0.0
3001388,260.7800726100265
3001389,10.591452066774771
3001390,531.8428073505779
3001391,463.7419749030129
3001392,122.8015246285451
3001393,49.376457662923215
3001394,62.42080662427981
3001395,2138.6110098092686
3001396,26.242969009327698
3001397,0.4925054464978475
3001398,13.787601948035425
3001399,12.032384663220762
3001400,0.10062725208049608
3001401,114.36220952789043
3001402,11.709619149679282
3001403,6.500248554659408
3001404,2.240178283450837
3001405,43.48997895371519
3001406,3.9936458767878658
3001407,474.2748990097943
3001408,136.7855469017863
3001409,4.714546724418062
3001410,6.238580260654155
3001411,318.81073528644384
3001412,32.64120909457605
3001413,1549.6357874310863
3001414,0.0
3001415,5.3258094304935595
3001416,3.225644028589315
3001417,0.08509666006863723
3001418,3.786309583134131
3001419,3679.598710985572
3001420,0.0
3001421,793.2150375597517
3001422,12.982454976197289
3001423,1180.9053860236104
3001424,1351.8968600548762
3001425,273.10265428186773
3001426,265.7066714276538
3001427,182.89016464848004
3001428,4458.9106592789785
3001429,33.23145620868774
3001430,0.7455380520689855
3001431,25.931841537522864
3001432,38.8508935323413
3001433,0.12606433179366808
3001434,279.8083828850389
3001435,14.746381819394387
3001436,49.44144370602101
3001437,9.158945623794061
3001438,89.11304179429716
3001439,10.953171194939488
3001440,395.56053154482527
3001441,271.34554222916165
3001442,16.171338613055326
3001443,7.252018623013887
3001444,575.4728136269766
3001445,121.86069677614289
3001446,6048.999343512592
3001447,1.092375717902884
3001448,25.321805333025363
3001449,2.8394798088300495
3001450,0.1520357652505413
3001451,2.4787203255970707
3001452,1332.1252498635863
3001453,0.0
3001454,296.3733496350131
3001455,4.955033996696507
3001456,297.9211910018897
3001457,441.900678487441
3001458,109.691018020431
3001459,90.61592081250089
3001460,0.0
3001461,1498.500059491657
3001462,15.488868620132594
3001463,0.30320124777395224
3001464,10.152194498239842
3001465,11.783345270953026
3001466,0.12015595634186181
3001467,75.1517047277068
3001468,0.0
3001469,38.51172405498039
3001470,0.32413527192141517
3001471,28.184133478390542
3001472,5.285566639196994
3001473,184.7151611111235
3001474,91.83600570562095
3001475,4.760969599161461
3001476,4.821937901862046
3001477,153.89971797967786
3001478,28.855605469952227
3001479,2266.106829347369
3001480,2.9924136879452274
3001481,1.552850667691345
3001482,4.462869440474483
3001483,0.0
3001484,0.2616740049917759
3001485,1160.5066729382634
3001486,0.0
3001487,216.8069801409333
3001488,6.003639152654655
3001489,447.92478401978104
3001490,271.4871599370819
3001491,84.3893488943687
3001492,31.40960497175037
3001493,28.715560412978263
3001494,1689.2205003474112
3001495,15.41501704570122
3001496,1.060942862018029
3001497,13.681579531652845
3001498,11.003321953364168
3001499,0.3986318524762764
3001500,84.18865638975336
3001501,0.09969473775266602
3001502,12.890352083198586
3001503,0.29411639030086933
3001504,22.48457648425231
3001505,0.5660631868055841
3001506,270.36820809072566
3001507,116.99723962126602
3001508,2.3764740666025643
3001509,1.740124490532635
3001510,139.01822253390776
3001511,21.719833387805053
3001512,958.957679085661
3001513,1.5628313558470737
3001514,1.9924099287391077
3001515,4.861648315489848
3001516,0.25807172092212904
3001517,2.0366388393553616
3001518,3088.892836169156
3001519,0.0
3001520,607.2761006035295
3001521,14.215926084410007
3001522,906.0683712235223
3001523,970.6145778602806
3001524,289.37070530334415
3001525,250.58267443009603
3001526,102.53950180306853
3001527,3902.4469216628163
3001528,26.38049842610462
3001529,3.064241743622293
3001530,24.246384512430307
3001531,26.142212034763908
3001532,0.7523051154572313
3001533,228.6040692484963
3001534,5.942131784150005
3001535,53.73325352526733
3001536,8.381319482400029
3001537,97.90304891674067
3001538,4.14678045029655
3001539,280.58310262373976
3001540,225.01059609292835
3001541,10.391146301912665
3001542,5.803209790725096
3001543,371.20089230858844
3001544,72.10391554100357
3001545,4071.7546030715466
3001546,4.142267091174277
3001547,18.22653575284892
3001548,4.709964857292584
3001549,0.0
3001550,1.941265562278812
3001551,2610.475704649909
3001552,0.0
3001553,576.4132776780522
3001554,16.621170940013194
3001555,920.7561585406248
3001556,865.4293670224622
3001557,327.43908065225
3001558,217.8191447668462
3001559,52.89039695082886
3001560,4157.334608739361
3001561,14.304751413232923
3001562,0.5336663098201777
3001563,32.77746510261099
3001564,16.482828209406755
3001565,1.1926070979459422
3001566,247.79151051442895
3001567,0.0
3001568,8.460865984875648
3001569,7.982486609958237
3001570,40.77251183801082
3001571,1.5094289068156321
3001572,178.284091285959
3001573,246.92163338778195
3001574,4.666388724628089
3001575,4.93538567978302
3001576,197.76319265937687
3001577,74.70474874563813
3001578,1259.0629633211
3001579,7.864565605689018
3001580,2.463707302796911
3001581,6.29196604571137
3001582,0.6656716022255723
3001583,1.982181489650291
3001584,2501.445911997772
3001585,0.0
3001586,560.999855264828
3001587,10.530882285666497
3001588,823.0542570830995
3001589,779.3646320458196
3001590,253.82700778577475
3001591,196.82443283688986
3001592,49.15819730702061
3001593,3466.450206764093
3001594,15.90117414512504
3001595,1.3778527924827728
3001596,28.790448869587134
3001597,13.14433861825856
3001598,0.3576837198271913
3001599,237.02338378989253
3001600,0.0
3001601,9.542950694537028
3001602,5.230372525597786
3001603,86.81809660482557
3001604,1.037450644013316
3001605,102.23337715280331
3001606,235.3705556384103
3001607,4.462647514482477
3001608,4.775909551973322
3001609,162.10465454952416
3001610,57.704730789391604
3001611,895.0264741593903
3001612,2.26120058492862
3001613,6.216401474862072
3001614,9.463585909083696
3001615,1.3048811335710881
3001616,11.586994254516357
3001617,7297.599915182246
3001618,0.0
3001619,1129.9812700306434
3001620,37.37085626290454
3001621,1792.953762443084
3001622,2030.6321396453402
3001623,313.35354918910895
3001624,481.09294033995985
3001625,333.855695102922
3001626,7321.899952267803
3001627,83.03504717588959
3001628,3.105369686059857
3001629,40.14143870964458
3001630,50.52656038430666
3001631,0.7375822082901348
3001632,450.51915503102884
3001633,30.781671590188026
3001634,84.26557557308459
3001635,18.868657667044907
3001636,204.36672764432996
3001637,24.915697609945056
3001638,638.3607969573928
3001639,408.56015224801115
3001640,16.028748576902704
3001641,20.188044054006102
3001642,968.9183519964841
3001643,208.113364277974
3001644,10562.31667917359
3001645,1.1682960296805667
3001646,77.93576994169047
3001647,1.8526676471627705
3001648,0.29114079024430006
3001649,0.8337991886664127
3001650,1357.407577932897
3001651,0.0
3001652,145.642028374064
3001653,4.479485084461712
3001654,697.4264068923248
3001655,323.6359653609753
3001656,108.20160987159079
3001657,125.8398009886354
3001658,44.715108304487956
3001659,2510.371374533657
3001660,7.196165723143375
3001661,0.1009467319742975
3001662,17.026920336444213
3001663,7.305644790920774
3001664,0.3719392730015459
3001665,148.11108161834935
3001666,0.42067728695350365
3001667,0.0
3001668,4.91386213060009
3001669,65.21090041670148
3001670,0.26049855811970246
3001671,57.12792523018336
3001672,77.48619673381536
3001673,2.086311324161369
3001674,5.4229021853134025
3001675,107.44827985429185
3001676,17.509082982392908
3001677,473.63302061924384
3001678,3.6015584026185015
3001679,3.475609800006741
3001680,7.507753500897206
3001681,0.22319269974737985
3001682,2.5013176704050943
3001683,2805.836961155389
3001684,0.0
3001685,452.41097144048376
3001686,11.193556619324577
3001687,956.6732593237789
3001688,715.4727181171169
3001689,193.01571879497445
3001690,245.00160470256927
3001691,71.22536549210746
3001692,3749.50524454143
3001693,12.994820348140786
3001694,0.20849042685842054
3001695,14.499983647444289
3001696,15.397757779067081
3001697,0.31618211016642916
3001698,229.9621062731011
3001699,2.6215710128940435
3001700,6.469168718568489
3001701,10.909027320544489
3001702,16.230525649449206
3001703,1.2209064577202369
3001704,274.14145461086105
3001705,179.63648734865055
3001706,3.7697720816866185
3001707,5.8021023606972575
3001708,106.73520656799066
3001709,63.760493499181294
3001710,1027.9946382062988
3001711,4.461590335532404
3001712,4.797275360480953
3001713,1.2441661246388507
3001714,0.0
3001715,0.723081119599
3001716,809.8441012098729
3001717,0.0
3001718,112.32976735622219
3001719,2.117066875654965
3001720,597.482670665001
3001721,193.82995737319936
3001722,92.9136639585027
3001723,180.55244046060764
3001724,13.52138092404771
3001725,1908.5106608734402
3001726,2.1916879373297706
3001727,0.30698117973975253
3001728,9.701150123112582
3001729,3.3011334954431697
3001730,0.09922098104294015
3001731,85.25321991612026
3001732,0.0
3001733,0.0
3001734,1.0708714923626488
3001735,0.0
3001736,0.12098602337390471
3001737,69.12271064058197
3001738,58.51694974351086
3001739,0.8886369606381161
3001740,1.5710840104543633
3001741,49.25329896064256
3001742,8.536277001542246
3001743,146.77406257609042
3001744,2.7208507750432216
3001745,2.140607397338066
3001746,8.584340396640691
3001747,0.0
3001748,2.620815477700166
3001749,1604.3428724097398
3001750,0.0
3001751,196.62905860266017
3001752,8.364148141077758
3001753,851.4275299996032
3001754,485.7311135964317
3001755,151.2914085074564
3001756,138.65480980001342
3001757,51.11997686065812
3001758,2780.370022230763
3001759,4.746623990007679
3001760,0.6962824649174825
3001761,23.75774008097194
3001762,14.286525011495955
3001763,0.21704863997698817
3001764,184.69346065317356
3001765,0.0
3001766,0.0
3001767,14.74333954937826
3001768,19.587000974231838
3001769,0.8489563204148917
3001770,229.75647520387258
3001771,168.4896568333103
3001772,1.73523295223412
3001773,5.097646216304569
3001774,202.3018960429284
3001775,32.68817059914209
3001776,1108.883482867632
3001777,3.5133377591045645
3001778,0.6630401678052463
3001779,3.0701750161245203
3001780,0.26457527365763184
3001781,2.216969951303709
3001782,1720.3016743069613
3001783,0.0
3001784,614.4058274140459
3001785,6.6576851263949095
3001786,725.0687104510773
3001787,769.725456727224
3001788,209.55315501780976
3001789,86.31489744725201
3001790,68.45409796613286
3001791,3503.9200936169577
3001792,4.7154530738153095
3001793,4.484248964864797
3001794,12.55583875061402
3001795,41.14215215039855
3001796,0.3296490668083815
3001797,212.2894203744075
3001798,4.341954491630642
3001799,9.250552808229404
3001800,1.8943545799942978
3001801,34.160580835139626
3001802,2.3224442333228525
3001803,176.47054954743507
3001804,242.50486223956048
3001805,5.073558451518481
3001806,5.281310679282558
3001807,145.75489005433977
3001808,33.25690747066594
3001809,587.1376837593771
3001810,4.027330472356612
3001811,5.025651498325353
3001812,3.690397822222087
3001813,0.0
3001814,0.5560600183987997
3001815,1303.1433306564145
3001816,0.0
3001817,82.6447608894915
3001818,2.2917021594684264
3001819,438.4115848586111
3001820,217.06828682069374
3001821,76.77907628668821
3001822,122.17353241303559
3001823,15.107878048293326
3001824,1697.4505615334733
3001825,4.175532392750005
3001826,0.5802629673739801
3001827,12.020423436708962
3001828,7.504441522401707
3001829,0.35759662479539733
3001830,96.49410543858359
3001831,0.0
3001832,0.0
3001833,0.23599565765648658
3001834,0.0
3001835,0.6438039571964685
3001836,192.0951968713584
3001837,86.02790339425947
3001838,0.5465478248339884
3001839,1.1836330260433623
3001840,32.68331426889782
3001841,15.893794212323167
3001842,297.8596026101166
3001843,2.603792827662997
3001844,0.2126052151699719
3001845,4.204433244818743
3001846,0.0
3001847,1.4880262741325643
3001848,2651.2721010303744
3001849,0.0
3001850,412.33393108317006
3001851,5.741145175838916
3001852,640.8462896165737
3001853,619.1390153222428
3001854,194.05138420445394
3001855,121.08134586137028
3001856,49.75339045454838
3001857,3214.8697224991924
3001858,6.631732597180318
3001859,0.8975214001154588
3001860,19.021594399990573
3001861,6.6729550317333635
3001862,0.0
3001863,168.25261974657016
3001864,0.0
3001865,32.18098530276858
3001866,3.9402852842376856
3001867,28.60186441001884
3001868,0.9501096213497837
3001869,208.65960327658186
3001870,158.61625835835926
3001871,2.875406947442746
3001872,3.7151651332311966
3001873,99.89750905509047
3001874,44.916202423990114
3001875,979.1785118017037
3001876,3.1246157186462566
3001877,1.2716200101506694
3001878,4.38110999609771
3001879,0.044268315026013076
3001880,5.3987076914883305
3001881,3123.781346870623
3001882,0.10937213561901242
3001883,559.3450662719573
3001884,7.755381395762278
3001885,1058.8605852873357
3001886,940.9727413097554
3001887,167.1651957623923
3001888,142.17895121740696
3001889,135.0467263690022
3001890,3876.664288130045
3001891,64.84960401843422
3001892,2.327220964951742
3001893,21.701690560890373
3001894,28.426356728412067
3001895,0.38508234889022164
3001896,252.72263798243284
3001897,20.3328188381175
3001898,35.33630696057174
3001899,1.9431426078366147
3001900,98.86915846269581
3001901,8.711272473535011
3001902,222.74123937755607
3001903,241.70172343853878
3001904,12.986412702574068
3001905,15.218658756917144
3001906,278.9047385052946
3001907,64.20081704276835
3001908,4014.7534152645962
3001909,0.18353345405233465
3001910,13.446158907303902
3001911,5.651147562116502
3001912,0.0
3001913,3.5294830841895335
3001914,3222.244940694734
3001915,0.0
3001916,423.04615370691033
3001917,13.287660753712123
3001918,979.5475953232128
3001919,837.7530011535479
3001920,146.1945423786943
3001921,83.20285470031028
3001922,161.05836964856212
3001923,3586.113465353853
3001924,32.227078669922875
3001925,1.4099464419322467
3001926,40.73008507214116
3001927,65.71323754875615
3001928,0.18413235430487945
3001929,258.5284003609979
3001930,19.742727692394585
3001931,29.958427914420867
3001932,11.232838807859132
3001933,128.47078407788248
3001934,7.831278537959622
3001935,181.65504137896036
3001936,327.70368794800635
3001937,8.23246162534083
3001938,9.795554752951723
3001939,122.7853704786238
3001940,65.89841017190955
3001941,3193.417530299469
3001942,0.9781135321484771
3001943,14.998351397753769
3001944,6.539846119619886
3001945,0.1342576436437358
3001946,2.7118871763420227
3001947,3016.2759677478953
3001948,0.0
3001949,638.1075429966975
3001950,8.720668421349956
3001951,1247.6582122576856
3001952,654.697279913261
3001953,192.88548399157904
3001954,254.9864117428957
3001955,56.42741054569491
3001956,4871.891449470397
3001957,35.32621778398803
3001958,1.4254141845814894
3001959,3.1478569599643658
3001960,16.11961883077629
3001961,0.23249267658276
3001962,285.0061809725736
3001963,6.142650725921321
3001964,12.901405400360103
3001965,5.006853864047283
3001966,58.341292889263
3001967,4.034293042467232
3001968,85.89411356186399
3001969,221.3670438282656
3001970,6.937964019394626
3001971,7.552404800884553
3001972,197.94170276070682
3001973,45.91297785918717
3001974,1321.2860836034613
3001975,3.2227834405511167
3001976,15.88017018108718
3001977,2.758533152579526
3001978,0.09369663094540819
3001979,3.1152893847652625
3001980,2091.9496069109628
3001981,0.0
3001982,330.48366465239576
3001983,7.94661986059421
3001984,674.9943584580784
3001985,710.8348312367146
3001986,153.2219068875012
3001987,118.98730693723665
3001988,79.09958156596726
3001989,2798.9827684712122
3001990,22.86691013673741
3001991,1.3615616243763036
3001992,20.63825276001833
3001993,8.090786995203569
3001994,0.3638107824279279
3001995,189.15409370315433
3001996,14.823532181601827
3001997,25.859922303194544
3001998,1.9339816112444486
3001999,58.44282620581483
3002000,5.780599091821117
3002001,303.3254686765244
3002002,163.80156085617116
3002003,6.734416536359553
3002004,7.375609219223355
3002005,305.21333396385756
3002006,33.792487993896394
3002007,3027.2781453763832
3002008,0.0
3002009,18.824645779785808
3002010,4.2728782157707075
3002011,0.31766611013574453
3002012,1.990295013911257
3002013,4181.973089166404
3002014,0.0
3002015,364.71428388390257
3002016,11.734129136882352
3002017,1639.9765010512622
3002018,775.5799559754226
3002019,268.2725421521522
3002020,167.9980650725552
3002021,67.04266641030343
3002022,5109.979276113405
3002023,14.807115003089557
3002024,2.4891917806922446
3002025,29.85896474669305
3002026,23.324259994316105
3002027,0.18865215661631282
3002028,362.7834919193966
3002029,0.0
3002030,0.11460618717734505
3002031,10.629848512244072
3002032,4.160461697109509
3002033,1.169292830422836
3002034,131.7847592309983
3002035,284.383545841769
3002036,4.038554698444657
3002037,9.40239288328848
3002038,156.84497659378377
3002039,63.09013024894319
3002040,974.6468980034124
3002041,0.590915645513794
3002042,5.220923590655967
3002043,7.610441978558838
3002044,0.0
3002045,6.703330634280817
3002046,2776.390482267628
3002047,0.0
3002048,482.47913835313636
3002049,11.509431762220661
3002050,1299.7476106166628
3002051,718.1076770073225
3002052,217.84403762109133
3002053,138.14770087451208
3002054,129.87237136240208
3002055,4051.639398439329
3002056,37.44919301363045
3002057,1.9353069134013507
3002058,32.79837133553965
3002059,37.09395582494059
3002060,0.5247010401730632
3002061,218.33482605988786
3002062,19.885853519982582
3002063,30.326489599875817
3002064,7.622054868780585
3002065,93.06046514111102
3002066,10.385932897368562
3002067,208.23945371204337
3002068,418.6832935855107
3002069,13.166966374413777
3002070,8.95863958310918
3002071,209.03154797146814
3002072,61.88034780438351
3002073,2965.9554733896493
3002074,0.2983629653918399
3002075,7.919531456056975
3002076,3.01917234527379
3002077,0.0
3002078,4.54367871606872
3002079,2653.8325533521706
3002080,0.0
3002081,461.2277309633453
3002082,9.304149823520024
3002083,745.1374070421325
3002084,831.9469935030907
3002085,167.86707835820297
3002086,143.74715269607935
3002087,114.63244795310041
3002088,3249.900025581462
3002089,38.90077520351454
3002090,1.4548956217830462
3002091,27.654130894794942
3002092,19.56909729676158
3002093,0.14109794461020753
3002094,206.26806584893865
3002095,16.638942678474272
3002096,51.86507441070326
3002097,4.772915665750614
3002098,63.68903984406591
3002099,10.775839973894625
3002100,221.16981364580366
3002101,196.85805463728687
3002102,11.54125276949393
3002103,8.33000750798208
3002104,237.0169909256608
3002105,45.896034612738724
3002106,3445.31577013947
3002107,0.10472561236812941
3002108,16.32254533077523
3002109,3.4932916979901423
3002110,0.18674296758235867
3002111,3.018780476039638
3002112,4133.048538497124
3002113,0.0
3002114,480.1588359958743
3002115,15.779519111173533
3002116,906.0078776332793
3002117,646.1005456880818
3002118,196.24883036843949
3002119,154.30384080860594
3002120,44.689600299794826
3002121,3879.2750678728003
3002122,8.626005358978476
3002123,0.032212808879776435
3002124,9.67564631358971
3002125,14.247559195954777
3002126,0.08582132767227921
3002127,193.50099434024986
3002128,0.0
3002129,10.474722251719001
3002130,1.3462516515923308
3002131,16.399465472143678
3002132,3.125225142637306
3002133,197.2005044765046
3002134,211.557144680341
3002135,2.1840701493220784
3002136,2.353227047775717
3002137,220.62160041220181
3002138,122.07974708321795
3002139,1002.5861883779676
3002140,3.660507585052988
3002141,2.0214861611303836
3002142,14.142683863809767
3002143,0.0
3002144,14.889455686436644
3002145,8398.84583831502
3002146,0.0
3002147,1494.159885050216
3002148,30.47835695687427
3002149,2434.7162891806147
3002150,2258.4725643181246
3002151,474.39085103123864
3002152,584.5897891244783
3002153,400.6009359773649
3002154,8902.832881423117
3002155,100.79055765153002
3002156,3.8477166924610287
3002157,89.64878633616617
3002158,99.41975504323557
3002159,1.4600143218250528
3002160,589.2996698126381
3002161,30.95201114402051
3002162,22.69758692481596
3002163,19.357994881961254
3002164,331.63834681080453
3002165,24.236554879345356
3002166,725.6091389055404
3002167,403.6211541261447
3002168,33.53673451221223
3002169,30.104569651200347
3002170,917.1505191540507
3002171,255.41693910024
3002172,12697.173870894745
3002173,90.63754280149291
3002174,73.94297945739613
3002175,10.776365931732595
3002176,0.0
3002177,9.280470492911038
3002178,7539.688184055939
3002179,0.0
3002180,1094.442026455877
3002181,25.159358957813232
3002182,2098.5644276914736
3002183,1973.9851564064359
3002184,560.7570791726157
3002185,345.35910356494367
3002186,296.26521370652813
3002187,9175.511315396265
3002188,142.67232439953926
3002189,2.1735065399730464
3002190,51.842563468857215
3002191,88.09950245381603
3002192,0.9781290698831315
3002193,516.1439866165252
3002194,16.11428807210159
3002195,53.03707102099092
3002196,4.909648833655931
3002197,197.06121570436693
3002198,14.116973118221642
3002199,880.3545226778073
3002200,522.3396923744403
3002201,15.435097630013937
3002202,22.89277478832728
3002203,1067.685356539727
3002204,211.33177162443425
3002205,8073.95882268789
3002206,150.57446530012223
3002207,75.92716058130048
3002208,12.143533150129421
3002209,0.0
3002210,13.263957127561603
3002211,4483.47463735625
3002212,0.0
3002213,831.3862268976166
3002214,15.263931593026104
3002215,1748.0816771762682
3002216,1153.4746559771017
3002217,548.264891075282
3002218,116.21940334264578
3002219,185.4516155506626
3002220,7133.900329188411
3002221,37.52577624890299
3002222,2.383748309089727
3002223,28.572157327953114
3002224,25.746422955879062
3002225,0.5388607483870124
3002226,406.4033813463992
3002227,16.17427349577337
3002228,33.32768033124116
3002229,6.527977253468371
3002230,116.93729320374221
3002231,7.1284137796491605
3002232,827.8323135917593
3002233,424.5538145649826
3002234,21.416882073485095
3002235,41.722328334738656
3002236,426.4580484255027
3002237,94.28374996978008
3002238,3081.901413899501
3002239,90.10400599883413
3002240,28.55514429848603
3002241,13.758283010553216
3002242,0.0
3002243,13.725805070709214
3002244,6703.273308018801
3002245,0.0
3002246,996.1605049872742
3002247,19.9263740455987
3002248,1868.4546176920578
3002249,1868.2243136109093
3002250,571.426946906545
3002251,307.57359044859254
3002252,210.97770335281217
3002253,8589.753919095334
3002254,56.42701639233457
3002255,1.567383540511071
3002256,47.00468413389672
3002257,73.33698479045151
3002258,0.7265778636426796
3002259,491.9260743413111
3002260,19.871281738510124
3002261,46.91959463524801
3002262,8.775807174055595
3002263,177.17912570173976
3002264,10.709828651590152
3002265,719.4081396907535
3002266,476.5957988359325
3002267,18.58487439396205
3002268,18.92049837760428
3002269,846.6585421686185
3002270,154.68630988143528
3002271,7045.776227726537
3002272,119.85785081532052
3002273,53.25783946386594
3002274,10.186106498847918
3002275,0.0
3002276,13.531030235319765
3002277,3014.613770957558
3002278,0.0
3002279,582.1611076329972
3002280,15.250430261441927
3002281,1298.9620678206795
3002282,881.5468919589604
3002283,462.8474614825685
3002284,85.95137670966207
3002285,142.75321159862835
3002286,5459.95110428221
3002287,37.97144753184364
3002288,0.02906465974022421
3002289,26.476923696916675
3002290,37.05775415443643
3002291,0.6825638108286484
3002292,365.00465329429056
3002293,14.269458493954836
3002294,20.947188161044725
3002295,3.0320851692834587
3002296,102.14964725402275
3002297,3.2455614864607876
3002298,586.9459695983546
3002299,450.7209117431294
3002300,14.544401022044282
3002301,14.262525842994716
3002302,550.2269881437442
3002303,46.498700440043976
3002304,2052.5782259160687
3002305,90.13743394965147
3002306,13.825811783811263
3002307,9.608220061842431
3002308,0.0
3002309,9.871102896077769
3002310,6500.126059601829
3002311,0.0
3002312,1228.1212111738014
3002313,31.16892759739726
3002314,1891.8243960545274
3002315,2217.2488061307167
3002316,389.96709607486827
3002317,493.2986300997491
3002318,363.92926176497673
3002319,7898.718619257743
3002320,79.63704894638627
3002321,1.7784489540108557
3002322,51.63920105238922
3002323,59.744880432669035
3002324,1.9482427838756715
3002325,448.39203767700076
3002326,14.77036997698441
3002327,45.9908541094403
3002328,11.634176133945457
3002329,236.1790289318423
3002330,18.30988239669559
3002331,691.0975360051758
3002332,446.7306573962755
3002333,17.57655968895293
3002334,28.30352970565462
3002335,938.6970400139408
3002336,209.28187944249683
3002337,10838.290731977233
3002338,80.41806681544465
3002339,79.74148532553424
3002340,6.840352978367981
3002341,0.11603862956616046
3002342,3.6598894733715457
3002343,1862.1212300401157
3002344,0.0
3002345,346.74269746302645
3002346,19.51007452607435
3002347,884.9685631119801
3002348,544.0936831006095
3002349,203.68903092980224
3002350,86.10814646074418
3002351,92.97336177508639
3002352,2890.552622575359
3002353,52.804559975544265
3002354,1.0763624249015737
3002355,20.582629278310336
3002356,21.473648692630302
3002357,0.23931877430186083
3002358,208.36983625027912
3002359,13.41895702059673
3002360,15.661134602461372
3002361,10.330981659076274
3002362,49.50438377490174
3002363,6.773757536634027
3002364,226.6200160295105
3002365,222.32476855241168
3002366,2.6015567714600847
3002367,6.750543491585958
3002368,213.00958201737313
3002369,53.45447581605397
3002370,2062.403424204664
3002371,6.22598070461198
3002372,9.964419215092892
3002373,8.742807654176222
3002374,0.0
3002375,11.169465930578108
3002376,3570.8505852268827
3002377,0.016387169791374723
3002378,521.5650779165871
3002379,28.596415487331523
3002380,1394.5220938875384
3002381,996.8497691366572
3002382,381.5292081315823
3002383,95.24515959635222
3002384,114.25854584559212
3002385,5482.340848369884
3002386,115.44708826216906
3002387,1.835477081301588
3002388,45.19442295378641
3002389,58.232101861029584
3002390,0.8246032068171137
3002391,355.6485396635566
3002392,13.959475917068962
3002393,12.62187463846405
3002394,1.6094760908366503
3002395,144.656445796214
3002396,9.87376585102935
3002397,550.4679873190547
3002398,391.62282564656704
3002399,10.944073145639129
3002400,18.3599149966849
3002401,350.32124772153514
3002402,63.36260400245575
3002403,2556.382671403544
3002404,95.74844062024086
3002405,16.1302223999043
3002406,9.140934813530093
3002407,0.0
3002408,3.4797191413768527
3002409,4704.243611264748
3002410,0.0
3002411,910.5942333866407
3002412,9.229999521102368
3002413,1567.8391506840592
3002414,1757.9762208028578
3002415,256.10853400169793
3002416,387.8940597805007
3002417,250.82355114788584
3002418,5631.4237509863415
3002419,52.69470796802039
3002420,1.5708482990719455
3002421,49.19954667514751
3002422,51.44679287081934
3002423,1.3117706274150709
3002424,355.27093792851036
3002425,4.485616683960056
3002426,58.62503341154084
3002427,9.565185234000564
3002428,122.83741691375171
3002429,11.500187328783253
3002430,614.686240347682
3002431,266.37280418754824
3002432,23.398828864179045
3002433,11.448927613634046
3002434,592.8683013527475
3002435,128.6032831617611
3002436,8622.429130439232
3002437,25.02702297354158
3002438,46.26726634353371
3002439,13.000686442844938
3002440,0.0
3002441,9.495115257520816
3002442,5253.679851577193
3002443,0.0
3002444,967.9836567459138
3002445,12.852463263798724
3002446,1993.7366683243138
3002447,1397.7611689697164
3002448,415.0775142977252
3002449,255.62384254144544
3002450,384.60081985903844
3002451,7153.367096553139
3002452,67.96070926705046
3002453,3.7478075821070904
3002454,65.14685353650958
3002455,52.356688518651495
3002456,0.6703288990354368
3002457,424.9821352413964
3002458,10.083549568274668
3002459,86.1525614316959
3002460,8.493070682082648
3002461,250.28057558498458
3002462,10.764618094561193
3002463,572.1918094340014
3002464,422.39775266079704
3002465,16.411389643179533
3002466,31.07512414563342
3002467,591.4316343950285
3002468,160.5631406155939
3002469,7181.423997570629
3002470,4.996086595840807
3002471,10.491866433449953
3002472,8.712924001572077
3002473,0.16250668178384525
3002474,4.29645656153069
3002475,2311.290848789378
3002476,0.0
3002477,495.66187313535124
3002478,7.520819593400797
3002479,1079.3151159858205
3002480,573.2434426068902
3002481,226.09659624608693
3002482,98.84297512935835
3002483,109.31060414802593
3002484,3340.318551870379
3002485,18.490728093826654
3002486,2.494573187472186
3002487,29.914793785839528
3002488,29.901923713475977
3002489,0.37078867318974745
3002490,201.08640272899726
3002491,5.65273064694107
3002492,23.651391146822835
3002493,5.179273097705388
3002494,76.95313965608165
3002495,5.421846975811044
3002496,261.65787470749314
3002497,227.37755448233662
3002498,6.8678292436993456
3002499,6.266469992750381
3002500,193.73455004988162
3002501,101.15534843275867
3002502,3324.4268537808284
3002503,7.515748796967453
3002504,3.4347156213930514
3002505,6.568333119814031
3002506,0.0
3002507,1.7909259174824737
3002508,3411.814530253551
3002509,0.0
3002510,202.62067451285225
3002511,2.610305299666788
3002512,900.955000017176
3002513,239.9287337538497
3002514,206.37285641637618
3002515,55.613115606928744
3002516,29.134244155029133
3002517,3583.549842040268
3002518,8.033303187263153
3002519,0.6855689840941458
3002520,21.9844579130748
3002521,12.862510018903661
3002522,0.01921991037427105
3002523,179.6889030319298
3002524,0.0
3002525,0.0
3002526,3.941654147212422
3002527,29.964007628597336
3002528,1.006241674929799
3002529,53.206942241474486
3002530,142.80536137245642
3002531,0.0
3002532,2.087180951743666
3002533,63.552701294171385
3002534,86.86239768090233
3002535,590.4162421418288
3002536,1.5326361786452147
3002537,4.027646439767126
3002538,4.197948906830616
3002539,0.12470054615437876
3002540,4.641866526304372
3002541,2892.4981563212377
3002542,0.0
3002543,496.17066567563313
3002544,9.745297260827622
3002545,1030.9862566247382
3002546,874.1634198013121
3002547,286.0086369108964
3002548,166.32219880249883
3002549,122.11070510630636
3002550,4194.174559838363
3002551,47.61623484343057
3002552,0.7146250697484182
3002553,27.420226091228333
3002554,42.00799250364705
3002555,0.21116818199139403
3002556,273.0907738510982
3002557,17.82006744464533
3002558,20.06850942783696
3002559,10.73221626126557
3002560,81.17863571495361
3002561,6.740280263791361
3002562,373.5035308713234
3002563,244.10573801021914
3002564,9.12672270099736
3002565,12.962743529289941
3002566,421.0289027203281
3002567,65.45234992527992
3002568,3513.631761893847
3002569,0.0
3002570,27.434262768429814
3002571,4.682630510853414
3002572,0.0
3002573,6.003763106804125
3002574,4209.433732698861
3002575,0.14299601893484926
3002576,748.4878059296381
3002577,15.534104484946177
3002578,1232.7121982397532
3002579,1474.8483036272419
3002580,196.11355437590345
3002581,315.2217693897958
3002582,234.1494994301183
3002583,4441.945548375724
3002584,55.376011021438956
3002585,3.610323386184711
3002586,32.5835370419324
3002587,45.488143897453284
3002588,1.276990122525973
3002589,263.91004036915444
3002590,16.93233100773329
3002591,54.965722755331484
3002592,6.072692178531165
3002593,152.38699413768
3002594,14.220033823115404
3002595,476.81822625116007
3002596,254.55007464937037
3002597,9.237575682716365
3002598,11.792864036050693
3002599,697.2271076044997
3002600,129.12194954429282
3002601,7583.771074994165
3002602,0.4663958967796383
3002603,50.39731662163415
3002604,5.991912967529348
3002605,0.3414707737236877
3002606,7.371404772433115
3002607,4199.202419327405
3002608,0.0
3002609,813.1673137197953
3002610,22.577133637182722
3002611,1227.9723573504605
3002612,1421.105917041718
3002613,253.5007913546005
3002614,322.35349154356385
3002615,165.5664204407241
3002616,4836.39886130477
3002617,44.044034018685316
3002618,4.387416204148781
3002619,48.98656167641233
3002620,52.16409614834959
3002621,0.9190027980833634
3002622,310.96008143146645
3002623,26.55613484998533
3002624,54.47275847084287
3002625,17.06707166614205
3002626,139.21783083470223
3002627,17.89042100830799
3002628,384.6492108781358
3002629,290.7053075905684
3002630,16.34059129835016
3002631,25.572058032132272
3002632,546.9568294610596
3002633,125.3403502342414
3002634,6758.893275502568
3002635,0.16604193666465714
3002636,39.194950887774375
3002637,12.486504378795747
3002638,0.05219986377028496
3002639,6.038324641529802
3002640,2266.574016717005
3002641,0.0
3002642,458.5753503408514
3002643,17.78041243090492
3002644,1186.77060208157
3002645,766.8466774123078
3002646,424.97310997074806
3002647,163.21715945719282
3002648,82.23692840680367
3002649,4952.381151262557
3002650,14.441683163587133
3002651,1.6527445901245654
3002652,4.42550861180552
3002653,34.04633129655722
3002654,0.22853255996117341
3002655,319.4216154907193
3002656,11.51298447832504
3002657,10.828192350005672
3002658,4.268696976006081
3002659,38.13243394356153
3002660,3.476538284711985
3002661,312.81695749803873
3002662,314.5265126689705
3002663,7.657268775025175
3002664,6.890088391618381
3002665,305.78573074822674
3002666,101.71927833535082
3002667,1123.404850098094
3002668,36.90287739608428
3002669,17.036805893529383
3002670,4.231961630627663
3002671,0.0
3002672,2.9257683206139804
3002673,2095.0996549780853
3002674,0.08564576110928145
3002675,349.41022958213233
3002676,20.3954359559284
3002677,667.7367918232372
3002678,680.1485333471952
3002679,120.42653846390391
3002680,128.29910688239698
3002681,137.39355204443032
3002682,2615.871127305416
3002683,31.701270395550015
3002684,2.592174948569483
3002685,36.315601418207436
3002686,23.871925412031285
3002687,1.0050677378674968
3002688,165.42891649479654
3002689,11.776012668106002
3002690,15.276721568447643
3002691,9.186184662820635
3002692,93.79966357984506
3002693,5.7554656307032745
3002694,289.3449562281385
3002695,127.38888061103584
3002696,4.564791029359156
3002697,9.209531080310752
3002698,287.44103388702916
3002699,63.78347630991355
3002700,2186.6536669363245
3002701,0.06660370614860163
3002702,24.59892303818746
3002703,1.3527619966958813
3002704,0.0
3002705,1.935440805107933
3002706,1018.9947921277198
3002707,0.0
3002708,80.44404388992592
3002709,2.6320525188223747
3002710,610.4750172117516
3002711,214.10149035567954
3002712,186.12221937710464
3002713,23.929388641362802
3002714,30.25181380938573
3002715,2064.5523289116154
3002716,5.392351205699604
3002717,0.39990135787424885
3002718,11.489280730991611
3002719,6.057692152833357
3002720,0.2159934747833092
3002721,135.30158623057594
3002722,0.13767226536394395
3002723,0.0
3002724,0.6839363613041913
3002725,10.927609958302329
3002726,0.32902187034979
3002727,199.23869952187272
3002728,127.1931048364696
3002729,0.35400983322424445
3002730,2.826943691124499
3002731,114.48969023473596
3002732,18.660928225478628
3002733,197.92875752807382
3002734,0.7097508813259109
3002735,1.1169609910038731
3002736,5.077231811522808
3002737,0.20761243999632653
3002738,2.2765821683959757
3002739,3649.780837009991
3002740,0.0
3002741,649.9817189996731
3002742,14.608567100026796
3002743,1325.304419593558
3002744,521.4036205745226
3002745,437.0753697424731
3002746,187.09884562886015
3002747,68.8547340690794
3002748,5976.5498509781755
3002749,30.954383627807314
3002750,0.9589873997266084
3002751,12.465769485355155
3002752,17.627655966794876
3002753,0.5513426807919951
3002754,406.6862177059292
3002755,8.661140574067291
3002756,2.819043686063986
3002757,10.389697876584911
3002758,61.982825999029544
3002759,3.407876863166678
3002760,884.8022190963254
3002761,276.2078788996942
3002762,1.6750469966345871
3002763,14.114564293303774
3002764,252.22258605031644
3002765,101.03807308639115
3002766,997.4841527682611
3002767,8.461770161359246
3002768,4.527472717740896
3002769,3.410502490089163
3002770,0.114826313280189
3002771,1.0085538150280602
3002772,1403.249320463426
3002773,0.0
3002774,160.8153058685365
3002775,10.412275980241622
3002776,691.3171969526204
3002777,372.29023290488846
3002778,191.12535471877877
3002779,51.05508695966473
3002780,36.66594181735029
3002781,2496.954074646861
3002782,9.389281023963543
3002783,0.22725245749145417
3002784,16.4643080564021
3002785,18.099173510555904
3002786,0.11981264571552759
3002787,134.9778062771643
3002788,9.621546788882323
3002789,0.0
3002790,5.210999918786247
3002791,42.88795884661762
3002792,1.3147129899752432
3002793,241.98287895104312
3002794,128.73155585143982
3002795,1.6662348445831676
3002796,4.902743353845534
3002797,153.9785799646277
3002798,35.56822281595222
3002799,333.30620907062684
3002800,1.277878737570984
3002801,4.376942476039591
3002802,2.5810973115507228
3002803,0.0
3002804,3.983773927181709
3002805,1268.1289837483178
3002806,0.0
3002807,99.51837173704646
3002808,4.925059010344944
3002809,637.916519787108
3002810,212.63393154512224
3002811,99.96468506474768
3002812,27.537949338795883
3002813,27.860747640536523
3002814,2268.5656433553872
3002815,11.138681713933309
3002816,0.02470166563923101
3002817,13.74804447237472
3002818,7.154254676044863
3002819,0.06041410520248913
3002820,101.48463984925914
3002821,1.759412073428473
3002822,0.0
3002823,3.1688315619293532
3002824,41.058286118544395
3002825,1.0100985644750573
3002826,175.20025546983388
3002827,104.12914160068406
3002828,0.6622498479308505
3002829,4.6881791418473675
3002830,95.37606507553515
3002831,14.723367558393244
3002832,163.0308836965346
3002833,0.9602357769001082
3002834,1.6466076949751927
3002835,2.2377062221621506
3002836,0.0
3002837,2.792096711602877
3002838,1187.524092478352
3002839,0.0
3002840,124.55911099917958
3002841,9.062445986477858
3002842,1236.148564909384
3002843,317.8455581658131
3002844,235.36892181953155
3002845,28.150529237915013
3002846,44.88002430708193
3002847,2313.81009591485
3002848,14.275265156175967
3002849,0.629384470709156
3002850,22.11256480371534
3002851,17.765334592117956
3002852,0.15711519890428494
3002853,147.8892945801218
3002854,2.7145524948174478
3002855,0.0
3002856,3.0060102192322877
3002857,16.03242367178388
3002858,2.4108876404805435
3002859,381.8522181219991
3002860,175.99504849693665
3002861,1.4119032051281801
3002862,3.117729464206918
3002863,61.44686067734494
3002864,87.19500109990234
3002865,369.82486995086606
3002866,1.21133636288632
3002867,4.511831967422026
3002868,3.211243266534597
3002869,0.237061128149826
3002870,3.7595583742583245
3002871,1500.3432450475393
3002872,0.0
3002873,151.32972098144583
3002874,3.342892319511667
3002875,742.2806998378151
3002876,313.27701417185943
3002877,249.60445736195564
3002878,79.55382903416002
3002879,63.46995488743652
3002880,2434.465341232253
3002881,10.966203308190659
3002882,1.164515103623861
3002883,10.354153653730705
3002884,14.781028648428412
3002885,0.09348248257617525
3002886,175.45698112271114
3002887,9.529124760411118
3002888,0.0
3002889,3.0142959344064257
3002890,22.147181440713727
3002891,1.4822695440461562
3002892,154.09547400582545
3002893,155.30899469963464
3002894,0.8425744008601402
3002895,3.458443510711778
3002896,107.90449540267792
3002897,41.53987315579833
3002898,538.6362164213112
3002899,0.7009542916045989
3002900,6.027904668639581
3002901,3.0606734377859937
3002902,0.15395728881226708
3002903,1.472339364030931
3002904,1004.9252322570633
3002905,0.0
3002906,122.3100020945684
3002907,5.442560972629718
3002908,1032.3141410178969
3002909,187.23628637809006
3002910,132.63049772828924
3002911,120.32806226371775
3002912,27.885255143125512
3002913,1702.2368809579398
3002914,8.087298954472878
3002915,0.569632936645458
3002916,8.08678485731995
3002917,13.587067856910835
3002918,0.08910124008211541
3002919,128.2477742829617
3002920,0.0
3002921,0.0
3002922,2.1201944846315253
3002923,42.85952369890524
3002924,1.3908113913224176
3002925,48.364467973142915
3002926,102.6343730974968
3002927,0.5017603440527597
3002928,3.2966605838445235
3002929,56.002837788586994
3002930,28.17563307152409
3002931,421.1686928394418
3002932,2.091432722169337
3002933,1.1073596007963569
3002934,7.475365405740207
3002935,0.8396433599008976
3002936,2.8396793555213296
3002937,2194.3789703447383
3002938,0.0
3002939,231.79062464487686
3002940,5.816920836464834
3002941,717.8409371355721
3002942,534.0142418092557
3002943,390.02086798676794
3002944,137.0264427263444
3002945,84.92488876437909
3002946,3104.119212341443
3002947,11.57319221995558
3002948,0.7501025074026164
3002949,14.176754708702909
3002950,11.311189400281608
3002951,0.4117593386518812
3002952,203.4030918868399
3002953,2.6100160659025655
3002954,0.0
3002955,6.795303254979487
3002956,36.43288745110512
3002957,3.144531883437436
3002958,284.67212899888585
3002959,173.96312489739643
3002960,1.8625633936868786
3002961,5.1905681247325255
3002962,274.3026929502849
3002963,40.68905925307652
3002964,1037.9364042788757
3002965,2.8664922076504973
3002966,12.608810464888165
3002967,2.7432804111276794
3002968,0.21712904519742457
3002969,3.0450484930112034
3002970,1590.4995988403616
3002971,0.0
3002972,520.1483528306032
3002973,7.339651150572345
3002974,427.93418218677266
3002975,484.86822497803416
3002976,163.5983782870264
3002977,113.72882389896684
3002978,47.787024087983
3002979,2261.3414396335625
3002980,10.425197789071735
3002981,0.7270680039758654
3002982,6.3071650416694105
3002983,10.225147336577791
3002984,0.5867492723483089
3002985,152.03393776345925
3002986,8.588001241478427
3002987,7.229078181463738
3002988,2.3429188307488116
3002989,74.74981664134712
3002990,1.4488032511326878
3002991,272.4629737754788
3002992,106.9091332005973
3002993,3.87677941313639
3002994,3.9375743698288406
3002995,142.47763722251565
3002996,51.739576860200465
3002997,1250.8992192440344
3002998,11.126934459391272
3002999,8.282177999380195
3003000,3.9831626198641836
3003001,0.30785370801439893
3003002,2.3945241937421176
3003003,1755.3148491130364
3003004,0.0
3003005,135.13982074320353
3003006,6.416756659014479
3003007,607.4673562548647
3003008,249.98394578301856
3003009,215.0527523982485
3003010,54.167489858949565
3003011,36.9371513858541
3003012,2581.2734882204863
3003013,26.5860109185715
3003014,1.2733362035422686
3003015,24.508926947185863
3003016,10.06372288297637
3003017,0.1553949200512221
3003018,121.53027084549244
3003019,3.2008799769229848
3003020,0.0
3003021,2.016988570653969
3003022,29.342080559663902
3003023,1.5933115295195712
3003024,132.25296280412985
3003025,106.90064011333652
3003026,1.047267315950145
3003027,3.612570375674929
3003028,205.53027917646548
3003029,22.241917779167533
3003030,356.3596639401279
3003031,1.1365146398233612
3003032,3.711534027338745
3003033,5.204333711385318
3003034,0.0
3003035,5.536717431531723
3003036,2296.7597415996647
3003037,0.0
3003038,522.5839261039245
3003039,9.71304849845747
3003040,737.4918394134858
3003041,644.5119344419362
3003042,159.60972031376951
3003043,136.6123522728173
3003044,78.57426254720917
3003045,3085.5630793256582
3003046,41.254284543482605
3003047,1.2970759988866103
3003048,24.047534861117754
3003049,34.26788444932019
3003050,0.17314143962013556
3003051,185.07509938796937
3003052,15.842187926103614
3003053,13.219439129779243
3003054,5.447689037345014
3003055,85.28425052503893
3003056,6.843105908433532
3003057,386.9892155637034
3003058,163.52364721473546
3003059,8.286182531113974
3003060,7.418833707971231
3003061,331.1885697415185
3003062,75.98828511174833
3003063,1705.4957114215442
3003064,0.0
3003065,26.00360100001772
3003066,7.0652957560366865
3003067,0.22291350890625128
3003068,3.2472852492999498
3003069,2620.88276487219
3003070,0.0
3003071,359.4951919068577
3003072,6.07665210192191
3003073,1196.1111615130924
3003074,524.9846789467836
3003075,498.31713389951625
3003076,75.75919658700072
3003077,53.917171253191086
3003078,4333.150937746428
3003079,17.045920809537524
3003080,0.7611579502768464
3003081,4.143040179523441
3003082,13.94549813851449
3003083,0.15602295702425115
3003084,282.92607184296327
3003085,0.6732938709049754
3003086,5.473799335586627
3003087,4.105177914774312
3003088,45.48297588671243
3003089,1.260781787135998
3003090,661.5877892895693
3003091,217.8806950465837
3003092,3.680976564598807
3003093,3.6129904376464608
3003094,226.72799004653098
3003095,31.2842831142559
3003096,699.4377802632314
3003097,13.579710122108358
3003098,11.082902342342473
3003099,9.334650215646484
3003100,0.0
3003101,3.073343781641746
3003102,2162.028664618515
3003103,0.0
3003104,335.78838765769524
3003105,4.942360820495292
3003106,1546.3856109403062
3003107,422.33147573284816
3003108,246.71300607821394
3003109,210.13284471471817
3003110,85.24180516369817
3003111,2907.6405894280324
3003112,14.741851225949638
3003113,0.6394977919964921
3003114,28.175362271753457
3003115,22.5647325143327
3003116,0.17365628894475366
3003117,234.75157073963584
3003118,5.627447710806173
3003119,3.1403199038328533
3003120,9.525337314755294
3003121,73.90552790629437
3003122,1.1940933144488792
3003123,119.1949247185811
3003124,188.01543454249182
3003125,2.167869274819742
3003126,2.5466594864168095
3003127,130.307296090797
3003128,139.1596394886191
3003129,1000.7275180277325
3003130,6.577636568447924
3003131,6.382647318734559
3003132,4.927686884524074
3003133,0.06382586309088105
3003134,2.6977073434593284
3003135,1447.615250496794
3003136,0.0
3003137,116.1272879384612
3003138,6.864944718602414
3003139,509.2342637205687
3003140,281.383946111059
3003141,122.82260699805474
3003142,49.74575260617374
3003143,57.54551890104287
3003144,2277.921493769969
3003145,10.693239289345517
3003146,0.32067543215254357
3003147,17.098140609323725
3003148,13.609074057257615
3003149,0.0
3003150,131.60122447210244
3003151,2.183535369961631
3003152,0.0
3003153,2.482822991923847
3003154,61.58094022469884
3003155,2.5376313647364688
3003156,107.34166200611133
3003157,111.73807753952843
3003158,1.1702075244278558
3003159,4.209033186148304
3003160,129.7579486754099
3003161,26.49533942667918
3003162,408.3950062749957
3003163,1.0431254559995147
3003164,3.4806779714794427
3003165,1.5477964027568385
3003166,0.0
3003167,0.7874862253785727
3003168,1238.7563887657725
3003169,0.0
3003170,233.35228271618226
3003171,14.554820833812398
3003172,459.38850108140707
3003173,428.0380984488975
3003174,113.36420310083595
3003175,44.86841969537454
3003176,69.86662271630381
3003177,1919.4477075808065
3003178,31.186562442083236
3003179,0.5394851092548459
3003180,13.0240871847051
3003181,9.53129922275238
3003182,0.19745314891142235
3003183,101.32659965154129
3003184,10.759792106688074
3003185,3.463225178445138
3003186,1.9075005920467705
3003187,51.67316921004396
3003188,3.7113129370467366
3003189,876.5491558972783
3003190,120.95587129813647
3003191,3.4602332058652983
3003192,5.157783893853461
3003193,234.35969251058305
3003194,26.998450374842232
3003195,978.6349223800605
3003196,0.0
3003197,4.694658060681185
3003198,3.5247199722219364
3003199,0.16558935125017984
3003200,2.7348197264174794
3003201,3114.19397589645
3003202,0.0
3003203,654.1995577199807
3003204,15.484745078815376
3003205,1029.0934833808865
3003206,1127.476324536724
3003207,243.49823233361394
3003208,209.54974766263436
3003209,159.21628438364837
3003210,4047.8881764392863
3003211,35.787455773805966
3003212,0.8844600489664999
3003213,24.43418811529902
3003214,38.89385851948388
3003215,0.10822623110390199
3003216,237.92434185830865
3003217,12.359138515923568
3003218,30.466168887482546
3003219,8.375317411910514
3003220,93.59720416593404
3003221,11.540552954661003
3003222,341.02238964413306
3003223,231.09408511031222
3003224,13.425027057187183
3003225,7.829283512535947
3003226,468.16658181812505
3003227,99.71112381092772
3003228,3091.013602907461
3003229,1.1885346124631397
3003230,18.924701303557658
3003231,3.153441522938182
3003232,0.16143779195043104
3003233,2.379095962335117
3003234,1220.385595441951
3003235,0.0
3003236,235.73199756202928
3003237,4.958552960410038
3003238,252.228183425197
3003239,339.3761410903329
3003240,89.45331126176751
3003241,81.23912157269356
3003242,0.0
3003243,1222.0396206801531
3003244,13.019084938430954
3003245,0.0320476901051284
3003246,5.900179141621051
3003247,14.767428040961533
3003248,0.442926203826307
3003249,61.110497115532596
3003250,0.0
3003251,18.79801775964127
3003252,0.46598356800264956
3003253,42.34573311962601
3003254,4.273941520593282
3003255,137.4772644591272
3003256,67.67274407956072
3003257,4.378808562155397
3003258,4.548057060823921
3003259,119.55113231698878
3003260,19.015230279485586
3003261,839.843457804519
3003262,2.233346522537887
3003263,1.3118470836767024
3003264,3.0158845249392963
3003265,0.0
3003266,0.27091289674795904
3003267,1031.6293526663114
3003268,0.0
3003269,176.14560258304508
3003270,4.454053313724548
3003271,374.3725859631386
3003272,219.53825891071
3003273,70.31812325278446
3003274,26.300113513868418
3003275,29.70731720906764
3003276,1521.3375388794154
3003277,13.13617988319804
3003278,0.4768816275047177
3003279,8.269924985133589
3003280,9.88556042055193
3003281,0.5068030281714528
3003282,73.56105932082045
3003283,0.0
3003284,7.77007135803275
3003285,0.9363467623993238
3003286,22.40825027227571
3003287,0.44558420447885666
3003288,235.15138185223813
3003289,145.91607078584371
3003290,2.4242100403976945
3003291,1.5105462293731544
3003292,124.01417091258196
3003293,17.098577156564193
3003294,343.2695725632287
3003295,2.150250191670368
3003296,1.1395294486480727
3003297,4.477841539699611
3003298,0.11971663690918297
3003299,0.8224251239346665
3003300,2435.6959048859244
3003301,0.0
3003302,450.9331918602415
3003303,15.514075480942218
3003304,687.3879219106702
3003305,730.6234714392779
3003306,248.82507787717384
3003307,190.9027906998866
3003308,85.9213113884239
3003309,3089.9461974449955
3003310,22.235930471295013
3003311,3.037514003066571
3003312,19.188556356401374
3003313,22.249013141521985
3003314,0.6256897004064002
3003315,181.89963872619225
3003316,5.585881399477415
3003317,33.87885011481677
3003318,7.375808716633149
3003319,107.9608043478371
3003320,4.332483964067884
3003321,228.1978101156149
3003322,178.1668045897109
3003323,8.513575665450718
3003324,4.805798983382981
3003325,291.8832772687701
3003326,49.83163708917015
3003327,1949.6149485757683
3003328,4.557638063127878
3003329,9.30080346946747
3003330,6.867165829810887
3003331,0.0
3003332,2.4803887586216162
3003333,2650.3932795830956
3003334,0.0
3003335,531.5235775755917
3003336,15.290928494605097
3003337,998.0443806871073
3003338,699.7472123773247
3003339,327.2112916260189
3003340,238.36415216721582
3003341,48.76456843998586
3003342,4135.2940242002205
3003343,13.75967519954522
3003344,0.8246653674199023
3003345,36.84161010175399
3003346,19.037961202925487
3003347,1.1768927331946073
3003348,247.7116768400266
3003349,0.0
3003350,5.341456591083882
3003351,6.555151567831685
3003352,65.21296549740926
3003353,0.8053205788212234
3003354,352.7877237401921
3003355,276.9656201032363
3003356,4.694070947691919
3003357,3.7531602186062205
3003358,196.865723258352
3003359,73.46435615066872
3003360,1205.2003665749946
3003361,3.661401819505042
3003362,1.8695646753663726
3003363,4.3220941078861514
3003364,0.0
3003365,1.5866983721379844
3003366,2408.181974484032
3003367,0.0
3003368,518.8213619359826
3003369,13.435776734442655
3003370,806.5384344825202
3003371,580.6914133084107
3003372,245.22392655403286
3003373,196.4584150137511
3003374,53.389401827056574
3003375,3403.461198119122
3003376,16.415977202863992
3003377,1.2009678030354412
3003378,28.352639832420188
3003379,13.41623831275909
3003380,0.20381789873405662
3003381,224.15808285094468
3003382,0.0
3003383,7.682776184319239
3003384,5.75407655592501
3003385,112.83512609830517
3003386,1.501239150532552
3003387,143.49502816832526
3003388,218.98503305277706
3003389,3.428421671570472
3003390,3.6330088907339557
3003391,159.24896217727243
3003392,54.30617630227363
3003393,849.6516761082866
3003394,2.666016790949458
3003395,4.773701767783524
3003396,7.806119747818876
3003397,1.0533033364836135
3003398,9.210218868507283
3003399,6432.879324039584
3003400,0.0
3003401,961.2675306636183
3003402,73.38550288455136
3003403,1469.4170320001363
3003404,1610.0577765039463
3003405,290.49301839729657
3003406,397.27493636030096
3003407,280.348964125582
3003408,6239.165936950496
3003409,74.0851828288888
3003410,2.668448289472893
3003411,45.59584986140235
3003412,44.041949695162025
3003413,0.0
3003414,348.84529812733143
3003415,23.179801513976553
3003416,49.048021756078285
3003417,16.883207908158003
3003418,229.76051735581726
3003419,28.27688506475676
3003420,563.7745491730121
3003421,306.25665609305327
3003422,13.05897345719732
3003423,19.282088100058832
3003424,795.6641588507182
3003425,183.74487523510575
3003426,5765.416483372973
3003427,1.162367012923997
3003428,66.08417622593029
3003429,4.07806344253098
3003430,0.25463314304489404
3003431,1.0638160944574806
3003432,1449.5299756536929
3003433,0.0
3003434,153.59730939895192
3003435,5.242246367367653
3003436,857.8452587735682
3003437,259.14454297064566
3003438,99.21911430192554
3003439,138.10891742927444
3003440,46.541926860810314
3003441,2578.926510113929
3003442,6.22094335861332
3003443,0.6038702681343153
3003444,17.929804449639914
3003445,8.534693697511965
3003446,0.3955684512389727
3003447,164.80369444891753
3003448,0.18485815504503583
3003449,0.0
3003450,3.910793758446924
3003451,74.49799226121284
3003452,0.38256126113055966
3003453,159.7911479468931
3003454,92.18220978878377
3003455,2.327517504863749
3003456,6.012160686980499
3003457,111.91491365139257
3003458,23.46566712357502
3003459,550.0790595283971
3003460,3.204170385596513
3003461,4.835982719634887
3003462,7.187208908674634
3003463,0.35006345207364253
3003464,2.503369848381516
3003465,2852.7659084673282
3003466,0.0
3003467,462.2413092518836
3003468,11.16365823365783
3003469,1022.1413765611118
3003470,534.0271422063445
3003471,206.3058396271123
3003472,279.29804911766075
3003473,81.08094993841813
3003474,3838.732591756088
3003475,13.077999155663177
3003476,0.34636365054770074
3003477,23.809022245046844
3003478,17.83169533437976
3003479,0.3626730581658
3003480,246.41319248896536
3003481,2.3675984093171616
3003482,4.494187153410365
3003483,9.060928212223136
3003484,19.530681081647952
3003485,1.3221999691516941
3003486,655.6058835448399
3003487,210.19936999295803
3003488,3.8215601473226513
3003489,6.211398662100613
3003490,158.08908205774594
3003491,54.86641603386483
3003492,1191.8059876448724
3003493,10.314041372142702
3003494,4.074171532558387
3003495,2.037690157487172
3003496,0.0
3003497,0.7944278920414594
3003498,672.3313413410802
3003499,0.0
3003500,123.52826078456924
3003501,2.9967145251916145
3003502,1201.4534569643192
3003503,152.14239405664804
3003504,95.34694858575374
3003505,212.11734685685323
3003506,15.908006470558648
3003507,1218.4166254670306
3003508,2.521131097053576
3003509,0.36451085435213276
3003510,9.165334034192444
3003511,2.5892988341548437
3003512,0.06731432320578298
3003513,88.51905704446271
3003514,0.0
3003515,0.0
3003516,0.9760303255213469
3003517,16.299442643910357
3003518,0.14010166256563428
3003519,124.15040890594636
3003520,60.03453974907277
3003521,0.8707572114917808
3003522,1.4117655790979828
3003523,53.36134923893545
3003524,9.009309204242863
3003525,179.6568922689046
3003526,3.46939041017617
3003527,1.9459623207968304
3003528,8.917224368998887
3003529,0.0
3003530,3.213111077980827
3003531,1574.1546494510524
3003532,0.0
3003533,190.03756343678455
3003534,13.13121730313113
3003535,806.8312705901823
3003536,314.7769443725343
3003537,152.9596839022607
3003538,141.46158986824614
3003539,55.42187854973029
3003540,2424.2151034890176
3003541,4.5310194309079925
3003542,0.5946903809108021
3003543,20.569223097131072
3003544,12.859386966636244
3003545,0.5228965164294369
3003546,166.19121766665958
3003547,0.0
3003548,0.0
3003549,14.105750565419607
3003550,21.75869228551145
3003551,0.8156128900258589
3003552,394.58825555131216
3003553,157.9102531985677
3003554,1.9430221426502285
3003555,4.952266545810788
3003556,211.22645155386792
3003557,30.94715539350561
3003558,1087.8528191548216
3003559,4.7575507914204715
3003560,1.8279187981063931
3003561,2.7896962509287264
3003562,0.12490856846819633
3003563,2.4931843107476315
3003564,1840.666976051607
3003565,0.0
3003566,611.3211389058503
3003567,8.254191262259027
3003568,783.8659885089414
3003569,547.3178178034153
3003570,211.46093001110722
3003571,94.5933640258226
3003572,68.10565950415281
3003573,3702.2367219540706
3003574,5.497432724809921
3003575,6.104272361588112
3003576,0.0
3003577,40.51319506616291
3003578,0.4823119900139315
3003579,208.9772712269628
3003580,4.102041963960049
3003581,5.081449833313904
3003582,3.6055796592621907
3003583,32.95126636791686
3003584,2.328607936198285
3003585,249.30961185651375
3003586,230.3554371434212
3003587,5.983411593774463
3003588,5.3301729805440035
3003589,142.37011378264265
3003590,37.39825920742915
3003591,584.4286364274518
3003592,2.5659072585004203
3003593,4.7939767176361325
3003594,4.250652155617603
3003595,0.0
3003596,0.4937330558293533
3003597,1223.3223230005124
3003598,0.0
3003599,89.04594008962904
3003600,1.7198065518570096
3003601,434.32423529854555
3003602,164.84097666260922
3003603,78.83444297595118
3003604,134.90357049503373
3003605,14.430815383786888
3003606,1675.2840452483058
3003607,3.1457290663371174
3003608,0.32436903285997387
3003609,13.249048965669532
3003610,6.746662574773276
3003611,0.23465378645083204
3003612,92.30992936518356
3003613,0.0
3003614,0.0
3003615,0.6478298107941017
3003616,2.646597214949195
3003617,0.78468740434029
3003618,352.9073036573911
3003619,83.41748168144471
3003620,0.6605686589005567
3003621,1.209015641097757
3003622,70.02030834638164
3003623,13.918607200991445
3003624,332.7656236812272
3003625,3.6282666228081406
3003626,0.14127261802221416
3003627,4.183693206007056
3003628,0.026742416808738366
3003629,1.7306030228646918
3003630,2623.945889656894
3003631,0.0
3003632,415.1995382854864
3003633,9.335867369508291
3003634,698.5272394542973
3003635,463.7188288165399
3003636,179.51185157877583
3003637,151.62915912048865
3003638,58.07189219033144
3003639,3199.0121532476987
3003640,6.671100545479252
3003641,0.437572863128294
3003642,14.424287177147642
3003643,7.529441074948716
3003644,0.0
3003645,169.46355623459132
3003646,0.0
3003647,33.74767731644146
3003648,2.942882616762743
3003649,21.793891215132703
3003650,0.853520063441902
3003651,397.8942042994226
3003652,182.5277397378737
3003653,3.1373091137281186
3003654,2.2629401344576383
3003655,115.21456137723298
3003656,41.2175471979028
3003657,994.2922875458986
3003658,8.605385883384091
3003659,1.1737013589364713
3003660,3.664725875821564
3003661,0.0
3003662,4.85936024522111
3003663,2641.6303825342507
3003664,0.14121967243555453
3003665,484.97037805534654
3003666,9.294197139873226
3003667,863.8100253937058
3003668,797.8990086459117
3003669,154.63773994613317
3003670,124.52343372241982
3003671,129.2073557217139
3003672,3359.1888148115227
3003673,60.28811785852078
3003674,1.9832856159110168
3003675,17.813371156064946
3003676,25.023354258810837
3003677,0.0873257491550509
3003678,208.89930445772399
3003679,16.477051386218356
3003680,20.20621952735824
3003681,2.454413831438818
3003682,100.26870199423297
3003683,10.222475867582453
3003684,214.74355726377527
3003685,187.96719540609217
3003686,11.625267172091839
3003687,13.968015770420783
3003688,238.22111136083447
3003689,60.17407911608681
3003690,2210.116796019086
3003691,0.33502480971900334
3003692,11.724377711548414
3003693,5.647916060531861
3003694,0.0
3003695,2.562848263299717
3003696,2881.313177486714
3003697,0.0
3003698,319.546968281605
3003699,16.357167028188005
3003700,745.7592679228912
3003701,613.3500513591146
3003702,124.65051992128656
3003703,65.45912752255315
3003704,102.0576027505967
3003705,2912.963474552986
3003706,25.92984530537755
3003707,1.6090946813772278
3003708,40.650127195692185
3003709,66.63384062619402
3003710,0.1306487715898714
3003711,215.93211640575976
3003712,14.143290750565852
3003713,18.308994487687166
3003714,11.548489052482852
3003715,106.12158632509733
3003716,8.702903437536996
3003717,123.32195563605111
3003718,203.9399240567342
3003719,5.752271166421201
3003720,9.898537087070455
3003721,81.27216341513154
3003722,49.947882990218936
3003723,1505.3441341518408
3003724,0.5693765332200108
3003725,16.225920432735478
3003726,8.312490844462323
3003727,0.07703524497316121
3003728,2.855140048405926
3003729,2823.699984908488
3003730,0.0
3003731,648.6032423390566
3003732,10.906189554686314
3003733,1467.2047214928186
3003734,539.9855873621204
3003735,180.94668511962794
3003736,206.1912468432706
3003737,55.92722218696829
3003738,4281.39533495674
3003739,36.30318845344397
3003740,1.1332239943220452
3003741,5.486421871454467
3003742,13.335138113613322
3003743,0.35686704605134406
3003744,304.78478053285403
3003745,6.27537273389916
3003746,12.80369970122145
3003747,6.28649340489577
3003748,65.64486644815791
3003749,3.7384756307600373
3003750,174.55247602928685
3003751,215.6113203908874
3003752,7.847600110697296
3003753,7.613510949284846
3003754,223.47043943864477
3003755,46.9889515176268
3003756,1361.2393275015722
3003757,3.346781968205187
3003758,12.94551785820586
3003759,2.650216558146859
3003760,0.09772070266140162
3003761,2.25201343442323
3003762,1652.6693490292441
3003763,0.0
3003764,257.7622383590568
3003765,8.474933509500568
3003766,550.1215001038815
3003767,552.0696071541656
3003768,144.04654900799525
3003769,93.229244289855
3003770,54.96976622629835
3003771,2318.7303988490503
3003772,18.75667630791842
3003773,1.421150418709181
3003774,18.460205118919227
3003775,13.090598102154754
3003776,0.6679303484438196
3003777,161.01269801257604
3003778,12.668591251211291
3003779,14.554974734702308
3003780,1.121656757519124
3003781,68.61401515227712
3003782,5.751446450770234
3003783,247.7873212991465
3003784,125.72827876743901
3003785,6.665283231869215
3003786,5.775654635884071
3003787,239.4698479592741
3003788,24.990825260824906
3003789,1447.634638192562
3003790,0.0
3003791,12.665251074919428
3003792,4.319099129829629
3003793,0.19838482315027492
3003794,2.0391032536758127
3003795,3665.4937154522845
3003796,0.0
3003797,337.07742585643996
3003798,7.678763074141423
3003799,1545.3782580180266
3003800,509.5461294905226
3003801,252.56792856117096
3003802,142.51614027404435
3003803,73.41337669517927
3003804,4671.231314465136
3003805,13.446287677392858
3003806,2.2815736277832896
3003807,35.00169058690432
3003808,24.23859731562864
3003809,0.2662030509254432
3003810,348.30911184149534
3003811,0.0
3003812,0.1650896763862282
3003813,10.06783821840889
3003814,16.912821123219132
3003815,1.065783497524747
3003816,153.02050194801777
3003817,164.6100079103506
3003818,3.9311730358435524
3003819,9.030602286279388
3003820,152.65725419374408
3003821,50.095229995630035
3003822,941.2313765904092
3003823,4.614762215841363
3003824,6.22517290706818
3003825,4.398083381561061
3003826,0.0
3003827,6.793348117990886
3003828,2613.682933907737
3003829,0.0
3003830,376.02308391897526
3003831,15.734222982633952
3003832,1050.870092052159
3003833,560.7728596482674
3003834,196.11052598985088
3003835,110.64170361888327
3003836,144.2929714542872
3003837,3019.370256062079
3003838,32.42772448510779
3003839,1.6642768667154766
3003840,30.175992401090774
3003841,31.006227451473194
3003842,0.5182575035133331
3003843,179.62399846075223
3003844,14.731659191990005
3003845,19.32336215307301
3003846,7.386257431462996
3003847,95.44384291796354
3003848,8.539758261032594
3003849,179.85297394058324
3003850,308.805208926798
3003851,12.000400539705065
3003852,6.595682834183497
3003853,162.95937119948496
3003854,42.574843893529795
3003855,1746.5676872341253
3003856,0.6204362583240104
3003857,6.79586684500546
3003858,2.545410189092707
3003859,0.0347491907867865
3003860,3.679909839457202
3003861,2272.561258666783
3003862,0.0
3003863,393.96240864573144
3003864,10.469931849857673
3003865,624.6289997236394
3003866,706.8287703897456
3003867,152.73691121025794
3003868,125.38693135440984
3003869,109.72246061297379
3003870,2824.941111388331
3003871,32.17647143057002
3003872,1.394892246094661
3003873,30.56359376919273
3003874,19.727356592061977
3003875,0.12709222978404727
3003876,167.84295597669347
3003877,15.304214324895543
3003878,33.23930603320082
3003879,3.795243730464402
3003880,68.06922827833677
3003881,10.669581057474316
3003882,216.24357069163923
3003883,163.8606039286359
3003884,9.45048196425015
3003885,6.724112083870068
3003886,188.58143802933571
3003887,44.73243134923136
3003888,2134.8315032100727
3003889,0.0
3003890,15.540213300565076
3003891,4.43430362058422
3003892,0.22228781991436705
3003893,2.5862867867438384
3003894,4051.489730588421
3003895,0.0
3003896,445.86119889453613
3003897,15.583044006849242
3003898,924.1019501766258
3003899,468.82059009143853
3003900,201.1454259487765
3003901,160.27711268560182
3003902,43.72424146375035
3003903,3792.621617334078
3003904,8.918447049634445
3003905,0.0
3003906,9.296070426638288
3003907,14.303118860246231
3003908,0.17388360660958452
3003909,191.6969548580453
3003910,0.0
3003911,9.83716192235518
3003912,0.28756235091160165
3003913,44.23290243772772
3003914,2.7851004130974526
3003915,243.64422649415403
3003916,213.14316215774738
3003917,2.208058186771207
3003918,2.1641831465787575
3003919,203.8948922951671
3003920,130.45488184944585
3003921,971.6761718889098
3003922,3.2284932995177678
3003923,1.768542052020622
3003924,15.464683323004424
3003925,0.0
3003926,13.766136176612488
3003927,7326.2532669238035
3003928,0.0
3003929,1223.1696836041763
3003930,38.02073766662566
3003931,2035.7437011037305
3003932,1814.9944607601487
3003933,430.25610530627887
3003934,470.26656917355774
3003935,379.91038924990534
3003936,7502.643373905414
3003937,84.3191458547806
3003938,3.3554514304021956
3003939,100.83652575659634
3003940,105.48287671401364
3003941,1.0823740564738795
3003942,500.7444632255472
3003943,24.5770345609872
3003944,18.742416830398614
3003945,13.738353497937029
3003946,358.7380384372076
3003947,24.389313728675486
3003948,669.1012385433113
3003949,333.64935090684975
3003950,33.503661944762115
3003951,26.413854598648033
3003952,849.8914317952821
3003953,252.35441377566443
3003954,6537.191773861223
3003955,79.44371521019254
3003956,61.830167545763
3003957,11.049659589732025
3003958,0.0
3003959,9.82763131436688
3003960,6344.734407970724
3003961,0.0
3003962,895.2906873107182
3003963,31.281388690549157
3003964,1783.4179530422678
3003965,1633.2330517081782
3003966,496.42315775057244
3003967,274.74007157502575
3003968,265.6294623016789
3003969,7710.302749646863
3003970,139.74411889109615
3003971,1.5713470236508051
3003972,55.670270589195425
3003973,77.99149747183294
3003974,0.9667973750963044
3003975,433.29207475324563
3003976,16.854625966251895
3003977,35.7360761369094
3003978,5.74874558043744
3003979,207.29106107946282
3003980,16.18139501665282
3003981,818.9618226320023
3003982,437.5060884522062
3003983,15.063514127812349
3003984,21.577605718536926
3003985,849.4059373116767
3003986,150.17808215466184
3003987,4313.317943249632
3003988,121.2870174546095
3003989,57.93210586869736
3003990,12.286841550046958
3003991,0.0
3003992,13.242633965824666
3003993,4211.499790142938
3003994,0.027294645717896186
3003995,717.5992526722696
3003996,12.428868107941636
3003997,1629.4784322059138
3003998,1045.7761957820026
3003999,518.7698706077364
3004000,106.00749233835232
3004001,180.5130637268753
3004002,6539.704285163652
3004003,46.62577619660618
3004004,1.6967466164021863
3004005,28.34067691782015
3004006,21.846022098096537
3004007,0.46526638665625125
3004008,382.2652073304038
3004009,15.283086254062288
3004010,18.481514074913083
3004011,7.440837706113741
3004012,123.64072733597263
3004013,7.476794819255583
3004014,772.5358479914917
3004015,412.15213671918906
3004016,19.426751024693292
3004017,40.682652925538015
3004018,382.82437977849884
3004019,85.70208845364021
3004020,1709.5007716645264
3004021,75.74578591080953
3004022,27.691075854694656
3004023,12.63755496406704
3004024,0.0
3004025,11.735261090157454
3004026,6117.74313692404
3004027,0.0
3004028,812.6367125527009
3004029,27.89391479977812
3004030,1686.2826536354237
3004031,1600.0798650717488
3004032,500.47167310588566
3004033,259.11982677217463
3004034,191.95182658298998
3004035,7569.30991683912
3004036,54.159830050125876
3004037,1.3350266102368598
3004038,45.10840336511556
3004039,68.87234250387992
3004040,0.9713297353630704
3004041,467.16029336265774
3004042,22.093221089927976
3004043,31.50211298082147
3004044,6.682421732789204
3004045,186.4458494169611
3004046,9.972133854648584
3004047,650.7618517997781
3004048,421.32555064723834
3004049,18.176564287946213
3004050,18.743884168659104
3004051,741.9660301699752
3004052,139.17065783924508
3004053,3862.6269022872866
3004054,100.32716809439187
3004055,42.647951784217206
3004056,11.520035119707321
3004057,0.0
3004058,13.468037047979793
3004059,2909.1568680309565
3004060,0.021484125218851256
3004061,564.9190857676932
3004062,15.520434317318818
3004063,1230.768565006563
3004064,839.5012624320385
3004065,424.06422459034644
3004066,77.28894148597269
3004067,133.33697283849878
3004068,5242.402763988171
3004069,36.57615018617265
3004070,0.23152508132128344
3004071,24.132567635982433
3004072,31.714123456229647
3004073,0.8032410678903074
3004074,345.44622126425634
3004075,14.459065226304283
3004076,15.497600101757726
3004077,2.471452236381075
3004078,111.89596324615621
3004079,3.5554087466918842
3004080,577.8088441684511
3004081,384.390874962657
3004082,16.59960460470677
3004083,12.255633064786466
3004084,550.1453361687437
3004085,48.34465855110183
3004086,1191.6202445846743
3004087,85.90674720489883
3004088,13.704285500954047
3004089,9.057517784473204
3004090,0.0
3004091,8.2878603365866
3004092,5335.473021756658
3004093,0.0
3004094,944.5967384475413
3004095,28.011549945301216
3004096,1504.1895744348021
3004097,1736.8200250840853
3004098,352.1179131829631
3004099,395.7510338099783
3004100,287.55853171983216
3004101,6419.34813661675
3004102,77.38623170866462
3004103,0.986966092885529
3004104,53.06730653679758
3004105,54.83700443697996
3004106,1.6432771057801436
3004107,357.40491689102635
3004108,14.116066180983061
3004109,30.7424146853137
3004110,12.677379199318112
3004111,263.8354266017451
3004112,19.577739210941772
3004113,639.3259166076027
3004114,360.70056013659894
3004115,15.619427625161176
3004116,28.672065795744306
3004117,794.5623400615735
3004118,153.290029174413
3004119,5903.54083473746
3004120,68.7951536417063
3004121,59.986202180496754
3004122,7.185833006399263
3004123,0.10427058568877694
3004124,3.5429972815557416
3004125,1606.0997244803896
3004126,0.0
3004127,279.3693274082901
3004128,20.906474945396916
3004129,820.6849711355206
3004130,445.23142427910796
3004131,181.8182856211598
3004132,70.00991273652463
3004133,88.11929112692782
3004134,2556.164100467028
3004135,51.279160563113706
3004136,1.0822509238019715
3004137,19.38452209717836
3004138,23.269379985864607
3004139,0.5696317614081108
3004140,185.3558203949722
3004141,10.577338602242412
3004142,7.856199152077725
3004143,10.376922745300076
3004144,56.32967215990911
3004145,7.235751411234031
3004146,210.1675532156891
3004147,178.67666298029934
3004148,2.202301622189218
3004149,5.998249878789803
3004150,173.79574089122167
3004151,43.35370062369658
3004152,1297.5896346318443
3004153,5.597444019781708
3004154,14.374200937481632
3004155,9.094286207514356
3004156,0.0
3004157,10.618016209829268
3004158,3296.7574421850604
3004159,0.0
3004160,421.78541204478347
3004161,24.959856918678906
3004162,1280.8399213749285
3004163,899.0579919011933
3004164,356.29778536014254
3004165,83.23788697893445
3004166,121.34139283538886
3004167,4999.9333833713645
3004168,114.68183300267151
3004169,1.3370190276483866
3004170,37.400609847189685
3004171,54.07021086721711
3004172,0.7448586301298181
3004173,328.1529125606585
3004174,10.858801654857185
3004175,3.4478273316063106
3004176,1.8202423058330863
3004177,146.91184757409994
3004178,8.911813891693471
3004179,462.2623134969988
3004180,342.263707826384
3004181,10.494806845096793
3004182,15.519237457721834
3004183,308.46974749377995
3004184,58.12205302240709
3004185,1685.7686625811327
3004186,77.19125177219162
3004187,15.15498680371705
3004188,8.025288694131188
3004189,0.0
3004190,1.5474474476459696
3004191,3616.09368044169
3004192,0.0
3004193,654.0173989567114
3004194,11.41511796267548
3004195,1166.514057351935
3004196,1300.7903600288255
3004197,204.31803090901644
3004198,290.2166121236907
3004199,228.0158119658809
3004200,4173.077284494241
3004201,44.54269373231987
3004202,1.161569258217615
3004203,39.6969462392652
3004204,33.10611163485488
3004205,0.71267153658514
3004206,265.0761613973463
3004207,3.8866614346812534
3004208,44.191984584341206
3004209,6.550881440447766
3004210,120.41288234704574
3004211,9.45077536358491
3004212,493.4637748574802
3004213,181.80241281909096
3004214,21.02678260225929
3004215,8.95724464672904
3004216,403.2944762619786
3004217,102.41497755596843
3004218,4396.543505433836
3004219,18.794024156677274
3004220,33.810675870420575
3004221,13.882254301038685
3004222,0.0
3004223,9.157180626428882
3004224,5027.979143277091
3004225,0.0
3004226,921.7874883613647
3004227,13.607840501203137
3004228,1902.252559132211
3004229,1296.4975757695197
3004230,398.17716436181547
3004231,231.16479829998616
3004232,391.46852441117534
3004233,6890.5553096670155
3004234,60.384754927226616
3004235,3.6437873383857293
3004236,72.44021103988732
3004237,51.54599609702206
3004238,0.8385019452954543
3004239,409.3186377565831
3004240,9.869333395046016
3004241,82.969959272763
3004242,7.568827205420265
3004243,274.7787885944958
3004244,11.996352033154894
3004245,554.2539123496144
3004246,403.5201594626077
3004247,18.82270175179537
3004248,30.290694458309567
3004249,547.8794172714754
3004250,146.59209750204263
3004251,5397.78874545099
3004252,6.92898724696808
3004253,10.888800363870496
3004254,7.390617667750254
3004255,0.07674205432464437
3004256,2.728286808314028
3004257,1809.3462501046886
3004258,0.0
3004259,368.7987612249221
3004260,8.15665865733008
3004261,728.8102338933107
3004262,405.58931585925137
3004263,200.0216326792661
3004264,70.972021435696
3004265,98.68243707309935
3004266,2617.9652560054415
3004267,12.6760863329753
3004268,2.1214340297005716
3004269,24.61181877811462
3004270,22.805281693942653
3004271,0.2236786871110382
3004272,152.14299713688112
3004273,3.623056762050924
3004274,10.05419248152059
3004275,5.2636910257579075
3004276,85.03891297209596
3004277,3.854655110369056
3004278,204.3688336913618
3004279,179.33151314103236
3004280,7.006918957162425
3004281,5.052509007775001
3004282,148.97321771031972
3004283,42.19109140721992
3004284,1516.4099837449205
3004285,6.584683200223057
3004286,2.984417535037418
3004287,4.539060350779977
3004288,0.0
3004289,1.6763990647742701
3004290,3123.8944366983264
3004291,0.0
3004292,173.8386267457594
3004293,3.3419817895455126
3004294,838.1619871647987
3004295,182.08785197652017
3004296,183.28984220945762
3004297,45.507562512122284
3004298,29.889875076265458
3004299,2945.7690618100814
3004300,9.579433452191674
3004301,0.5865459150680421
3004302,19.494042662226164
3004303,12.78134554410098
3004304,0.3264933807884883
3004305,162.62653487301873
3004306,0.0
3004307,0.0
3004308,3.898056328792804
3004309,29.94511611674095
3004310,0.5438963529042907
3004311,63.40839794219148
3004312,123.86788689940869
3004313,0.0
3004314,1.6210823980958986
3004315,66.09783962262046
3004316,75.261278825003
3004317,529.3682695515229
3004318,0.7291679603777075
3004319,2.7493044351503357
3004320,3.4566136017250275
3004321,0.1960760195235039
3004322,3.620721815848176
3004323,2311.3485306140037
3004324,0.0
3004325,414.0310843823517
3004326,11.737296088014237
3004327,909.8601001012125
3004328,718.3764641783275
3004329,245.32445286017256
3004330,132.38645435625963
3004331,101.45002277379496
3004332,3646.508366012231
3004333,39.92172110611856
3004334,1.2097803021483975
3004335,30.844147850763548
3004336,45.790316299556814
3004337,0.20421943570530682
3004338,238.48092199127825
3004339,15.584699271454618
3004340,14.305966406254933
3004341,8.371833295375716
3004342,82.47263483901139
3004343,5.100033280754954
3004344,336.44101342078926
3004345,200.21319540619274
3004346,7.827952880945837
3004347,11.737189150956397
3004348,348.06903935404586
3004349,54.71533573942667
3004350,1804.8996873692352
3004351,0.0
3004352,19.19238522808474
3004353,4.369277701830541
3004354,0.0
3004355,5.661163791505795
3004356,3362.2027273426197
3004357,0.03858237197105316
3004358,578.2336368529594
3004359,18.719517596202664
3004360,939.5563213503395
3004361,1161.609826708699
3004362,157.7020323307755
3004363,239.95847310042683
3004364,204.13238186063214
3004365,3554.7459807321757
3004366,45.42021265875793
3004367,2.271160735955717
3004368,29.444000086717413
3004369,30.57538938693851
3004370,0.9623503097375183
3004371,206.24837723997373
3004372,16.322723240503592
3004373,36.26380354506529
3004374,7.588421184844132
3004375,159.49677878598186
3004376,13.216404537273595
3004377,398.33231917311184
3004378,201.7784062434153
3004379,8.366402297082807
3004380,11.701551879371557
3004381,536.2168682699323
3004382,105.53137987553752
3004383,4340.280125765225
3004384,0.30852267170254566
3004385,36.89186748591795
3004386,4.114992411465719
3004387,0.32541703086287804
3004388,6.5964729686477614
3004389,3475.980420553326
3004390,0.0
3004391,667.762807742672
3004392,25.04919927133429
3004393,1020.3337981908502
3004394,1151.0321014772053
3004395,214.50365097224912
3004396,250.48239172688082
3004397,134.5778331666635
3004398,4130.961850756382
3004399,37.08243289229688
3004400,3.009840846570976
3004401,40.94268704883712
3004402,35.59613222870611
3004403,0.48562563943102527
3004404,259.1850004045095
3004405,19.00031876986697
3004406,29.312170715988024
3004407,24.459553964342806
3004408,152.8561007923684
3004409,21.230647886125933
3004410,348.0873261219828
3004411,245.93990501839278
3004412,17.490175307033542
3004413,20.756398404373282
3004414,448.1817432607452
3004415,115.03710965146776
3004416,3348.6703369152415
3004417,0.12431693114460968
3004418,31.25445229388385
3004419,15.330168838588577
3004420,0.2769984589570306
3004421,5.820532767368435
3004422,2271.101302624198
3004423,0.0
3004424,450.27710519711854
3004425,15.684037098749352
3004426,1239.7676637231955
3004427,612.1947637270681
3004428,426.6282115231065
3004429,165.57060687292494
3004430,75.84783287970818
3004431,5144.8734935316315
3004432,16.443567776524898
3004433,1.8374323362643594
3004434,8.103624432354135
3004435,34.181573811002465
3004436,0.16789421635312826
3004437,329.6557145552985
3004438,11.790748479035454
3004439,7.887500631633657
3004440,3.374636344259161
3004441,45.11771518540356
3004442,3.102002242013826
3004443,522.1461519407674
3004444,310.6633960839169
3004445,6.623948769258044
3004446,7.563835630286461
3004447,306.66068082912744
3004448,99.43879884532836
3004449,1130.2712384632543
3004450,33.76676217600918
3004451,15.036667844674005
3004452,5.353637403059975
3004453,0.0
3004454,2.5533596179281886
3004455,2337.9380073058956
3004456,0.04642740692186525
3004457,361.68834496573857
3004458,21.276785970213886
3004459,715.4381527399095
3004460,756.0943000600042
3004461,172.3533377042838
3004462,161.12769130698237
3004463,150.74812311001793
3004464,2868.9433655677794
3004465,29.508308613667268
3004466,2.2972753358175915
3004467,32.77362841366461
3004468,21.892650821292484
3004469,0.56523095225081
3004470,170.30175402975055
3004471,11.405295613925007
3004472,21.936474232097424
3004473,9.634239759654204
3004474,128.6933023008697
3004475,6.371607896900164
3004476,695.9465052985906
3004477,117.66811881729238
3004478,4.763131422702574
3004479,8.642230105995587
3004480,510.0070565256592
3004481,66.77272482585877
3004482,2397.1035846180257
3004483,0.0
3004484,42.293511301848135
3004485,1.3177945650988712
3004486,0.0
3004487,2.114146845892194
3004488,1023.8617497830411
3004489,0.0
3004490,68.94518024017623
3004491,3.817383144523931
3004492,647.5048994391775
3004493,191.26534440099934
3004494,260.45764198805216
3004495,27.11794859056328
3004496,26.59549262906961
3004497,2046.7347131673039
3004498,7.960611617132937
3004499,0.4181097154759576
3004500,11.788110877220534
3004501,6.704863096652525
3004502,0.18346364211520447
3004503,122.44300413003005
3004504,0.0
3004505,0.0
3004506,0.8541721517377756
3004507,16.831162067989364
3004508,0.19859442488063062
3004509,116.64324734906434
3004510,111.10531403346852
3004511,0.6486300162873981
3004512,2.3819842737779275
3004513,124.65631556536863
3004514,17.244232735635574
3004515,212.72798186736426
3004516,0.40321828762501105
3004517,0.7218451520464265
3004518,6.884317292150459
3004519,0.07241077856029891
3004520,1.7858305596667832
3004521,4439.498849769017
3004522,0.0
3004523,621.8686409537421
3004524,16.986204077842142
3004525,1415.8772414108878
3004526,527.281312231751
3004527,558.8413306534561
3004528,223.16289427299586
3004529,83.81836453915221
3004530,6032.337365761306
3004531,31.563835153276685
3004532,0.8128159168990589
3004533,12.144433710740152
3004534,13.646022067199802
3004535,0.44705979598240286
3004536,348.51118076205
3004537,12.62779133135171
3004538,2.0907598644082457
3004539,9.180736002970256
3004540,70.20990726410021
3004541,2.9020445601757956
3004542,499.20185195151197
3004543,234.86212807866232
3004544,1.5424119815733726
3004545,8.788007887628732
3004546,486.2087024132791
3004547,99.58713538896528
3004548,1445.3918105338585
3004549,6.053808757768223
3004550,5.416541355551014
3004551,3.053640192892229
3004552,0.1468595703669999
3004553,0.48624486752710255
3004554,1427.3413129050664
3004555,0.0
3004556,172.84425983768784
3004557,12.726293876154399
3004558,745.4172733153515
3004559,350.604736937878
3004560,252.501575980713
3004561,38.58532646684942
3004562,38.83059013249623
3004563,2526.066697891469
3004564,11.013374639646669
3004565,0.3828911903470948
3004566,14.927571278801045
3004567,17.125754448802013
3004568,0.0787343465859204
3004569,131.0038455772191
3004570,9.147103000703098
3004571,0.0
3004572,5.860642444482285
3004573,56.02270579496584
3004574,1.5477632962437182
3004575,108.09833257386992
3004576,116.2618586903689
3004577,1.3565741345021365
3004578,3.920580451348612
3004579,161.94780576563392
3004580,28.202409391738357
3004581,317.707971972371
3004582,1.2024224032708413
3004583,2.9350303244107168
3004584,2.7133308060831234
3004585,0.0
3004586,4.006645974851598
3004587,1410.6584399553183
3004588,0.0
3004589,97.20219498958866
3004590,4.79470603671193
3004591,553.7801253020801
3004592,209.89546818369197
3004593,161.18128509909553
3004594,33.593545857167285
3004595,31.6716485386202
3004596,2358.3577462188327
3004597,15.869209436078663
3004598,0.10768786289163208
3004599,14.326576825459936
3004600,6.285568479712206
3004601,0.03423639726690131
3004602,109.36294900958126
3004603,1.6645346008993627
3004604,0.0
3004605,3.277153319506544
3004606,66.91045622381276
3004607,0.8509559519738298
3004608,139.61276120179156
3004609,118.56018196767509
3004610,0.6696828749935957
3004611,3.5219930652026465
3004612,88.9736373470075
3004613,10.264323597631915
3004614,166.04410335397924
3004615,0.6124035871042388
3004616,4.287241174866004
3004617,2.4034646779117694
3004618,0.0
3004619,2.6197872413173817
3004620,1227.0596518414548
3004621,0.0
3004622,121.19254609535214
3004623,8.409756652595345
3004624,1530.6932981334626
3004625,275.465678513964
3004626,304.8106116401772
3004627,34.342950972305374
3004628,48.72245698803407
3004629,2476.695481244497
3004630,13.94253320745965
3004631,0.05106147052555807
3004632,6.279754814342459
3004633,18.23084002497545
3004634,0.20621235135371235
3004635,149.84161895684406
3004636,3.3075693225994693
3004637,0.0
3004638,3.178952423352478
3004639,24.528328068427818
3004640,2.4404227361275597
3004641,184.85743668315934
3004642,220.99069386052363
3004643,1.8075611272318934
3004644,3.987055594718231
3004645,71.48788311498869
3004646,74.73196942713759
3004647,333.51965412893514
3004648,0.6002563318241966
3004649,4.447655608866998
3004650,4.0878402789468105
3004651,0.447187577755403
3004652,3.9971270840733126
3004653,1432.7451763859624
3004654,0.0
3004655,137.76914414423962
3004656,5.225312173145316
3004657,749.0103663110303
3004658,295.8288585705289
3004659,324.8617148916246
3004660,76.17374819852463
3004661,65.9148411781563
3004662,2303.599621562108
3004663,11.058542248764535
3004664,0.843249713936252
3004665,11.778179534326352
3004666,13.280727985365937
3004667,0.1745189217000882
3004668,179.54548228623293
3004669,8.555399365032267
3004670,0.0
3004671,4.093921061551013
3004672,32.263133195587045
3004673,2.3856511734705106
3004674,133.56603252173994
3004675,138.7706506961289
3004676,0.4832356590275843
3004677,5.320615639987346
3004678,132.19328145466582
3004679,49.14445676970988
3004680,549.0924469899561
3004681,0.6626520811769792
3004682,6.011182091327923
3004683,3.826969573540158
3004684,0.1202435337720933
3004685,1.7116826252666495
3004686,1144.4458712009002
3004687,0.0
3004688,119.19422879386435
3004689,6.780819538705013
3004690,1373.4138316702054
3004691,194.16294848350935
3004692,159.57738313289482
3004693,109.88388330177266
3004694,32.076126797648776
3004695,1715.9163779169112
3004696,7.403295683242346
3004697,0.5087452295181704
3004698,8.797148352784129
3004699,18.040716837718104
3004700,0.052896373239598005
3004701,115.47101269276149
3004702,0.0
3004703,0.0
3004704,2.393184903924745
3004705,44.02448422250027
3004706,1.1775976820577287
3004707,44.473498873798725
3004708,98.98899719561837
3004709,0.8468114005791164
3004710,2.9980552199601433
3004711,69.77566606426969
3004712,28.093561255548277
3004713,498.3018840756095
3004714,4.380482453967995
3004715,1.3460719450989613
3004716,7.283510176404334
3004717,0.7943079721780437
3004718,3.2598312743557654
3004719,2366.562484229571
3004720,0.0
3004721,216.20240030540924
3004722,8.841838734317788
3004723,758.4563586580892
3004724,512.4731856839014
3004725,567.3661039341586
3004726,136.34663999571885
3004727,88.8414320576759
3004728,3116.727430224952
3004729,13.12780437862917
3004730,1.4408990609927599
3004731,14.068478418685409
3004732,1.0613222254767813
3004733,0.46824316930445603
3004734,205.49419047330977
3004735,1.7841225983869744
3004736,0.0
3004737,4.524659672903818
3004738,54.970347415699884
3004739,3.571031791489575
3004740,202.23171408664274
3004741,168.18895587637212
3004742,2.0597036524088996
3004743,5.236673648828501
3004744,316.9492944369483
3004745,40.40659252886822
3004746,1018.1944011788828
3004747,2.454099817608176
3004748,11.50455683773057
3004749,2.8964281483119647
3004750,0.0
3004751,2.5806829982328066
3004752,1624.687354362843
3004753,0.0
3004754,475.1164043588243
3004755,9.241407358746097
3004756,435.71578089953937
3004757,466.3169284267329
3004758,213.10466043539915
3004759,115.72180070926078
3004760,44.903362367201574
3004761,2139.9518520231695
3004762,8.89889022899159
3004763,0.8463367591567922
3004764,8.33998192748799
3004765,10.31568759610669
3004766,0.5121798507675637
3004767,147.68228886991156
3004768,7.551006854594133
3004769,4.323662831853737
3004770,2.6221644233604215
3004771,86.4468963116186
3004772,1.229204700514609
3004773,76.54619660242314
3004774,114.87326866493987
3004775,3.4350828364062607
3004776,4.336365675314905
3004777,208.2332626851509
3004778,45.96978069979835
3004779,1229.5945103309523
3004780,9.108250398729544
3004781,6.247012624252955
3004782,5.156365214352509
3004783,0.18423312400484582
3004784,3.073326266883175
3004785,2175.482124882607
3004786,0.0
3004787,123.91312121401496
3004788,5.710172492388866
3004789,751.1178359964
3004790,273.1399893499399
3004791,281.50716642847425
3004792,47.89864332889613
3004793,38.21420848178884
3004794,3042.261085004742
3004795,32.09068981117931
3004796,1.1846552840725901
3004797,16.061407922399155
3004798,11.947999019061301
3004799,0.29160273409865106
3004800,139.97537675388568
3004801,2.9764548224800333
3004802,0.0
3004803,3.185525401676169
3004804,43.074154433569376
3004805,2.999636365092342
3004806,122.82045004209303
3004807,152.3601316947622
3004808,1.561715441510815
3004809,3.452340608262872
3004810,126.39370847899295
3004811,21.542524758317715
3004812,369.87797600129886
3004813,0.9114676196223619
3004814,2.541860969349182
3004815,6.2153166311042245
3004816,0.0
3004817,7.193754750099361
3004818,2855.4045119574057
3004819,0.0
3004820,640.8719070910595
3004821,15.623227961003174
3004822,897.6171909917265
3004823,822.760555698382
3004824,233.61807076857056
3004825,186.94958627740476
3004826,123.24786465326383
3004827,3815.0301139478493
3004828,42.92310140185965
3004829,1.7582351011279325
3004830,27.720911922267316
3004831,28.54378341785089
3004832,0.09343135726718453
3004833,230.71224390579582
3004834,17.536620929447725
3004835,15.041542776264922
3004836,4.087073356323118
3004837,121.15464373488693
3004838,8.249885143267383
3004839,1244.9770419738952
3004840,195.71873843312392
3004841,9.567094695471484
3004842,9.52362309002752
3004843,616.3251301289072
3004844,76.79296181915053
3004845,2064.681964600014
3004846,0.06183962022791092
3004847,43.870240875575774
3004848,5.97427816330212
3004849,0.060140747627865615
3004850,2.364007415146291
3004851,2591.5381657595894
3004852,0.0
3004853,319.8419595700131
3004854,9.802509070395761
3004855,1196.382907113544
3004856,469.6918213651413
3004857,908.4817418531973
3004858,71.12880954175382
3004859,64.115556325457
3004860,4195.316627945791
3004861,15.67741213824552
3004862,0.3877386810476176
3004863,8.603478885620806
3004864,14.026581293194738
3004865,0.053887314981884114
3004866,244.71524337739365
3004867,2.3052318918475883
3004868,4.013123176822163
3004869,3.8897869303105947
3004870,63.47843756342185
3004871,1.6108739254764521
3004872,244.53979372611886
3004873,186.7294598125242
3004874,2.891201761269071
3004875,2.9819779247386076
3004876,471.7977694666059
3004877,38.59294835580494
3004878,603.8704096352849
3004879,11.81861928766871
3004880,10.089137129049597
3004881,8.524822321125441
3004882,0.11557490436703814
3004883,2.713207088216645
3004884,2354.953772699571
3004885,0.0
3004886,341.24661920257245
3004887,5.352764709483014
3004888,1651.553386603903
3004889,420.5822446681538
3004890,296.195836866644
3004891,186.43528582413327
3004892,105.37599036457793
3004893,2957.532341686045
3004894,13.115672486268053
3004895,0.36370730405399554
3004896,28.11673548811871
3004897,21.532072923488595
3004898,0.21087569947652995
3004899,232.50985957808945
3004900,4.487607781688595
3004901,1.2006989743277077
3004902,12.699055164170796
3004903,110.0303058017651
3004904,1.390055207070027
3004905,94.14950967896021
3004906,197.09058207123874
3004907,2.4044997366656893
3004908,1.3670599232536367
3004909,147.80277985882688
3004910,147.89220121590273
3004911,1032.968461051561
3004912,5.533105769673039
3004913,6.23196007501309
3004914,3.7740765977175883
3004915,0.022652829190160116
3004916,2.8911457713430924
3004917,1483.096439304188
3004918,0.0
3004919,135.31952844801435
3004920,6.171884034011853
3004921,505.73032436870415
3004922,281.22896327118457
3004923,147.5699971792448
3004924,54.943028251433056
3004925,65.21754370055746
3004926,2266.64478198308
3004927,12.252904725270293
3004928,0.6705509964750032
3004929,19.43094407609953
3004930,17.30500963428204
3004931,0.13074206940782912
3004932,140.56355012171875
3004933,2.2807713789097055
3004934,0.0
3004935,5.102549580465311
3004936,92.09261204037212
3004937,2.11379666240119
3004938,93.15492425008908
3004939,119.69249927308394
3004940,0.7749810096905173
3004941,4.198447220487811
3004942,237.635291349025
3004943,23.92250440680282
3004944,474.61746609495145
3004945,1.4851634096826132
3004946,2.7480947290236917
3004947,1.2548237443048003
3004948,0.0
3004949,0.2633370978651724
3004950,1377.9205466813341
3004951,0.0
3004952,254.13436219017518
3004953,15.234856313624665
3004954,513.6326571443467
3004955,504.06158798758884
3004956,141.2473958800893
3004957,54.104629769774625
3004958,80.0708043328264
3004959,2080.044279913542
3004960,30.055920169924875
3004961,0.6376464289718219
3004962,14.671552038921986
3004963,15.142068465813452
3004964,0.14359847436113646
3004965,102.70414238690731
3004966,12.223543933175916
3004967,2.066232921240622
3004968,3.0431995581255875
3004969,71.41167917765671
3004970,4.762847597925916
3004971,492.6036146059876
3004972,123.72099045230041
3004973,3.5252250711461204
3004974,5.407833894109897
3004975,397.02757544369643
3004976,38.2172923373812
3004977,1199.0658430962221
3004978,0.0
3004979,7.333513986403475
3004980,3.2314629494801097
3004981,0.1419032291847687
3004982,4.104984233239917
3004983,3925.2522735900716
3004984,0.0
3004985,796.6976439520473
3004986,19.208692049432777
3004987,1251.6270805771624
3004988,1399.2494343572903
3004989,337.5012204800316
3004990,283.14884775678684
3004991,240.28433127204084
3004992,4936.533886203776
3004993,37.27107571716548
3004994,0.7550729574110204
3004995,22.702418035262912
3004996,32.222068314033464
3004997,0.5916133137797982
3004998,271.1602170386489
3004999,11.859690535588896
3005000,41.928001325032234
3005001,10.541241589100256
3005002,149.55368036550416
3005003,15.373267086591781
3005004,725.5976057567647
3005005,264.5418941321081
3005006,14.298970882012226
3005007,9.96051961689328
3005008,852.6649632301085
3005009,134.08014119463152
3005010,3827.4383729535216
3005011,0.0
3005012,43.73268535700053
3005013,2.1999276462794852
3005014,0.11030309796582485
3005015,4.171198885861643
3005016,2587.517820094207
3005017,0.0
3005018,379.3759983809199
3005019,6.771117130136091
3005020,451.74544268477644
3005021,648.6547868048109
3005022,164.34189126189884
3005023,143.96114009609076
3005024,103.27974735577709
3005025,2004.8309334633616
3005026,22.197836441713367
3005027,1.093033190979051
3005028,9.733056004328619
3005029,18.103058828161224
3005030,0.181691644187293
3005031,97.90171183634058
3005032,0.0
3005033,29.175742696396625
3005034,2.7217637371260017
3005035,204.5874116125587
3005036,11.016422855645212
3005037,372.6528871885088
3005038,104.23347560264824
3005039,5.207833310360319
3005040,8.92946150330732
3005041,277.479915629058
3005042,39.23013380599002
3005043,1742.2105453575116
3005044,3.8618440712835413
3005045,10.585586007743881
3005046,3.3977738336737975
3005047,0.0
3005048,0.2255018721905705
3005049,1337.9610353798314
3005050,0.0
3005051,211.6733775977173
3005052,5.348766837669463
3005053,423.62616134146936
3005054,242.96167390120837
3005055,100.90987600985507
3005056,33.83703491629744
3005057,37.46902186683659
3005058,1668.3175008458286
3005059,14.269044773383655
3005060,0.7922883493011836
3005061,11.115472171266864
3005062,10.953828779731355
3005063,0.304776351107166
3005064,73.64673649866138
3005065,0.0
3005066,7.602364490610841
3005067,0.394854650555694
3005068,33.4065532101803
3005069,0.620694741388708
3005070,421.8941413127393
3005071,86.36288846169596
3005072,2.788195979753858
3005073,1.2298320069984405
3005074,208.98007743588934
3005075,25.600010723724623
3005076,496.08327105905914
3005077,1.6771342643496592
3005078,2.345181058230637
3005079,5.535809915361854
3005080,0.27124951062964126
3005081,0.8732668201360465
3005082,2823.300317778131
3005083,0.0
3005084,513.6513498955503
3005085,19.57680822957405
3005086,821.0300780943955
3005087,855.0091586193896
3005088,345.8916381051781
3005089,237.24510632149014
3005090,160.48108638051812
3005091,3512.9685643317744
3005092,24.164401280134474
3005093,2.724971568750567
3005094,24.62066665068283
3005095,24.199404492245296
3005096,0.6451634930926685
3005097,199.96070199588362
3005098,5.90983677782196
3005099,36.50872530271147
3005100,8.578021157850781
3005101,194.6457545946674
3005102,4.573550787479396
3005103,424.0744905772511
3005104,188.4785877984695
3005105,9.445326214846572
3005106,6.90010761961756
3005107,471.0396082830238
3005108,62.32193264910347
3005109,2225.6094150875665
3005110,3.441969550562167
3005111,18.05983307324572
3005112,7.102574098307091
3005113,0.0
3005114,1.9888779669012882
3005115,2540.9466788895443
3005116,0.0
3005117,497.7731366409489
3005118,17.68462576548466
3005119,1047.5261995669318
3005120,650.847327930439
3005121,407.82648193037863
3005122,202.55681473692005
3005123,67.65005188572312
3005124,3788.541405511602
3005125,14.31658870659216
3005126,1.0769678712472757
3005127,31.966965254445455
3005128,15.956967790498373
3005129,1.0069042624467777
3005130,213.31940068396452
3005131,0.0
3005132,3.9390820182063515
3005133,6.075080440514059
3005134,93.20231291980049
3005135,1.0077041553497994
3005136,141.05041614737598
3005137,244.45902097136002
3005138,4.603213467600397
3005139,3.3054940359774707
3005140,219.07454082229714
3005141,68.4703412377795
3005142,1075.447910538874
3005143,3.921110873154326
3005144,0.5406363078286995
3005145,5.309879904098308
3005146,0.0
3005147,1.4403503778739968
3005148,2288.881406036203
3005149,0.0
3005150,463.34706034216225
3005151,13.454355083901405
3005152,852.036222488258
3005153,545.2492802914824
3005154,307.0823308434245
3005155,156.4055639468274
3005156,74.8108480178895
3005157,3223.232539942795
3005158,14.341426928155334
3005159,1.1785202023708983
3005160,24.031223049999628
3005161,13.760264242352747
3005162,0.22420740831027963
3005163,203.60645304232025
3005164,0.0
3005165,6.558207428992917
3005166,5.930641778508998
3005167,152.97139522088628
3005168,1.3823945751960747
3005169,100.81109521932596
3005170,214.56572360572684
3005171,3.443418338414499
3005172,3.7048336168925493
3005173,231.80900369358193
3005174,55.12679456752631
3005175,738.6783430923722
3005176,0.4740050222947276
3005177,4.709245201472038
3005178,10.559216987127284
3005179,1.30467419560207
3005180,12.994290624959488
3005181,8240.491483303731
3005182,0.0
3005183,1182.5683199120367
3005184,55.91621032188022
3005185,1864.7298571766892
3005186,2175.5432896919965
3005187,438.0494663830484
3005188,544.4223728262571
3005189,408.6132115181539
3005190,7937.139042300425
3005191,90.23200285817153
3005192,2.617573169238015
3005193,51.3437742367424
3005194,52.11274936353871
3005195,0.9062774736795443
3005196,451.2172257775322
3005197,27.070503572394482
3005198,72.25172183623118
3005199,20.24123799335825
3005200,348.1288978594755
3005201,33.16967594327359
3005202,1448.5886188262527
3005203,411.78021495086205
3005204,17.437163545757244
3005205,21.711099399785137
3005206,1618.4836868276282
3005207,231.91415615428994
3005208,7183.601591949844
3005209,0.7665168530807935
3005210,135.62304353663342
3005211,3.4791268850757224
3005212,0.39887776645715384
3005213,1.3021261804443414
3005214,1295.8270763377652
3005215,0.0
3005216,131.78183346315987
3005217,5.509990437324109
3005218,1003.0620792588779
3005219,235.2634451011884
3005220,149.82917581791844
3005221,130.05036797549297
3005222,54.31863025752214
3005223,2066.9441842270853
3005224,6.295870302315358
3005225,0.0773811611758917
3005226,16.59407286790904
3005227,8.66994451415678
3005228,0.4236378471438627
3005229,144.04695591223685
3005230,0.21030018914644472
3005231,0.0
3005232,5.236376463818167
3005233,91.71690038426429
3005234,0.5736822322256186
3005235,53.528920875647884
3005236,99.22240900240347
3005237,2.4487324627586102
3005238,4.867386465765098
3005239,130.64579298008707
3005240,15.020659330876574
3005241,451.83974650372795
3005242,1.7226183747170893
3005243,4.355341905604833
3005244,8.520962551742146
3005245,0.42243840966399754
3005246,2.604345296342038
3005247,3113.6147520560403
3005248,0.0
3005249,468.4441167249731
3005250,14.75902356824339
3005251,1054.218939149808
3005252,565.846716610673
3005253,277.5316851832488
3005254,300.38912497048926
3005255,102.78007718643761
3005256,3890.505520921954
3005257,10.293935525908118
3005258,0.1914285554066241
3005259,22.769018500277284
3005260,17.78236887989536
3005261,0.5086553268040428
3005262,260.5883425609999
3005263,1.6864864975237117
3005264,2.6200411743179344
3005265,7.9802382343036316
3005266,21.63300096285549
3005267,2.247939336047124
3005268,335.75226107537
3005269,239.31117701659193
3005270,3.6364759658116457
3005271,7.193161920035445
3005272,161.27165151131473
3005273,56.298326905050104
3005274,1240.623555928963
3005275,0.3580036450122472
3005276,3.944015205549927
3005277,1.6899114208282486
3005278,0.0
3005279,0.8590146793327381
3005280,640.5496057862772
3005281,0.0
3005282,93.54753805762041
3005283,3.548824365463341
3005284,885.888764771038
3005285,136.42971645597405
3005286,143.67251376980238
3005287,170.2940004383327
3005288,17.642456770862662
3005289,724.7462427840666
3005290,3.4109724866408024
3005291,0.4483954053759641
3005292,8.070564875047168
3005293,2.7607249781015613
3005294,0.09844150393812133
3005295,83.64792148501809
3005296,0.0
3005297,0.0
3005298,0.49156972131138005
3005299,92.87767810050299
3005300,0.12530471543676772
3005301,64.45923196144797
3005302,58.08497119322506
3005303,1.0254832059517747
3005304,1.340407825808316
3005305,72.91496095207077
3005306,9.511639141229832
3005307,192.7461350674724
3005308,0.3412647954518097
3005309,2.1084162512412608
3005310,8.490722360148384
3005311,0.0
3005312,2.978024284320638
3005313,1666.3713696988802
3005314,0.0
3005315,170.3337260491448
3005316,12.231911018166775
3005317,786.460659111338
3005318,303.7745995152296
3005319,198.74793339311856
3005320,117.0779896047745
3005321,85.16352969256204
3005322,2570.0698968388974
3005323,4.586842196875811
3005324,0.6328560888538711
3005325,17.076896244880956
3005326,14.695522521328945
3005327,0.5293020633966573
3005328,160.83154145297462
3005329,0.0
3005330,0.0
3005331,11.790854575317548
3005332,51.31384616653201
3005333,1.2839592356366125
3005334,193.49917076728747
3005335,151.1980973583803
3005336,2.4195629189167973
3005337,5.369162852596399
3005338,294.17965144565284
3005339,30.078440389870757
3005340,1093.9953887759957
3005341,4.162697259359817
3005342,1.3136368502012947
3005343,2.7930860513598934
3005344,0.3068547521761944
3005345,2.429173710181432
3005346,2303.877944941665
3005347,0.0
3005348,643.0384060564423
3005349,10.289520318960752
3005350,932.8912051274706
3005351,674.031356643254
3005352,262.77596319965835
3005353,122.31942620550687
3005354,77.08263334780384
3005355,4241.902655758714
3005356,7.924628446761812
3005357,5.801891117009444
3005358,13.16673509194582
3005359,46.84339411027885
3005360,0.3802822744329161
3005361,235.883421220804
3005362,3.4924762725638985
3005363,5.461890080511292
3005364,2.7970489278826838
3005365,49.760238087979424
3005366,2.2052108773998587
3005367,178.5117829094438
3005368,264.58541460000544
3005369,6.643347361686004
3005370,4.259591871849792
3005371,180.46421806186098
3005372,42.152533992735094
3005373,610.4615469393193
3005374,2.7151530916887245
3005375,3.1832269100091994
3005376,5.520585094552626
3005377,0.07957817827008183
3005378,0.44582789887959434
3005379,1202.2754205797416
3005380,0.0
3005381,85.52476375719722
3005382,3.756941412656582
3005383,437.9126483351099
3005384,150.40855551616102
3005385,108.70983427558821
3005386,166.7718260343724
3005387,40.66234074248685
3005388,1613.5363446501933
3005389,5.020077447226947
3005390,0.2095131092207016
3005391,9.378100436778327
3005392,6.631737067766736
3005393,0.024569982908573415
3005394,92.47485179555936
3005395,0.0
3005396,0.0
3005397,0.7363947295483427
3005398,21.130219904243503
3005399,1.0161357999048475
3005400,188.20101682796187
3005401,73.46611643361582
3005402,0.8514979997254074
3005403,1.2685569784659187
3005404,75.89867116686084
3005405,14.977591812894035
3005406,307.0582524443062
3005407,3.60168947862026
3005408,0.5817606840164625
3005409,5.334045856032762
3005410,0.0
3005411,2.1042677932960028
3005412,2682.3010317993503
3005413,0.0
3005414,422.8054932560153
3005415,8.110267356945798
3005416,751.7581585677842
3005417,449.06104156170693
3005418,229.15424948055843
3005419,123.97261584050918
3005420,77.92923105296681
3005421,3148.5893600735167
3005422,7.506900860660424
3005423,0.79759903668907
3005424,13.983029255139163
3005425,8.40974123263441
3005426,0.16045066275988515
3005427,179.53393672094813
3005428,0.0
3005429,42.39919287249594
3005430,2.7219823369106435
3005431,38.79710493828757
3005432,1.1020093224686682
3005433,184.10920517833225
3005434,169.06727772215578
3005435,2.9861102130445594
3005436,2.60947177564909
3005437,125.45825328487585
3005438,39.68839698798669
3005439,1040.5003474290015
3005440,0.9217055800793483
3005441,1.0340820690060804
3005442,3.887073940947974
3005443,0.0
3005444,4.900161113552797
3005445,3073.294249852006
3005446,0.018133511960374805
3005447,543.4695958306588
3005448,10.84513600995837
3005449,964.6788505453077
3005450,922.1063950306311
3005451,180.34783647593193
3005452,140.56031870628667
3005453,162.8230575648824
3005454,3665.8365925771827
3005455,64.8510566189657
3005456,2.2101467353388333
3005457,29.330096448946225
3005458,21.353413048109804
3005459,0.23825543174092023
3005460,219.4188833834478
3005461,16.439513333467776
3005462,25.126970764090935
3005463,3.131226049612656
3005464,143.0799041467915
3005465,10.180564880258862
3005466,340.72186892384127
3005467,215.83711533738153
3005468,11.713048945847554
3005469,15.938922411912817
3005470,315.1727227647694
3005471,78.30040468823601
3005472,2564.6216614308346
3005473,0.41639970457058156
3005474,17.75721603818988
3005475,6.386098906996613
3005476,0.0
3005477,3.102359938436516
3005478,2981.4907043643716
3005479,0.0
3005480,360.0248292981577
3005481,18.036069230780203
3005482,893.8224309281945
3005483,778.7683713503042
3005484,167.0330030910723
3005485,85.45024173217988
3005486,113.8281823096959
3005487,3353.1791993966494
3005488,26.36159939965957
3005489,1.4192016343178158
3005490,40.705580598401085
3005491,82.62501524070476
3005492,0.018315894838959554
3005493,254.0276840809213
3005494,15.553872409543544
3005495,19.18316969971514
3005496,11.330390193622705
3005497,138.39854782104828
3005498,10.636383615048128
3005499,224.53654782613265
3005500,259.1452120084387
3005501,6.150947325517163
3005502,8.959434424150936
3005503,163.9083813457685
3005504,64.79687728509407
3005505,1803.4169768684349
3005506,0.6209977530127229
3005507,17.6078922686937
3005508,9.066267019986611
3005509,0.30232221766461603
3005510,2.7000929367641637
3005511,3020.9683952951596
3005512,0.0
3005513,690.2902697620945
3005514,11.66910992294797
3005515,1529.972265172212
3005516,568.624020707677
3005517,216.60969681324974
3005518,253.55424781683553
3005519,78.83740566612306
3005520,4539.163278342561
3005521,35.31599354672824
3005522,1.7135404564507968
3005523,15.404859630411632
3005524,14.80625542775992
3005525,0.020319200921723034
3005526,312.03030746296685
3005527,5.9384333284552575
3005528,16.453404930737857
3005529,9.133261659789511
3005530,87.95882031400245
3005531,5.646995342070835
3005532,239.45332170141631
3005533,206.29094878107085
3005534,7.2407895420060235
3005535,8.592744643845542
3005536,296.9459717632123
3005537,57.55220037239375
3005538,1491.476810583129
3005539,3.017001063148429
3005540,15.743206454809132
3005541,3.7137020374610845
3005542,0.1694367870568235
3005543,3.7359785708087734
3005544,2366.6002589615637
3005545,0.0
3005546,316.81364122263466
3005547,10.03201958549594
3005548,760.7405816267394
3005549,684.2112671902943
3005550,216.26549307627204
3005551,130.9700259441465
3005552,94.37211033937488
3005553,3181.1587900457953
3005554,24.54316242312836
3005555,1.534002956392579
3005556,26.02117620014044
3005557,8.177800862680954
3005558,0.5873702759592077
3005559,197.94856627315122
3005560,14.844812166606495
3005561,24.083278690938332
3005562,0.6493930673318263
3005563,120.60444314047973
3005564,9.064444537286857
3005565,572.1933535486221
3005566,172.91063101759136
3005567,6.338565457290513
3005568,8.816641120339611
3005569,490.6471729012528
3005570,35.87362557636874
3005571,1849.6072401513075
3005572,0.0
3005573,26.99578751327257
3005574,3.135045499345085
3005575,0.17893672219498394
3005576,2.2719795230682807
3005577,4171.650777826903
3005578,0.0
3005579,331.35528541052514
3005580,12.843269872041489
3005581,1731.9692386982751
3005582,508.54146989034905
3005583,363.3375170537304
3005584,150.58136018258037
3005585,78.75334340696993
3005586,5015.354066998412
3005587,14.899596441387077
3005588,2.5405308271803317
3005589,30.392551756433015
3005590,27.07650155820576
3005591,0.24949515985191162
3005592,321.3575056223664
3005593,0.0
3005594,0.3858372530696909
3005595,9.3133107430947
3005596,53.957294197463725
3005597,1.6564257865300442
3005598,137.27478943981626
3005599,151.91600348608816
3005600,4.994243047507899
3005601,8.018290570815736
3005602,252.96895283569563
3005603,50.55467760921737
3005604,1038.4130339541714
3005605,0.0
3005606,6.4421910835189955
3005607,6.067031479499114
3005608,0.01469951843641018
3005609,7.642191474428427
3005610,2846.4142814190295
3005611,0.0
3005612,418.36056988274873
3005613,15.908536437794051
3005614,1312.1706680077039
3005615,647.8940547529272
3005616,239.64820421885506
3005617,129.02970733814632
3005618,201.08265239490322
3005619,3330.9651211315295
3005620,35.38340538258311
3005621,1.6667107567600463
3005622,33.86289101533152
3005623,27.503642125125587
3005624,0.6700330118695151
3005625,207.89930221602276
3005626,15.66323278019416
3005627,17.007008871232355
3005628,8.155641535892682
3005629,144.14319640929975
3005630,11.707112808880007
3005631,341.91851399680866
3005632,307.358102639371
3005633,13.208848781644923
3005634,7.1680530462822
3005635,230.27829841009415
3005636,48.436903269540146
3005637,1979.5420110317289
3005638,0.0
3005639,7.747649304645201
3005640,2.3206002744778216
3005641,0.12756966760063035
3005642,3.0337666212953716
3005643,2642.8592212680596
3005644,0.0
3005645,439.5512469165178
3005646,12.533560898199568
3005647,719.4492147141804
3005648,830.5913734720148
3005649,200.7622463560111
3005650,145.64443628966723
3005651,138.3491231916023
3005652,3107.7417890992965
3005653,36.67995356953724
3005654,1.594856495394172
3005655,29.377351141259567
3005656,14.996819960429052
3005657,0.12959651852605245
3005658,173.90305228885256
3005659,15.915159476146023
3005660,40.57089987350401
3005661,4.20137552418226
3005662,88.76186001860239
3005663,11.447721191211134
3005664,320.29205678255687
3005665,166.34830069032816
3005666,9.53999585913135
3005667,8.311993755694743
3005668,286.50749211897215
3005669,50.82376446888703
3005670,2428.054620650904
3005671,0.0
3005672,20.928534088812746
3005673,4.763858904648623
3005674,0.10392038393372974
3005675,3.0681715363544613
3005676,4344.348068362016
3005677,0.0
3005678,445.42305700868593
3005679,20.65365151522856
3005680,1053.0555386906706
3005681,508.0255582315654
3005682,274.78866017487076
3005683,166.8199032504454
3005684,61.76509635033954
3005685,4101.947004580534
3005686,10.837294433499208
3005687,0.0
3005688,9.531191759690174
3005689,14.528942917271529
3005690,0.0675335459116933
3005691,203.78161191158196
3005692,0.0
3005693,8.50896106659988
3005694,0.5486232175997241
3005695,69.97638878683885
3005696,3.8398486771182316
3005697,205.2484340952883
3005698,224.1912739509074
3005699,2.3029914962293154
3005700,1.6006701159346062
3005701,294.372967817756
3005702,107.14812033538132
3005703,1013.9030703258308
3005704,7.385752724546925
3005705,1.4370415774337952
3005706,16.354749740533865
3005707,0.0
3005708,17.872734098664903
3005709,9520.268261715684
3005710,0.0
3005711,1639.0323456654685
3005712,45.978829393401824
3005713,2459.8769296636874
3005714,2593.042240363657
3005715,695.2896762428774
3005716,697.0446335244069
3005717,508.8398732206708
3005718,10096.502930341068
3005719,102.09263797403557
3005720,3.8437042134611543
3005721,97.49980811968646
3005722,112.80085398563905
3005723,1.7930497549045716
3005724,640.1397999398455
3005725,26.529075635770756
3005726,28.035064504968233
3005727,12.235408342152367
3005728,505.53693373477756
3005729,29.599377165623984
3005730,1586.4071477517734
3005731,471.82001211711173
3005732,35.58019737498466
3005733,30.953300510761185
3005734,1749.6828817814703
3005735,239.22989946608044
3005736,8494.632886533023
3005737,80.1283641106032
3005738,126.48318500966568
3005739,12.600704743607258
3005740,0.0
3005741,10.165345801491084
3005742,9038.241622283618
3005743,0.0
3005744,1276.8978306927254
3005745,42.73937950433417
3005746,2513.435970176616
3005747,2323.8446942830824
3005748,840.0028890822672
3005749,413.5180234613972
3005750,437.758490263785
3005751,10653.722479656964
3005752,165.74483854576806
3005753,1.607959745358591
3005754,54.90350584953884
3005755,119.91512607159609
3005756,1.0537293388487288
3005757,607.9197304351169
3005758,21.883898091914848
3005759,45.097350156574464
3005760,5.581450887379389
3005761,326.90150608889843
3005762,22.462011717532622
3005763,1979.7353904351996
3005764,592.259341262717
3005765,22.537132361314917
3005766,28.33227205690817
3005767,1810.3845467418575
3005768,223.23444464307917
3005769,5886.7117351715115
3005770,144.49304899941095
3005771,128.12545526541717
3005772,10.229244097891444
3005773,0.0
3005774,15.073547048291807
3005775,5437.327263821595
3005776,0.0
3005777,888.2624617110868
3005778,18.141747720963203
3005779,2090.8929153059926
3005780,1328.1677284454638
3005781,718.6546938951469
3005782,141.42155061245208
3005783,252.50085568415926
3005784,8531.91773120039
3005785,47.318233376299176
3005786,2.4636570184299242
3005787,37.96461523448382
3005788,28.086234524151134
3005789,0.3688968914523083
3005790,482.2253732705699
3005791,16.123647658671818
3005792,23.714619903959274
3005793,6.365087696213597
3005794,167.05088459778787
3005795,8.639479502108104
3005796,1842.495258225325
3005797,568.3425456934878
3005798,20.50135112639808
3005799,43.68898602453804
3005800,941.9543616124423
3005801,126.69510387197035
3005802,2185.785558690659
3005803,73.44217733220927
3005804,54.353011086688284
3005805,14.369532642930036
3005806,0.0
3005807,14.252066390949748
3005808,8446.531258846251
3005809,0.0
3005810,1137.1829936791164
3005811,37.550716165328375
3005812,2149.3387044318733
3005813,2140.72620211303
3005814,786.0352244544403
3005815,383.9191848441496
3005816,285.83830053651883
3005817,9666.15334589624
3005818,73.08023749244695
3005819,1.657660839554615
3005820,45.845669369224076
3005821,78.84084555946123
3005822,1.4391464996756023
3005823,566.9789754660309
3005824,23.00583696104923
3005825,38.41948964768843
3005826,6.503505293950944
3005827,284.0265613406885
3005828,14.527569586202622
3005829,1762.337401536412
3005830,543.2326621685911
3005831,18.920457263748744
3005832,21.99827629412369
3005833,1552.4492916456238
3005834,193.24834207655212
3005835,5115.32107932077
3005836,104.55806847010187
3005837,88.8162083527912
3005838,12.46894852361655
3005839,0.0
3005840,14.688958445877425
3005841,3829.586614295618
3005842,0.022278992711586607
3005843,717.8868182765375
3005844,20.96114616282796
3005845,1549.0670548425937
3005846,1032.2114635006544
3005847,606.2478127004864
3005848,100.92524604336445
3005849,177.61909888648444
3005850,6446.028632634937
3005851,40.619023526999605
3005852,0.3311325821352315
3005853,30.59617097023636
3005854,41.57324848317627
3005855,1.1674722339381716
3005856,415.14670222477037
3005857,13.773643831890286
3005858,10.488573420788303
3005859,1.9268787191278922
3005860,156.35438981629173
3005861,5.044966972056875
3005862,1557.398626229136
3005863,476.1923560299142
3005864,19.037402005450094
3005865,15.46860779985072
3005866,926.3754653936686
3005867,65.04787073380813
3005868,1459.7801152892703
3005869,85.62389229985158
3005870,27.98678221233916
3005871,10.571593232525624
3005872,0.0
3005873,9.177414911497374
3005874,7256.611165247391
3005875,0.0
3005876,1276.0975984815018
3005877,43.82665444629412
3005878,1907.0245650039685
3005879,2379.849500116126
3005880,537.9790410289319
3005881,554.8780198875082
3005882,453.7156728014615
3005883,8205.88303668106
3005884,83.21045560189432
3005885,0.5667032002602881
3005886,55.637435782684186
3005887,66.70779445161712
3005888,1.5514875705761426
3005889,455.12094948893827
3005890,15.908659243085921
3005891,43.09754080843281
3005892,23.21938791880171
3005893,393.14810971545114
3005894,23.4901354718966
3005895,1522.9768147551863
3005896,451.0744984958639
3005897,20.80137973462272
3005898,34.962856788268105
3005899,1533.083057595056
3005900,240.08383772225685
3005901,7673.509507447941
3005902,73.8198622838762
3005903,119.08351379344995
3005904,6.7754986446085965
3005905,0.0
3005906,3.4396174098570143
3005907,1868.3996780094756
3005908,0.0
3005909,323.6751747390845
3005910,27.26230059734967
3005911,845.4720561214078
3005912,496.8422976479594
3005913,245.57148310059654
3005914,94.29100341182777
3005915,120.3162530799812
3005916,2897.1559984032797
3005917,51.60481748315375
3005918,1.4935729293634732
3005919,23.3760148375305
3005920,17.952828619175193
3005921,0.798659686393779
3005922,209.06813472406066
3005923,9.776513374017473
3005924,5.274741553163824
3005925,11.871310603007295
3005926,71.82715009873961
3005927,7.788598165609601
3005928,326.9090139289024
3005929,196.541280419314
3005930,3.4282917020752355
3005931,7.748541363595888
3005932,292.7176494035081
3005933,48.15384851318681
3005934,1549.6181552242574
3005935,4.327585995701516
3005936,13.129736679973186
3005937,11.051847888789538
3005938,0.0
3005939,10.559607922484163
3005940,4190.593353706468
3005941,0.0
3005942,578.921862393845
3005943,37.159800109110755
3005944,1597.47045056171
3005945,1086.2674183535253
3005946,491.6783307741285
3005947,100.81861795018486
3005948,179.06822380278766
3005949,6189.045378411735
3005950,148.5970416858605
3005951,1.8085942682845297
3005952,37.41056654015096
3005953,54.521412294751336
3005954,0.8268786909700083
3005955,394.304095575049
3005956,15.39288556223557
3005957,2.1038362183339983
3005958,3.778230546662315
3005959,187.44081297345286
3005960,10.3579103703855
3005961,896.9364079125678
3005962,407.57294469551255
3005963,11.583946574843944
3005964,18.57935493813359
3005965,486.9803101121215
3005966,70.99554126480875
3005967,2041.2374456932046
3005968,80.1930859305799
3005969,22.514767146579334
3005970,8.092611702711734
3005971,0.0
3005972,3.1634911862348125
3005973,4858.1334744533415
3005974,0.0
3005975,896.6514358063499
3005976,13.005897452274468
3005977,1555.0037878221779
3005978,1783.5244205365955
3005979,330.59581186517056
3005980,424.49879226378613
3005981,353.89291289674367
3005982,5402.1428589342695
3005983,48.2092055728893
3005984,2.131238884071843
3005985,47.00647878431953
3005986,27.16936935071843
3005987,0.929367408389882
3005988,338.38742810256537
3005989,2.8350609891391882
3005990,65.6789890231099
3005991,8.484084174257703
3005992,206.10358087778292
3005993,13.763238788252831
3005994,1135.7980841364613
3005995,262.8432510516885
3005996,25.970575801002422
3005997,13.692503233824265
3005998,3559.854329262123
3005999,125.62874717957135
3006000,5620.649307722076
3006001,16.289386599355602
3006002,76.05308404361713
3006003,15.01916209998292
3006004,0.0
3006005,10.442821345144823
3006006,5577.819996976729
3006007,0.0
3006008,1057.0706688437676
3006009,14.852194169045099
3006010,2108.7222386982758
3006011,1460.3431653459777
3006012,471.6080472486785
3006013,271.32097941010187
3006014,505.0559967418725
3006015,7634.205511740518
3006016,65.50748912897377
3006017,3.9039533375017106
3006018,70.45670138211125
3006019,57.52328629815235
3006020,0.74743349940568
3006021,450.3860680890312
3006022,9.98130356914506
3006023,90.65250131273771
3006024,8.16500588582982
3006025,329.87591290215295
3006026,13.154054694861179
3006027,807.8208559920521
3006028,444.630011001842
3006029,21.086927889138238
3006030,34.70154625622776
3006031,701.6454357806762
3006032,170.63812223206062
3006033,6077.391016818602
3006034,4.135374889713337
3006035,11.673942457742418
3006036,9.119128410234127
3006037,0.13057808858592168
3006038,2.668462583042768
3006039,2239.9740107806074
3006040,0.0
3006041,440.7653826836575
3006042,9.135487979240624
3006043,936.6871318325532
3006044,476.3636636139183
3006045,263.9960961243621
3006046,89.03431933429269
3006047,165.45303804093655
3006048,3064.744095410722
3006049,19.085159220520353
3006050,1.369393769601608
3006051,28.531105585647072
3006052,21.427920467378364
3006053,0.26496719762846477
3006054,178.44902821740683
3006055,3.2452328264912813
3006056,13.565367744336188
3006057,5.226209405663511
3006058,124.92732468763741
3006059,3.484180172387285
3006060,463.4049260158829
3006061,191.02256454786485
3006062,6.906601061856701
3006063,5.245008869046116
3006064,260.8041507386721
3006065,54.26976660304789
3006066,2095.2103854917755
3006067,5.887165504319351
3006068,6.241537293579763
3006069,4.727904885150371
3006070,0.016612284983583036
3006071,1.8300229495846483
3006072,3680.1138314533637
3006073,0.0
3006074,184.93604849390442
3006075,3.10019731725625
3006076,1144.8452825218635
3006077,186.64151355126
3006078,253.41722652568546
3006079,53.41745736434588
3006080,35.52793502867272
3006081,3397.7347065560607
3006082,8.436016212002437
3006083,0.8911970305441497
3006084,18.257931280568734
3006085,11.965337596257386
3006086,0.4306382594320711
3006087,190.790545014545
3006088,0.0
3006089,0.0
3006090,4.750356047617681
3006091,29.89941047796237
3006092,1.2234915062872285
3006093,55.114558321744106
3006094,140.0391808593905
3006095,0.0
3006096,2.5506621550443604
3006097,77.59501863393137
3006098,79.42262472732736
3006099,617.9579346989397
3006100,0.4817282352117395
3006101,1.599611204395547
3006102,4.530402200063086
3006103,0.13834362986709284
3006104,4.400636735101297
3006105,3051.9842683973475
3006106,0.0
3006107,482.6995451725387
3006108,15.111185936735373
3006109,1158.9489671101794
3006110,905.9418871572209
3006111,349.4497129419069
3006112,175.46816271306884
3006113,151.9462071163812
3006114,4434.561762355651
3006115,44.969950061143265
3006116,1.4023969648801486
3006117,35.317661323741824
3006118,51.487451271244275
3006119,0.17288694484113926
3006120,281.65177214502273
3006121,19.26266767817095
3006122,22.574142645274016
3006123,9.52373084187703
3006124,121.33416845509433
3006125,7.160473295541047
3006126,667.50637235066
3006127,244.51134030808552
3006128,8.740054200166115
3006129,11.97406533548838
3006130,705.1969382605763
3006131,81.83776177225937
3006132,2197.615225698759
3006133,0.0
3006134,49.771567694027276
3006135,5.410662701638028
3006136,0.0
3006137,4.739708296019475
3006138,4168.776941262727
3006139,0.18133440306781892
3006140,675.0399939673297
3006141,25.6236593979481
3006142,1094.4893933910726
3006143,1401.8096364005735
3006144,217.9924120104265
3006145,313.71948413200306
3006146,312.6822417334332
3006147,4145.990835257503
3006148,42.42655635993866
3006149,3.03662486682915
3006150,32.624944499964975
3006151,29.55529581545791
3006152,0.41345145183630083
3006153,221.20948920970403
3006154,17.072876383132822
3006155,45.67322898304598
3006156,7.355622634090789
3006157,238.5127940658001
3006158,17.25160993125738
3006159,812.9301712243672
3006160,222.41815522599597
3006161,7.461578884222628
3006162,14.630820598641735
3006163,880.9470747375204
3006164,136.4560111797364
3006165,5093.57584344082
3006166,0.12030966657559852
3006167,64.75488078774599
3006168,4.677743528508756
3006169,0.43162816829234496
3006170,7.612111182717067
3006171,4531.69273320289
3006172,0.0
3006173,853.6061607024509
3006174,31.74199681333693
3006175,1224.2289682772494
3006176,1481.3999909242773
3006177,340.09075355664777
3006178,354.03207073699946
3006179,195.75585653009225
3006180,5113.274741465092
3006181,47.346781862496904
3006182,3.5901031212142893
3006183,49.52088283280259
3006184,39.298886538231265
3006185,0.8975991196424086
3006186,313.53437456242045
3006187,23.511261372997538
3006188,28.816542552422664
3006189,19.204728032352094
3006190,226.66520692712794
3006191,21.184991015438346
3006192,928.0970678887122
3006193,312.2347905898234
3006194,18.022542796285983
3006195,21.434793802180224
3006196,921.5212335219089
3006197,138.35477597556138
3006198,4191.328326324511
3006199,0.0
3006200,68.78385497150131
3006201,13.46284538656097
3006202,0.28583487361541465
3006203,5.278229069534644
3006204,2342.381540533037
3006205,0.0
3006206,441.4247253798972
3006207,14.06285705537604
3006208,1231.0467832267195
3006209,597.4497368887999
3006210,602.7397620891544
3006211,169.90031192154817
3006212,84.94808967550573
3006213,5081.27734483147
3006214,13.716686560490002
3006215,1.1165152782165608
3006216,14.423471784773366
3006217,31.237006480160474
3006218,0.1786400404646772
3006219,309.2949645155946
3006220,11.930470871723617
3006221,5.964581801663169
3006222,3.5896782811473398
3006223,62.291587964535495
3006224,3.3398639830737697
3006225,301.0902749976654
3006226,275.0107462742254
3006227,7.479179152345722
3006228,6.446871662613808
3006229,456.5658252483934
3006230,99.40038025142782
3006231,1129.49994940602
3006232,30.033886621336872
3006233,16.892937775937813
3006234,4.456658878853842
3006235,0.0
3006236,3.3728073510186647
3006237,2523.1805336892007
3006238,0.0
3006239,389.0769281787758
3006240,13.259401873775055
3006241,630.6623227593637
3006242,770.4096110401341
3006243,147.23271820947423
3006244,172.9996978302981
3006245,142.45012780066514
3006246,2828.9114109019156
3006247,22.729866971600142
3006248,2.693557612743992
3006249,28.378039524004677
3006250,23.26962453471914
3006251,0.6913163424416249
3006252,192.0419133062085
3006253,15.659344816681815
3006254,15.535739956120166
3006255,8.81483519489426
3006256,125.58534342123922
3006257,7.3746905037455
3006258,331.5504727223791
3006259,148.67064376947178
3006260,6.566691972900181
3006261,8.474414524796194
3006262,303.4696219124393
3006263,55.72216336198784
3006264,2449.844469784028
3006265,0.0
3006266,26.973617164425153
3006267,2.6313931586653996
3006268,0.0
3006269,3.1897796079883136
3006270,1489.1102516622022
3006271,0.0
3006272,113.7418772612044
3006273,8.618624291852267
3006274,999.0257310413081
3006275,347.5351632946147
3006276,272.32661436771986
3006277,49.71474201317178
3006278,46.54571412883774
3006279,3102.3636000953306
3006280,11.901617929107152
3006281,0.6306015451837838
3006282,17.063160455872048
3006283,11.457280254069575
3006284,0.24905880964339683
3006285,220.35015080666273
3006286,5.40484586798774
3006287,0.0
3006288,2.753284798596684
3006289,28.828199303214987
3006290,1.1144431814440166
3006291,159.91292066694172
3006292,202.94491404428535
3006293,1.1600028788290115
3006294,4.7769487271517495
3006295,171.55504625408932
3006296,30.933895258052456
3006297,274.1646664291591
3006298,0.5013906263824416
3006299,1.123952378831917
3006300,9.138088576918102
3006301,0.34517805825305486
3006302,2.938252452833631
3006303,5048.263753376168
3006304,0.0
3006305,671.2595494362399
3006306,26.991854596450885
3006307,2020.881842582115
3006308,701.1584179292058
3006309,505.15356579080833
3006310,198.72318376015562
3006311,126.23937132295113
3006312,7920.511397671092
3006313,39.83737604398823
3006314,1.2006511894976806
3006315,24.9756829294261
3006316,23.089582927887133
3006317,0.6675103787200367
3006318,488.6469040206935
3006319,17.560116196264843
3006320,2.9694585958429114
3006321,8.522154688144257
3006322,82.0795925345877
3006323,4.1144010614922015
3006324,609.942679703777
3006325,412.72064226695767
3006326,3.1774067388080094
3006327,15.673465998183376
3006328,310.3974836805649
3006329,107.87625155070491
3006330,1333.3911352906043
3006331,7.530001951403641
3006332,10.917491653507048
3006333,7.602778631144311
3006334,0.10311513661697974
3006335,0.4472877986808291
3006336,1903.1316601235173
3006337,0.0
3006338,194.30063740099294
3006339,11.883997500864144
3006340,1094.9697059796881
3006341,499.796795811519
3006342,236.6066632107164
3006343,62.94857410495746
3006344,59.19518308777601
3006345,3222.058058468476
3006346,15.534670928343475
3006347,0.875597350418811
3006348,18.79955886699184
3006349,20.754549037473687
3006350,0.23219681877434398
3006351,191.8743291701854
3006352,11.028934505272549
3006353,0.0
3006354,5.886240223024002
3006355,70.42937083933947
3006356,1.7863129932429216
3006357,123.7087058362815
3006358,196.10017618931363
3006359,2.3189539721224515
3006360,6.432361706589543
3006361,147.4412236920063
3006362,32.58004327827673
3006363,410.7415411904229
3006364,1.492949471461978
3006365,5.603269258813474
3006366,5.823973122385412
3006367,0.0
3006368,5.46086717407037
3006369,2047.5684078976371
3006370,0.0
3006371,144.08291092797413
3006372,9.690888334511266
3006373,992.9835261011639
3006374,380.7006247339206
3006375,209.30522143036953
3006376,43.775178629648344
3006377,48.07620900929415
3006378,3653.486001784048
3006379,19.230042084621108
3006380,0.30592774988981464
3006381,21.667606036546967
3006382,14.210587893278689
3006383,0.057931834043298026
3006384,198.5915393049371
3006385,3.869765900289426
3006386,0.0
3006387,4.217361534867683
3006388,70.42954622240342
3006389,0.9399691699583782
3006390,214.22952225375923
3006391,241.46448404987112
3006392,1.0786151448707797
3006393,4.381503715704688
3006394,181.00436085088614
3006395,22.14831353223371
3006396,228.62906113831738
3006397,0.7348767686119752
3006398,2.678642132146188
3006399,5.464257592124572
3006400,0.0
3006401,3.5663288333205867
3006402,1768.9858356192767
3006403,0.0
3006404,193.2989278297648
3006405,11.27760203275557
3006406,2096.0283898202133
3006407,521.1723233175039
3006408,324.60034186783594
3006409,46.74100172773245
3006410,73.02696193201469
3006411,3881.583495460077
3006412,15.672997970544696
3006413,0.441421743412156
3006414,13.700595485136976
3006415,28.568555587675014
3006416,0.24204672413285314
3006417,318.3765238086819
3006418,4.588039892462438
3006419,0.0
3006420,4.3394128105478345
3006421,33.02468326303824
3006422,3.1306970441661126
3006423,373.9911438593192
3006424,373.0661930313499
3006425,2.263756376629662
3006426,7.039356009298991
3006427,173.44978399547884
3006428,97.71782198065414
3006429,504.8544192170106
3006430,1.0213011755655224
3006431,6.554274732937773
3006432,6.170131133770191
3006433,1.1008521900071973
3006434,5.290975551966921
3006435,1739.616247286449
3006436,0.0
3006437,163.94206719735658
3006438,5.154387397489201
3006439,988.5421397123274
3006440,358.7022987625174
3006441,289.4098011654623
3006442,93.61513522087876
3006443,86.39334161083885
3006444,2961.330122063351
3006445,9.645477328995261
3006446,0.93371737744112
3006447,12.722796274096583
3006448,20.815929703231344
3006449,0.1781605778466064
3006450,249.98701630789017
3006451,11.287485071139045
3006452,0.0
3006453,4.382854264388129
3006454,40.129395096644956
3006455,2.5418335974690702
3006456,124.54932985110352
3006457,205.1675991497154
3006458,1.1444389467684504
3006459,6.330686234829852
3006460,93.35162389173814
3006461,43.756843012310505
3006462,608.2466181865
3006463,0.5151276195867522
3006464,6.518545574836386
3006465,5.587884295727281
3006466,0.16963016130517225
3006467,2.576088010125831
3006468,1314.0751682667283
3006469,0.0
3006470,142.97508342748088
3006471,9.119529470754642
3006472,1415.6286020152784
3006473,264.071483874027
3006474,162.94167748100622
3006475,143.41509884161002
3006476,72.82181460055745
3006477,2142.046714258967
3006478,7.106559192887282
3006479,0.7861252995717607
3006480,11.716611446978662
3006481,13.985502379777623
3006482,0.14659380909727696
3006483,169.49501517134098
3006484,0.0
3006485,0.0
3006486,2.6468932457130085
3006487,89.68045661591125
3006488,1.569101838193613
3006489,52.1314404522386
3006490,143.44056689772137
3006491,1.4570670638575338
3006492,4.2859021701904885
3006493,67.08625516971318
3006494,31.98648859353483
3006495,531.9824953707355
3006496,0.876974889312285
3006497,0.46605273419886695
3006498,16.062779536588895
3006499,0.5425861815771968
3006500,4.800244087241709
3006501,3605.233961551622
3006502,0.0
3006503,368.96065737031086
3006504,14.729001439392423
3006505,1304.4774174925367
3006506,819.297828115981
3006507,569.8185705261715
3006508,195.44508451869658
3006509,161.91851514379198
3006510,5050.308005758185
3006511,20.557859420431654
3006512,1.6204198691543303
3006513,24.25253546711414
3006514,13.818702252664618
3006515,1.0358855266548908
3006516,348.46803188062677
3006517,2.6155161610209112
3006518,0.0
3006519,9.37465168625764
3006520,90.92810994540649
3006521,4.261490674087986
3006522,268.7638963247025
3006523,320.11569103228567
3006524,3.857133341043775
3006525,9.543721420718533
3006526,426.7327699238541
3006527,63.677439105050304
3006528,1499.5670523609963
3006529,3.36687863325673
3006530,18.700531216339048
3006531,5.7040837691112545
3006532,0.3484163582751469
3006533,5.580964418063166
3006534,2970.86909559478
3006535,0.0
3006536,688.0338950027407
3006537,9.34891459013466
3006538,754.4776173899323
3006539,833.9283762913302
3006540,285.63425652352896
3006541,221.93685789595912
3006542,99.19201171475478
3006543,3668.2543682450537
3006544,13.695134518616772
3006545,0.8472354631437103
3006546,26.62358347560441
3006547,19.465180552444615
3006548,1.0499304031149037
3006549,277.84039436885416
3006550,16.074099795007502
3006551,4.0519355270816275
3006552,5.813272153462209
3006553,92.21190837160003
3006554,2.4154059534266747
3006555,116.15280299511461
3006556,231.00669636185668
3006557,5.769451114649007
3006558,9.30797179160703
3006559,254.25015222169722
3006560,66.12912387453443
3006561,2057.8102794676956
3006562,14.509536180104769
3006563,19.95646951704303
3006564,10.471103093428237
3006565,0.4928762350155107
3006566,4.869955552287509
3006567,3514.953119919957
3006568,0.0
3006569,206.62028995112715
3006570,8.384865417856567
3006571,1518.4466971203879
3006572,539.4028844913146
3006573,424.46824523182363
3006574,78.55285691577653
3006575,55.61098985688589
3006576,5233.311639951396
3006577,38.335385773547294
3006578,2.2019807369979203
3006579,23.310829478293158
3006580,19.82112692225064
3006581,0.5712436307387558
3006582,307.49259871662275
3006583,11.105093433905235
3006584,0.0
3006585,4.722169790310541
3006586,55.69550874620098
3006587,4.198596606351744
3006588,218.65200232807243
3006589,278.17588135799366
3006590,2.236115128682349
3006591,8.531958554684604
3006592,366.88911995061665
3006593,40.508450743766154
3006594,594.3989438811342
3006595,0.880126320238562
3006596,7.400187601346643
3006597,8.221769199574585
3006598,0.0
3006599,13.119451768574638
3006600,3918.8786078171415
3006601,0.0
3006602,785.1658901733324
3006603,21.583882546863535
3006604,1119.4913787744972
3006605,1066.4645744081342
3006606,274.51323179893296
3006607,222.7466660026429
3006608,166.1126960658535
3006609,4872.041261212864
3006610,57.35048869691288
3006611,1.883060354028071
3006612,32.79634617216009
3006613,37.569949546166775
3006614,0.21914600620743876
3006615,319.2238795988616
3006616,33.520511095865
3006617,23.74798700840375
3006618,7.911496155972662
3006619,163.1508328884421
3006620,10.187499514369062
3006621,470.06443427507236
3006622,304.0731662390885
3006623,11.817217923555619
3006624,10.546687053810851
3006625,552.2804926923737
3006626,137.334308237614
3006627,2741.286650876017
3006628,0.16552742812208213
3006629,37.41237102096338
3006630,11.932703527860497
3006631,0.6896356169917884
3006632,7.061315136870892
3006633,4475.081351533477
3006634,0.0
3006635,560.8013524501748
3006636,16.56699893205303
3006637,1981.0663622024736
3006638,964.0974682765024
3006639,771.4096797855701
3006640,124.91891255525294
3006641,134.81103055559765
3006642,7034.47301883647
3006643,23.484609162964098
3006644,1.3246493894854976
3006645,34.19736304921179
3006646,23.823396788508052
3006647,0.25138023935947024
3006648,462.6373972555833
3006649,8.767771014144524
3006650,7.923670769972315
3006651,6.334098709307651
3006652,94.57293169609778
3006653,2.5554331896636624
3006654,368.33638659265534
3006655,427.570138604645
3006656,6.309685675736046
3006657,6.331288309169204
3006658,359.59487570602147
3006659,82.43795541608908
3006660,1174.8419567046747
3006661,11.78426464826269
3006662,26.712045333196524
3006663,14.586387433477386
3006664,0.329396907410267
3006665,5.035432695320146
3006666,3216.1141580806743
3006667,0.0
3006668,476.82322604825197
3006669,8.05044161567829
3006670,2057.34180411541
3006671,682.793863108716
3006672,387.59746698265485
3006673,293.65221654611724
3006674,197.40576615758255
3006675,4539.629064154273
3006676,19.459150372824773
3006677,0.7644625533596294
3006678,41.65152358599093
3006679,37.40132384400944
3006680,0.6070105140907374
3006681,377.22596627203274
3006682,6.762167729527218
3006683,3.875721986044631
3006684,13.730940011308936
3006685,107.93961066212485
3006686,3.0205557907972156
3006687,127.98780592750808
3006688,342.3816864560065
3006689,4.4551061421469536
3006690,6.707449501200375
3006691,198.34128248249152
3006692,172.61152949969153
3006693,1406.4393935233466
3006694,4.718686167359737
3006695,12.592256108520502
3006696,5.046529278292524
3006697,0.03625407135351208
3006698,3.7740637810652102
3006699,1780.3860011676104
3006700,0.0
3006701,144.18554698626923
3006702,12.015588631253967
3006703,674.7470299169524
3006704,377.7867481868451
3006705,181.2087243927944
3006706,48.71805704171345
3006707,132.9146384373605
3006708,2768.122005197908
3006709,13.629532086500118
3006710,0.8144594939640522
3006711,22.79792731462177
3006712,24.191934485097143
3006713,0.2548376116325364
3006714,180.89906677212417
3006715,3.1111309387994486
3006716,0.0
3006717,6.328453433702628
3006718,111.56742316819395
3006719,4.438493241634276
3006720,86.9791399817842
3006721,162.98776353722485
3006722,1.5525883106470897
3006723,6.8806798374626155
3006724,131.15634406853528
3006725,31.853343789258716
3006726,489.29033654777464
3006727,1.4853979867456362
3006728,3.3616709446537683
3006729,1.5619802109035303
3006730,0.0
3006731,1.5021308571105378
3006732,1721.3808013467058
3006733,0.0
3006734,264.84403315224426
3006735,20.87598633147125
3006736,573.073691945453
3006737,522.1982447116216
3006738,147.49640437120078
3006739,55.253315550092104
3006740,111.88628375364455
3006741,2303.7509765305367
3006742,29.55938907093968
3006743,0.9183245271588154
3006744,18.265285159643447
3006745,16.175146029280675
3006746,0.42962901376490825
3006747,132.91492271270008
3006748,18.39164908203544
3006749,3.96309163104399
3006750,3.2245611226365014
3006751,111.80255263152499
3006752,6.889925201517818
3006753,349.14646837885846
3006754,161.01844368580433
3006755,4.37592210782047
3006756,6.587875593257103
3006757,276.7884890038988
3006758,37.92405758986877
3006759,1180.1415672987334
3006760,0.0
3006761,6.204323838671487
3006762,4.456486116976733
3006763,0.002821626432556571
3006764,5.129416712293132
3006765,4478.6914711126
3006766,0.0
3006767,879.5552431402906
3006768,19.33703172798226
3006769,1388.7152642400129
3006770,1618.4927055897922
3006771,344.20050534537376
3006772,299.33639899148704
3006773,243.28210147436354
3006774,5471.658598052162
3006775,43.100129461451125
3006776,1.4554568424883108
3006777,25.39327065877433
3006778,41.899448677211716
3006779,0.2939475046550038
3006780,333.2326653478371
3006781,20.415423359549298
3006782,42.15700185011048
3006783,13.394903667211782
3006784,165.81125205855975
3006785,18.56147440142979
3006786,455.1995686033983
3006787,347.20793129238933
3006788,19.609175876249108
3006789,12.909674638723883
3006790,635.1854811608129
3006791,148.73413568681767
3006792,4040.257667502326
3006793,1.1434195718726072
3006794,26.330633267979483
3006795,3.5349415455318254
3006796,0.0
3006797,4.630040926023016
3006798,2804.4646740175076
3006799,0.0
3006800,391.93203458951376
3006801,10.001669473493916
3006802,539.9672949992241
3006803,713.7349370936737
3006804,167.06256368015605
3006805,147.97634645550346
3006806,303.4121884284685
3006807,2255.0415348712695
3006808,20.955738656030572
3006809,1.2386332342333124
3006810,14.591388244557953
3006811,15.541980006349924
3006812,0.2562932772768726
3006813,124.02625743795106
3006814,0.0
3006815,32.411510669921306
3006816,5.506893202926842
3006817,426.86806812740645
3006818,12.87651630955542
3006819,235.50040778105907
3006820,120.05252036682815
3006821,4.7055449551745285
3006822,10.812129895827924
3006823,191.3091886598377
3006824,39.68868055887931
3006825,1653.2467894418367
3006826,5.043248502849933
3006827,6.5751332018793995
3006828,6.1877915847889176
3006829,0.0
3006830,0.32700282837447053
3006831,1111.9510866637484
3006832,0.0
3006833,218.30998108141773
3006834,8.52498595889059
3006835,510.00883704793125
3006836,290.76481824357154
3006837,98.28433554857237
3006838,39.981385113189695
3006839,68.44729129376678
3006840,1852.0747709449479
3006841,13.88513324938553
3006842,0.8779772957070934
3006843,13.91300840150468
3006844,12.229586303671116
3006845,0.5829609200069421
3006846,94.02959098795935
3006847,0.0
3006848,10.302888958549937
3006849,1.834371583212304
3006850,48.47605420805787
3006851,0.7145041462739492
3006852,292.16419090627494
3006853,120.03780556246463
3006854,4.17439057729831
3006855,2.0139107366589992
3006856,178.13730562146162
3006857,26.36068857061983
3006858,566.3995751302324
3006859,2.2682484159624403
3006860,1.6317341580377835
3006861,8.048688952630357
3006862,0.26068646487275393
3006863,1.923851482459803
3006864,3875.5468324028693
3006865,0.26029341593158056
3006866,639.9599374240046
3006867,30.85123527430711
3006868,1078.6501397476086
3006869,1126.8475849408267
3006870,346.99613292068705
3006871,274.4307300373556
3006872,276.87786797008965
3006873,4405.346730045335
3006874,29.250626378005418
3006875,3.7098632649833405
3006876,24.52496029272925
3006877,35.12109908423886
3006878,0.56307973126751
3006879,268.00127342329944
3006880,13.407103265297044
3006881,48.928840971115555
3006882,10.236012266906725
3006883,352.26632237769076
3006884,5.926176701891289
3006885,329.92987623480786
3006886,268.99160820043323
3006887,12.764729758183462
3006888,11.945829456452714
3006889,408.00371798438715
3006890,84.56172427120549
3006891,2893.5320071384526
3006892,2.30385875958258
3006893,15.147905558643636
3006894,11.404534245120693
3006895,0.0
3006896,3.642761823556087
3006897,3809.3490470064194
3006898,0.0
3006899,710.2633451995194
3006900,25.69720394801903
3006901,1685.9148027448102
3006902,1009.5706582225276
3006903,416.9014789066635
3006904,289.8635328477693
3006905,134.09098052932185
3006906,5701.942912271272
3006907,17.23934256102622
3006908,2.1360137314582706
3006909,48.60782442110264
3006910,25.408032837299213
3006911,1.1386613067001712
3006912,341.57697117802485
3006913,0.0
3006914,8.650860974752112
3006915,8.042366704011192
3006916,132.69845409249731
3006917,2.1153660772286806
3006918,224.65032059197873
3006919,348.04076507575206
3006920,9.093052958747533
3006921,6.660734718698954
3006922,280.15642132240686
3006923,84.90304661486293
3006924,1833.5218338941472
3006925,12.08878110883668
3006926,3.3075370354806117
3006927,8.483082981519601
3006928,0.18984865596969067
3006929,2.5561373141292836
3006930,3353.2626241251733
3006931,0.0
3006932,637.5603115518508
3006933,19.931702828723715
3006934,1224.5014208179882
3006935,832.0709410957884
3006936,306.8854344571562
3006937,218.24292506648104
3006938,161.90635789855313
3006939,4477.601887651719
3006940,20.520388092521003
3006941,1.824284654476351
3006942,33.88270172626467
3006943,24.589145714138258
3006944,0.3693996726507923
3006945,293.07125803358826
3006946,0.0
3006947,10.489710416410887
3006948,8.751846965032504
3006949,265.89127149004673
3006950,2.3628828030175124
3006951,125.5710377083234
3006952,319.2006301971721
3006953,5.972170419157702
3006954,5.993892959468863
3006955,225.31584926897906
3006956,72.20114811335624
3006957,1236.200965810172
3006958,5.159082401683674
3006959,10.044310206548243
3006960,16.450689336731553
3006961,1.3167498581988835
3006962,17.332309369024305
3006963,11622.313391990225
3006964,0.0
3006965,1475.1330461185087
3006966,71.88621255831774
3006967,2449.6282959684904
3006968,2752.9803723921736
3006969,529.5275776541338
3006970,644.3688144677924
3006971,494.0042767722285
3006972,9934.403416526728
3006973,110.59066420839947
3006974,3.269144484144809
3006975,70.61218969785062
3006976,67.18284228635562
3006977,1.4869359796455708
3006978,659.0250706062125
3006979,57.34945739852146
3006980,76.18063780402112
3006981,26.677575608721092
3006982,403.7637139111708
3006983,39.22712651825956
3006984,903.3978964948714
3006985,672.023553439655
3006986,25.460692706882078
3006987,32.6361400723472
3006988,1370.5420258194172
3006989,263.6839627414631
3006990,9090.942372851336
3006991,2.184985561673882
3006992,100.75932615298493
3006993,4.876941812702066
3006994,0.24797487475567698
3006995,1.320298738642664
3006996,1576.530434707639
3006997,0.0
3006998,168.48451875040647
3006999,6.107053752094341
3007000,897.7673927289422
3007001,294.2500497130669
3007002,123.59600810622162
3007003,152.76323488283614
3007004,82.39274109560506
3007005,2378.170104990192
3007006,6.505139758692314
3007007,0.124706274616105
3007008,17.790490775734526
3007009,9.791115264328464
3007010,0.6406755073123535
3007011,182.0813403921925
3007012,0.05916436443942776
3007013,0.0
3007014,6.641969289852877
3007015,109.07352266082137
3007016,1.211757639970412
3007017,70.86485346127625
3007018,132.84609077628758
3007019,2.562705388924543
3007020,6.2480426273936285
3007021,121.12096627798422
3007022,18.721017205635803
3007023,578.6159487972827
3007024,1.3932208511779203
3007025,6.402740230800182
3007026,12.321353927451428
3007027,0.3197591156013678
3007028,4.725676585930875
3007029,3552.0593090885823
3007030,0.0
3007031,558.4244378902633
3007032,15.717629140224169
3007033,1619.896243353793
3007034,786.21918072624
3007035,291.6857447921155
3007036,294.1767705477017
3007037,189.22590115731737
3007038,5266.39367689742
3007039,15.498180588106187
3007040,0.4179722136797689
3007041,25.524847349448635
3007042,22.48158778532388
3007043,0.5478906023601205
3007044,349.5191181463636
3007045,1.7443596767599474
3007046,3.925258080014027
3007047,12.687420329914767
3007048,37.95489861967525
3007049,3.342280248453429
3007050,382.1000464459828
3007051,371.24914069384863
3007052,5.245635197682361
3007053,10.532174194978746
3007054,156.0821889318638
3007055,76.41254025128553
3007056,1545.5536108794029
3007057,6.497523870472304
3007058,8.612471515053027
3007059,2.301060351621243
3007060,0.0
3007061,1.1039512971778873
3007062,943.3724664082364
3007063,0.0
3007064,116.47206249259847
3007065,5.347236756339581
3007066,1435.353942485778
3007067,200.90985975559613
3007068,100.0224591065656
3007069,170.4324082763408
3007070,31.83422549244533
3007071,1612.351125603869
3007072,4.1209512315150665
3007073,0.40411327695531396
3007074,12.732245854065015
3007075,5.201849962485487
3007076,0.0
3007077,118.1729869627601
3007078,0.0
3007079,0.0
3007080,0.8520005762979423
3007081,55.851008827036054
3007082,0.3111553175866498
3007083,83.94386970205181
3007084,81.06434752834156
3007085,1.2769085401468876
3007086,1.4023630467408332
3007087,70.30909437505306
3007088,14.094087324062368
3007089,278.3921928063315
3007090,3.621884778893292
3007091,2.231955968712897
3007092,12.155135474995907
3007093,0.0
3007094,4.284182117611988
3007095,2273.5427574511896
3007096,0.0
3007097,237.49531223189203
3007098,16.180120728446933
3007099,1190.251979387941
3007100,477.41209257254974
3007101,203.1078652638754
3007102,169.31487009548334
3007103,155.36166704094916
3007104,3509.291115361743
3007105,5.627597162176434
3007106,0.8696385559561886
3007107,30.21192406823242
3007108,21.004843598373846
3007109,0.6739772794580222
3007110,270.90085093719495
3007111,0.0
3007112,0.0
3007113,14.923673247285183
3007114,85.01008146788988
3007115,2.069315267515654
3007116,296.6135806771146
3007117,257.71568795497217
3007118,2.7875312895096402
3007119,7.729046761130845
3007120,240.55083078375029
3007121,35.01811455804029
3007122,1397.2235222706483
3007123,5.648244165931063
3007124,2.4572700723821077
3007125,3.561024991161354
3007126,0.09577321848705607
3007127,2.963636403798825
3007128,2691.687613346245
3007129,0.0
3007130,691.5700303448365
3007131,12.305584836921179
3007132,1032.0341328470026
3007133,825.6553652066143
3007134,247.6345916760298
3007135,135.62327190046454
3007136,95.64691404989563
3007137,4773.233937017765
3007138,9.43583024573066
3007139,5.519094980935576
3007140,5.272830798593307
3007141,55.35613229085403
3007142,0.4394162507992088
3007143,264.9709429465273
3007144,4.724205198400959
3007145,6.671752669059266
3007146,5.239179525074843
3007147,63.800017821077596
3007148,3.1644625034994966
3007149,185.78824694669456
3007150,344.34620659527474
3007151,7.411903096542283
3007152,6.22818497128089
3007153,170.09434487661085
3007154,46.85060365002
3007155,691.0049992728212
3007156,8.828765972056058
3007157,5.219492513548984
3007158,5.905181813350394
3007159,0.0
3007160,0.8083383951122384
3007161,1625.8457076756642
3007162,0.0
3007163,93.13760179100706
3007164,5.263905692828903
3007165,546.1775150364906
3007166,208.9345528533729
3007167,102.75580399329907
3007168,184.68928112895296
3007169,115.07537132415091
3007170,1997.1231126179678
3007171,5.737032553205109
3007172,0.15285505887928108
3007173,16.69485503576365
3007174,9.420686171853182
3007175,0.19468348472075797
3007176,117.63795056409526
3007177,0.0
3007178,0.0
3007179,0.9476493432985861
3007180,132.42831612400585
3007181,1.0439321246737598
3007182,208.4536229482738
3007183,100.51183746401865
3007184,1.1259996759799464
3007185,2.268425637261864
3007186,49.18833458150191
3007187,16.474722623500515
3007188,383.22657085315996
3007189,2.105413510339147
3007190,0.770036815281116
3007191,5.064139275444409
3007192,0.00782691905057204
3007193,2.494363400032258
3007194,3119.576428616115
3007195,0.0
3007196,465.35189852846656
3007197,14.495394727872268
3007198,991.3267698851573
3007199,597.7802040239129
3007200,225.97867432319129
3007201,160.10436626635348
3007202,223.83685456292272
3007203,3824.718551932514
3007204,8.256637332854623
3007205,0.45874131221761094
3007206,15.741212949754514
3007207,11.577286229401883
3007208,0.36763142095995516
3007209,227.3639379332546
3007210,0.0
3007211,42.27634491517571
3007212,3.909421838561794
3007213,110.96331847800106
3007214,1.4662525956566483
3007215,212.70385976689255
3007216,240.0778079394229
3007217,2.843716528217712
3007218,5.272714205646692
3007219,130.10988077749968
3007220,49.28050626722463
3007221,1240.639688119269
3007222,3.008735366513844
3007223,1.489029472600983
3007224,5.471026233226223
3007225,0.0
3007226,8.701638221941424
3007227,3708.086125032734
3007228,0.08498961949999799
3007229,585.4419513878079
3007230,8.296417188743332
3007231,1148.169257657459
3007232,1027.2949957740072
3007233,176.05558379469224
3007234,162.3349897277216
3007235,155.34342993301175
3007236,4338.833154121558
3007237,65.36552362127871
3007238,1.8585813084537122
3007239,32.70742602606814
3007240,23.629878078026252
3007241,0.5918914790980011
3007242,295.6221042433531
3007243,36.45524375979859
3007244,26.260548857747487
3007245,3.0943319818019765
3007246,145.06767776446654
3007247,14.385708364933926
3007248,257.526757183714
3007249,322.87024510866246
3007250,14.721399114158622
3007251,18.348750972787645
3007252,299.83150563021576
3007253,72.15127283878687
3007254,2810.683330399197
3007255,0.10310435461236196
3007256,18.966123705013604
3007257,9.327980765256923
3007258,0.0
3007259,8.343211396174018
3007260,4408.471642238309
3007261,0.0
3007262,587.144520999953
3007263,22.130888363945502
3007264,1487.9236159679222
3007265,1095.0103410301451
3007266,210.01242723321968
3007267,148.96356126500763
3007268,151.19652087388522
3007269,5324.281237654818
3007270,35.598172785839516
3007271,2.2807314503550327
3007272,61.27711011020046
3007273,97.02311148230741
3007274,0.09559123340884655
3007275,460.2809098489004
3007276,41.933594030120986
3007277,23.129152784152936
3007278,14.93292182119668
3007279,200.62835488113978
3007280,17.880944508359345
3007281,189.4669646835432
3007282,523.1536919073483
3007283,11.357494872936803
3007284,14.242654983411589
3007285,167.1845261113159
3007286,93.20163841324126
3007287,2489.7970174166426
3007288,2.4169399254196144
3007289,21.56822218972289
3007290,14.249506468939636
3007291,0.6847523796361695
3007292,4.7448513079830095
3007293,4667.382374707232
3007294,0.0
3007295,910.5242526734213
3007296,18.84563468220529
3007297,2181.022636980703
3007298,894.0105039435966
3007299,297.16107224348167
3007300,385.59692172785674
3007301,122.384012096105
3007302,6538.103195853104
3007303,46.68462178553835
3007304,2.441040526438982
3007305,17.37927058919189
3007306,26.799822208897186
3007307,0.2642232710088745
3007308,462.87075852598366
3007309,10.487168469334364
3007310,22.50782466041531
3007311,11.746241924374605
3007312,146.9315597302882
3007313,7.254732797586263
3007314,189.9696547174541
3007315,405.9557020923873
3007316,10.77728698721185
3007317,14.936158027535656
3007318,319.6641855428716
3007319,77.37523058952317
3007320,2029.8325670849763
3007321,3.773323765182655
3007322,23.625608862281883
3007323,5.878628376185797
3007324,0.08408212403671755
3007325,4.638541699928626
3007326,3329.527151295301
3007327,0.01914770827003464
3007328,419.4629472600161
3007329,14.569384407713674
3007330,902.6252345453172
3007331,947.8610560085816
3007332,262.55554616653166
3007333,170.19791181166124
3007334,136.8697648631191
3007335,4119.098026552883
3007336,33.448766466783546
3007337,2.1909290403442876
3007338,23.98947154662019
3007339,9.859164310186463
3007340,0.5434003685691989
3007341,283.1376349057073
3007342,26.39893600359507
3007343,28.463004974421267
3007344,1.4157912609921568
3007345,158.5165863606876
3007346,12.297623662271764
3007347,411.8281656011169
3007348,258.2529978496026
3007349,10.765360325440838
3007350,12.188068743491373
3007351,453.06691989774424
3007352,52.34696380984819
3007353,2584.126475088801
3007354,0.0
3007355,30.29397969770201
3007356,4.046920265056258
3007357,0.3569171610482651
3007358,3.595461111468839
3007359,5217.755141604627
3007360,0.0
3007361,415.9950039655791
3007362,16.023988393191367
3007363,2451.8327826321374
3007364,722.4888012014204
3007365,323.17874033164475
3007366,184.89146065469663
3007367,125.49444366946983
3007368,6976.392010341691
3007369,17.561962984450133
3007370,2.934669073601599
3007371,40.002132071734
3007372,33.98076921857766
3007373,0.4005861875075546
3007374,454.1800632195181
3007375,0.0
3007376,0.13399979336786766
3007377,13.028612996729153
3007378,125.25316349055146
3007379,2.7998076987688094
3007380,169.4506521616019
3007381,303.74655398638413
3007382,4.986765582032203
3007383,10.537430696500595
3007384,202.75584484697902
3007385,65.39350280484891
3007386,1266.9609414155834
3007387,5.727032075980448
3007388,7.956049208784907
3007389,8.043419723165433
3007390,0.048427826580976156
3007391,10.998396645560016
3007392,3734.3707254536725
3007393,0.0
3007394,571.4242338248891
3007395,18.278077419036684
3007396,1364.8361642400628
3007397,838.2911857689523
3007398,286.88878770962845
3007399,171.05627924413793
3007400,263.6049792397953
3007401,4539.645094737159
3007402,47.14739156655667
3007403,2.3657663127141944
3007404,39.534054409456324
3007405,38.936213186290004
3007406,0.7755717444895056
3007407,302.84510656299057
3007408,27.978989891588302
3007409,26.03623194585274
3007410,10.911758229294719
3007411,194.5221985572662
3007412,15.495771325233417
3007413,274.06424298084517
3007414,462.9889991457048
3007415,16.290362930358864
3007416,10.683739514790677
3007417,223.98853659235021
3007418,60.10016542504153
3007419,2351.126372289634
3007420,6.7751709090237675
3007421,8.311925502209123
3007422,4.729915851957598
3007423,0.04529241471751302
3007424,5.8191049171951565
3007425,3781.0244657482326
3007426,0.0
3007427,582.6081944736195
3007428,17.05174563193562
3007429,1020.5459057054182
3007430,1106.298660517171
3007431,233.27329036017318
3007432,189.37250190147276
3007433,174.23657990668775
3007434,4244.179088014138
3007435,47.74376538822918
3007436,1.7632797043744364
3007437,39.065809508848524
3007438,22.131536917050205
3007439,0.5089188439035833
3007440,286.54388153941477
3007441,32.60737887329616
3007442,49.11958607802002
3007443,5.712985922734237
3007444,122.86434723209375
3007445,14.615698865631067
3007446,297.8704652448488
3007447,296.2550868300527
3007448,12.627796982735477
3007449,12.369905991211882
3007450,286.58647166367723
3007451,64.83326535015546
3007452,3110.0601637823297
3007453,0.06463925272884379
3007454,22.341568262425124
3007455,4.72071818306004
3007456,0.0809080608431087
3007457,4.022124549798203
3007458,5225.313948486453
3007459,0.0
3007460,533.1712109652749
3007461,23.895955581680713
3007462,1361.7416872029835
3007463,656.9366447867136
3007464,274.99768879386784
3007465,198.05630217093818
3007466,92.86841425288523
3007467,5035.5079174720495
3007468,13.572726846275918
3007469,0.11066730437932902
3007470,14.017715561010842
3007471,18.52160955934863
3007472,0.05239994139498865
3007473,269.5418711832239
3007474,0.0
3007475,10.538064708646596
3007476,2.0374860095803102
3007477,178.2844299123971
3007478,4.252108234592725
3007479,227.12721899767342
3007480,311.26270292193436
3007481,4.075130837095976
3007482,2.592395908493773
3007483,224.01385223931612
3007484,97.7713604481367
3007485,1201.9872991732518
3007486,6.560565104327741
3007487,1.6727207938270392
3007488,27.591494309751553
3007489,0.0
3007490,25.82172629204039
3007491,14737.79343029051
3007492,0.0
3007493,2198.7479192583687
3007494,38.97373254482921
3007495,3242.6099711580655
3007496,3590.6940980798954
3007497,796.8235878326109
3007498,904.1244811088956
3007499,624.2590281625793
3007500,13920.03408566889
3007501,121.77012693077945
3007502,5.177238029416025
3007503,112.52486758107186
3007504,169.38720869732052
3007505,1.9624182981992713
3007506,1034.2498958111871
3007507,41.858250091542075
3007508,37.372476878849525
3007509,20.704086690806815
3007510,584.1719253502101
3007511,38.65433120613782
3007512,1207.4492763532244
3007513,881.8815185453559
3007514,66.31569795521781
3007515,46.786353657130995
3007516,1559.2225009245767
3007517,332.2405898345525
3007518,11642.219831401237
3007519,99.39310375320322
3007520,122.81337321105042
3007521,21.98143213224405
3007522,0.0
3007523,17.836704601556978
3007524,12799.210204475627
3007525,0.0
3007526,1545.1227045441904
3007527,50.859813619258134
3007528,3326.4498778208417
3007529,3031.9968853549863
3007530,977.4195680120025
3007531,520.4796289648845
3007532,494.4336807030013
3007533,14092.452529165132
3007534,187.7252507927197
3007535,2.742801646929089
3007536,69.8887782080933
3007537,138.10530145720213
3007538,1.634684408942266
3007539,924.584195168208
3007540,39.186842273783355
3007541,59.94421291505521
3007542,7.051698028506126
3007543,360.1330092263078
3007544,28.052674626557252
3007545,1469.8814360994131
3007546,975.4840199028165
3007547,35.846492628660506
3007548,40.57932612718797
3007549,1620.527571424115
3007550,300.60395424621703
3007551,7569.561688356548
3007552,150.85318783295722
3007553,106.3571887419374
3007554,18.312331886475025
3007555,0.0
3007556,23.91119335529272
3007557,9447.452995922902
3007558,0.3577373412229438
3007559,1373.5816001342853
3007560,28.73285825790001
3007561,3428.6710283912043
3007562,2225.800003842602
3007563,1101.8343798188941
3007564,245.5026490690833
3007565,350.216068956943
3007566,13867.867621134017
3007567,64.41262415997767
3007568,3.6222005534040105
3007569,48.5626862007499
3007570,48.53794853916943
3007571,0.7012932144468431
3007572,899.0455023164207
3007573,52.27392283729651
3007574,39.6652816001605
3007575,10.78469605651266
3007576,229.6955311855926
3007577,15.415284544370797
3007578,1254.7056082614156
3007579,1095.18518868726
3007580,39.061241372228615
3007581,67.16163342356485
3007582,1129.8312132242168
3007583,182.91715381057378
3007584,3664.453950032903
3007585,107.17090086110947
3007586,68.9595072945446
3007587,21.818807182031552
3007588,0.0
3007589,24.04765966748991
3007590,12767.790602236983
3007591,0.0
3007592,1431.4209991434204
3007593,38.834738627314536
3007594,3051.18233820544
3007595,2926.5246097334807
3007596,890.7778428423185
3007597,485.2408191517995
3007598,378.95316693314436
3007599,13637.082773060749
3007600,80.70792874697086
3007601,2.965196747482324
3007602,58.980563697231666
3007603,111.30520510249387
3007604,2.620641840090589
3007605,885.1294740780465
3007606,43.29471940281371
3007607,47.957570864491224
3007608,7.010139316691806
3007609,338.87888726610976
3007610,17.813607895003194
3007611,1096.1623497677735
3007612,971.6107656669597
3007613,39.276620847455106
3007614,36.337151699065494
3007615,1455.2981374130436
3007616,264.16863356815384
3007617,6707.723292273865
3007618,113.31498694476056
3007619,82.75922597638544
3007620,19.55498657509751
3007621,0.0
3007622,23.203890889977114
3007623,7111.416765193037
3007624,0.17762830934291576
3007625,1106.6907311691896
3007626,32.922390192374785
3007627,2720.7663309765726
3007628,1809.9353626422367
3007629,867.7771582230681
3007630,181.71014361320857
3007631,264.572923570054
3007632,10832.59035547851
3007633,68.60628010817304
3007634,0.8002564909013253
3007635,35.3290252405269
3007636,72.1356875354105
3007637,1.437835133667974
3007638,774.1562320809561
3007639,43.8285360961963
3007640,14.768693637905388
3007641,5.493610024328722
3007642,217.94164183877055
3007643,8.946548311517962
3007644,1050.8990674702552
3007645,934.7974344947488
3007646,29.78897327981189
3007647,34.07263025771403
3007648,1102.151719127757
3007649,118.8978196851577
3007650,2553.8908087664195
3007651,91.54466491053005
3007652,27.44856541192087
3007653,13.476136245752166
3007654,0.0
3007655,15.964401759697074
3007656,9117.249204386868
3007657,0.0
3007658,1327.5514428063275
3007659,37.741070973467096
3007660,2170.4907501812518
3007661,2670.7227823534495
3007662,563.6376135022923
3007663,577.2554816732555
3007664,493.5351639510974
3007665,9274.761202405329
3007666,84.51716368477004
3007667,1.376848139412568
3007668,55.55338644677526
3007669,74.40026180206772
3007670,1.823204307797562
3007671,613.444424300834
3007672,21.890411570076953
3007673,44.05447559134532
3007674,14.93178220956946
3007675,415.2021225464285
3007676,23.88397193777409
3007677,973.9343976967832
3007678,640.0919843760146
3007679,27.571388963247266
3007680,41.02962669166528
3007681,1185.3996875080752
3007682,256.23204744714633
3007683,8269.046724581605
3007684,80.2754595769005
3007685,79.73564241601017
3007686,7.799405023844479
3007687,0.0
3007688,5.000009571912181
3007689,2131.306087044633
3007690,0.0
3007691,354.29053957439686
3007692,30.66106084917515
3007693,1011.6213500031175
3007694,562.5587481115925
3007695,234.12262953786714
3007696,95.02585184630063
3007697,149.53429656002288
3007698,3269.0038662009842
3007699,56.93900791882435
3007700,1.937834400998508
3007701,28.797223900186737
3007702,21.145741833373318
3007703,0.8412932854093608
3007704,252.15775086243482
3007705,17.713854206473354
3007706,9.142945515460962
3007707,13.271380997971196
3007708,97.54357641159191
3007709,9.904509212904285
3007710,277.10233650088054
3007711,259.1302819889496
3007712,4.279740604091286
3007713,8.663022851694937
3007714,245.30120036381155
3007715,52.5776291815131
3007716,1630.4580145510595
3007717,5.72670690062707
3007718,10.834392438353978
3007719,16.086249043027152
3007720,0.0
3007721,15.938859294398975
3007722,6703.722597641623
3007723,0.0
3007724,716.128283928364
3007725,44.02434578989202
3007726,2316.6582642902854
3007727,1578.04994864097
3007728,634.0075642772142
3007729,150.6011537522165
3007730,226.52949126810012
3007731,8742.292027659385
3007732,137.96760506749845
3007733,2.6555114011910446
3007734,51.097461136133
3007735,65.28792747741944
3007736,1.595018022302582
3007737,639.2592563846639
3007738,32.31947094299065
3007739,12.258221821469727
3007740,6.146551110684516
3007741,213.60601396883354
3007742,14.740923134254984
3007743,707.6808837432094
3007744,747.3097298160936
3007745,19.988187618727316
3007746,32.27727504075369
3007747,498.95226176699555
3007748,97.0704712100433
3007749,2657.922456411736
3007750,84.66153903346364
3007751,22.591831623876597
3007752,9.973859262471342
3007753,0.0
3007754,5.002572850534388
3007755,5742.247333413687
3007756,0.0
3007757,982.6339688754174
3007758,15.002458016068653
3007759,1756.385796130403
3007760,1940.7133138133113
3007761,299.6529484597189
3007762,401.896240920904
3007763,405.7750884427456
3007764,5874.402312804082
3007765,58.94174966924388
3007766,2.2256063321641033
3007767,54.578813264370865
3007768,35.24431328079613
3007769,0.8492518654563896
3007770,407.6291268473786
3007771,4.848782220564187
3007772,65.84680150131656
3007773,11.192923464902426
3007774,267.58533072879055
3007775,15.083936789143127
3007776,728.4289607254004
3007777,373.37384290301765
3007778,31.597102279525334
3007779,19.324501012340072
3007780,690.9583937059106
3007781,144.41800073452742
3007782,6012.219180848974
3007783,23.913747653618
3007784,51.1588934986962
3007785,18.152114275430616
3007786,0.0
3007787,12.143850901694995
3007788,6226.482367164297
3007789,0.0
3007790,1112.8532274671907
3007791,17.411997029377805
3007792,2324.787082317287
3007793,1566.9727315020875
3007794,508.8358724879057
3007795,286.82249157788505
3007796,490.3192126480591
3007797,8568.660604669873
3007798,63.68842069719297
3007799,4.596037413811792
3007800,68.94680392626948
3007801,66.83602787010739
3007802,1.1788032928888574
3007803,524.5421114857759
3007804,13.74390220354403
3007805,116.85741302501417
3007806,9.52550132943632
3007807,359.91277398955566
3007808,15.830495672863034
3007809,664.5541035327959
3007810,524.3064772734355
3007811,22.053842507839875
3007812,38.56525926877729
3007813,666.597727251784
3007814,168.29688938631185
3007815,6413.867891989812
3007816,10.131314590128046
3007817,13.733775166760672
3007818,14.09332146649933
3007819,0.14594812723946712
3007820,5.405974020039694
3007821,2815.990319126584
3007822,0.0
3007823,560.6266339865441
3007824,12.723590166835924
3007825,1207.2113115686586
3007826,620.7737583590227
3007827,298.1051862156856
3007828,110.86858293355303
3007829,260.65953226394237
3007830,3978.090588665024
3007831,19.392351663227196
3007832,1.6705575126054342
3007833,37.420134238592574
3007834,31.353383884206217
3007835,0.21589292028031912
3007836,249.82283022779814
3007837,7.0260440400307
3007838,12.996423180804612
3007839,7.706509388341792
3007840,179.46487939167199
3007841,5.185757141037738
3007842,366.2932402359931
3007843,294.56567139502556
3007844,7.430452476294733
3007845,8.54969224574603
3007846,258.0835396884718
3007847,62.0642700146342
3007848,2435.349721213614
3007849,3.5575378491374012
3007850,5.381945046637038
3007851,6.910524156959191
3007852,0.0
3007853,1.9875976825656323
3007854,3703.6810267673072
3007855,0.0
3007856,231.2719226038962
3007857,5.648189681465329
3007858,1343.8957760387304
3007859,262.67870012244896
3007860,249.4638274006272
3007861,66.52135610605794
3007862,67.55801199610826
3007863,3995.5822776481464
3007864,10.34378348065867
3007865,0.8686199526319079
3007866,24.546025415893283
3007867,16.355103146243877
3007868,0.2856170228559589
3007869,272.1532909432168
3007870,0.0
3007871,0.0
3007872,5.664957494204756
3007873,33.68990210287418
3007874,2.0347602155093765
3007875,59.474396061419476
3007876,203.70505681563827
3007877,0.0
3007878,2.83528191637257
3007879,79.02354823812088
3007880,88.86007366995511
3007881,753.6750842283878
3007882,0.9880665985996182
3007883,2.9476635812587975
3007884,8.77484608029291
3007885,0.1576799562219
3007886,7.121624165871786
3007887,4526.873082147077
3007888,0.0
3007889,643.8837568820992
3007890,22.691589967803843
3007891,1524.6025547048368
3007892,1256.1050984842138
3007893,417.3206155048465
3007894,231.98006408604098
3007895,215.88809023782602
3007896,5918.979840425163
3007897,64.09896889966475
3007898,1.7103224587380974
3007899,46.67492539057769
3007900,54.40528027963242
3007901,0.12208241775131255
3007902,405.3412113827504
3007903,34.84442195744368
3007904,19.885105527803955
3007905,12.145787978579513
3007906,177.03131901749214
3007907,9.594697043240163
3007908,564.6816098882612
3007909,406.63864796386116
3007910,12.370412827841403
3007911,16.841666288783262
3007912,677.4514426927605
3007913,116.06694380935906
3007914,3016.8887857775117
3007915,0.0
3007916,46.236424674460494
3007917,3.7168651738576943
3007918,0.0
3007919,4.6950849575167455
3007920,4150.061644808184
3007921,0.12225393299920581
3007922,614.5270414792872
3007923,26.740501838589907
3007924,926.8132380458152
3007925,1297.9289952690367
3007926,183.27840002582727
3007927,280.51968790451406
3007928,317.67089146337355
3007929,3733.938266129189
3007930,43.91118752980516
3007931,3.532647495700346
3007932,33.008275059557285
3007933,26.158256100459695
3007934,0.5947069278824055
3007935,213.95563781643568
3007936,25.2570679650603
3007937,44.35289804321912
3007938,6.807592514397826
3007939,268.74746103300055
3007940,17.634052801944062
3007941,444.21366677201536
3007942,213.536453960249
3007943,7.581861820821779
3007944,17.09037853488891
3007945,584.3643749342341
3007946,148.32074775788294
3007947,4668.3355313655975
3007948,0.0
3007949,35.12926995052247
3007950,6.68336225741067
3007951,0.5859829799466758
3007952,12.463054808935844
3007953,6744.143962093621
3007954,0.0
3007955,1048.8664413555796
3007956,29.3057088158753
3007957,1562.5156336442037
3007958,1984.1633400131343
3007959,387.6172361807547
3007960,475.85053373168716
3007961,221.70047515632731
3007962,6671.5895370886465
3007963,55.21934247450604
3007964,4.980955166355936
3007965,59.36515424063529
3007966,47.554125729026566
3007967,1.36506071070902
3007968,489.3779267163161
3007969,45.90526495280656
3007970,44.675633804009465
3007971,21.129701498904346
3007972,236.09670352240263
3007973,27.86984834424533
3007974,542.8796693799119
3007975,477.54275414972955
3007976,30.22880836571673
3007977,29.438563085171104
3007978,806.0016172259708
3007979,212.93959170559216
3007980,5811.4767386268
3007981,0.21792029368230068
3007982,55.8181400757869
3007983,17.644320607241138
3007984,0.5461101377648169
3007985,9.841495291197095
3007986,4104.392837468039
3007987,0.0
3007988,603.6951471743495
3007989,21.363545523604476
3007990,1971.8730759141822
3007991,1032.4468049115826
3007992,605.7380990672801
3007993,230.52434745553964
3007994,138.44209085122142
3007995,7955.746292289292
3007996,18.26076770028544
3007997,1.2796338681991275
3007998,48.23489660162292
3007999,51.59371480798801
3008000,0.2599498345364567
3008001,526.6358247470828
3008002,20.04283776805398
3008003,11.385909132377938
3008004,7.832342277953904
3008005,99.80969703758134
3008006,3.9731672986130397
3008007,408.76021977205244
3008008,542.3146338942271
3008009,10.312186942084205
3008010,12.753503010148416
3008011,526.520337327395
3008012,153.00450204338418
3008013,1768.3327185515961
3008014,30.52757545346379
3008015,25.429389596791516
3008016,1.819737217187281
3008017,0.0
3008018,1.5197992867335133
3008019,1108.1745318398305
3008020,0.0
3008021,143.51788037228562
3008022,2.7131470107128997
3008023,236.27582077672614
3008024,308.8755221132667
3008025,65.00510554715238
3008026,84.86244088168282
3008027,66.79068804964794
3008028,1248.0370677320961
3008029,14.012059222341454
3008030,1.412264316903544
3008031,10.91102926126356
3008032,7.914515971312684
3008033,0.4328885914391348
3008034,78.5626605301182
3008035,7.788503988437483
3008036,7.349348692812322
3008037,3.4709857261184096
3008038,30.28130763569146
3008039,2.7846267531674815
3008040,146.81025634401544
3008041,49.953185271889495
3008042,2.060127266672832
3008043,3.5971257202112845
3008044,152.53317523350165
3008045,14.831699912319468
3008046,1168.6854077631594
3008047,0.0
3008048,9.855770098022752
3008049,2.3201575497822184
3008050,0.0
3008051,3.225377805561995
3008052,1522.6293769492008
3008053,0.0
3008054,133.78208843114587
3008055,6.246277762068079
3008056,873.716175768441
3008057,368.165417214835
3008058,293.88536706701393
3008059,58.70357179356479
3008060,32.19010256069342
3008061,2966.0688949134815
3008062,6.940582887581745
3008063,0.8246637065544455
3008064,14.727675695459
3008065,11.263180304163331
3008066,0.5646772052086585
3008067,206.15681855032645
3008068,5.655533139621775
3008069,0.0
3008070,1.9840057671450866
3008071,11.515287196260346
3008072,0.9812300992712554
3008073,169.8287001548365
3008074,182.51249796907925
3008075,1.478514461846176
3008076,4.736279664723663
3008077,197.7673291938665
3008078,24.442875302062948
3008079,303.98652459803026
3008080,0.2840031553561845
3008081,0.24679731773802557
3008082,10.472025659441844
3008083,0.22215540932311473
3008084,5.171310605092708
3008085,5269.935165401174
3008086,0.0
3008087,867.7285673124063
3008088,11.730833528691528
3008089,2154.4273084777133
3008090,912.814885829642
3008091,589.2119719932883
3008092,259.32271279040265
3008093,109.73456336953646
3008094,8643.079818542763
3008095,31.320479345304058
3008096,1.4392392305037012
3008097,16.26038241541691
3008098,23.19178332548741
3008099,0.8341134204836487
3008100,573.210032321104
3008101,20.555077810533266
3008102,3.7155613508199
3008103,9.3914486889599
3008104,33.37098876752736
3008105,4.3855528123723575
3008106,655.8742516140201
3008107,506.12155535054876
3008108,3.2774665715366913
3008109,16.683562373818717
3008110,453.0098811461948
3008111,94.59773982311154
3008112,1523.4329680461346
3008113,9.299011962006006
3008114,11.979798583322992
3008115,6.484220161931366
3008116,0.10404752581073133
3008117,1.19447293782479
3008118,2031.884689137976
3008119,0.0
3008120,237.0093833987557
3008121,12.316775070588529
3008122,1272.5459173276301
3008123,541.9238848753897
3008124,249.48879239522194
3008125,67.07447254293237
3008126,35.20521926675543
3008127,3153.1459472607557
3008128,9.67568019419467
3008129,1.4097347384411456
3008130,14.323591365345727
3008131,21.80361677016433
3008132,0.29925922389604886
3008133,197.82077189021803
3008134,10.560811093910665
3008135,0.0
3008136,5.052260998162649
3008137,34.605669783439126
3008138,1.7655674484587494
3008139,129.92043938391757
3008140,196.19078243065746
3008141,3.4213118095761947
3008142,6.2867646193859406
3008143,168.0579696890391
3008144,23.66484651701724
3008145,385.9381387937965
3008146,1.3230952278308232
3008147,4.804902060382109
3008148,4.4117734551941155
3008149,0.0
3008150,4.359529728974
3008151,1612.7858113404588
3008152,0.0
3008153,171.38513368946934
3008154,7.5739478342806565
3008155,707.5315521744653
3008156,315.5388189206415
3008157,144.80610929404673
3008158,57.606338240753786
3008159,28.077699365374635
3008160,2507.5545833742335
3008161,13.989366945999926
3008162,0.11406310917545164
3008163,13.96626586150526
3008164,13.074853725505704
3008165,0.0
3008166,145.64421950952914
3008167,2.806797867933085
3008168,0.0
3008169,3.6210332223057335
3008170,29.098219780276075
3008171,1.5841229076870607
3008172,111.33672701559608
3008173,136.34161559460128
3008174,1.2807137083726285
3008175,3.9716435918552886
3008176,111.00512652145464
3008177,15.647134998445097
3008178,195.27204663531487
3008179,0.8573683406916996
3008180,3.2196245699116366
3008181,3.5961432623110072
3008182,0.0
3008183,2.541015684150642
3008184,1452.5024711233054
3008185,0.0
3008186,175.75215374920015
3008187,5.347288693061854
3008188,1343.674131980143
3008189,337.3465222384925
3008190,201.13110628261336
3008191,47.06768181180216
3008192,41.38014482539313
3008193,2434.958988229121
3008194,11.050941280949555
3008195,0.47800570444771356
3008196,1.8491479243193065
3008197,18.996335160060262
3008198,0.30640970587867106
3008199,163.30513898177674
3008200,3.4433492797377587
3008201,0.0
3008202,2.864248839775499
3008203,14.660803164620873
3008204,1.9321516382246076
3008205,204.14386790822397
3008206,186.43133577770834
3008207,1.2822951332286878
3008208,5.059735842654688
3008209,83.05424831300108
3008210,61.16452296491397
3008211,385.1899365308143
3008212,0.8507619741760988
3008213,1.4429311321912615
3008214,4.9797568102909455
3008215,0.5216108431356352
3008216,4.537122983090476
3008217,1652.9644558772993
3008218,0.0
3008219,164.25395501258305
3008220,1.8620419312181231
3008221,828.9994368642862
3008222,329.2200694328367
3008223,238.8023229399079
3008224,84.20139277343227
3008225,60.447363717236
3008226,2595.7469922162963
3008227,5.443496762387263
3008228,0.5557989017038418
3008229,12.163597695298252
3008230,18.874370726907998
3008231,0.25759160329836667
3008232,210.65718292364218
3008233,14.072034968277572
3008234,0.0
3008235,4.47543653185803
3008236,14.928184890199537
3008237,1.6709067303658485
3008238,119.7887885230151
3008239,177.0500970470957
3008240,1.4299671004291614
3008241,6.5044466739938605
3008242,97.56893982143364
3008243,29.214058018313683
3008244,551.3512171334015
3008245,1.3793499252301833
3008246,5.136967583697974
3008247,5.769789718872137
3008248,0.06829349697448747
3008249,3.3913670811700536
3008250,1779.4840535100316
3008251,0.0
3008252,203.86189850554348
3008253,7.404155778180449
3008254,1750.3419670759658
3008255,368.470092943199
3008256,212.316026062569
3008257,187.8780972218477
3008258,39.178737230655074
3008259,2977.1769618916865
3008260,6.318663057117603
3008261,0.7773711404329278
3008262,14.214621056848815
3008263,17.37423558046153
3008264,0.24415228420708016
3008265,242.4855228304985
3008266,0.0
3008267,0.0
3008268,3.1418380114759366
3008269,63.87947419899303
3008270,2.104599484663152
3008271,68.6486396703336
3008272,192.77386015675833
3008273,1.6325631809158831
3008274,5.029407736028319
3008275,86.72561455133302
3008276,41.26309524752926
3008277,674.5496430024622
3008278,4.40953539630602
3008279,1.2749242941135888
3008280,14.169738171684937
3008281,0.36198996713297826
3008282,5.935784090031883
3008283,4589.470944929454
3008284,0.0
3008285,596.4486616094161
3008286,8.05245814130901
3008287,1434.980342350139
3008288,1154.9134262083135
3008289,743.734692655769
3008290,258.3978149525929
3008291,138.2999088454019
3008292,6234.487188185303
3008293,20.27754163263828
3008294,2.553710156837767
3008295,30.858307255807485
3008296,24.358413183620463
3008297,1.1581338156495904
3008298,425.1893227398076
3008299,3.0708695463869473
3008300,0.0
3008301,6.8403065416753615
3008302,42.333957445447005
3008303,4.951873762471428
3008304,318.5393926703413
3008305,383.84489041749544
3008306,5.11163766903598
3008307,13.467603636808164
3008308,525.00196734427
3008309,82.25244664705394
3008310,1929.431423386959
3008311,2.6980353222255635
3008312,21.493040275723473
3008313,6.026086422646672
3008314,0.0
3008315,6.975978822390893
3008316,3152.777396507892
3008317,0.0
3008318,817.6140801786116
3008319,5.6001583868060845
3008320,784.3881216721223
3008321,910.2471142746214
3008322,313.8992951546595
3008323,265.3186705562019
3008324,80.4593913709782
3008325,4016.156854332545
3008326,13.215630621072258
3008327,1.9766230811756786
3008328,30.22657852631444
3008329,19.20139665965142
3008330,1.0815960891139176
3008331,299.9560046089444
3008332,22.06756016742692
3008333,2.3830041820446852
3008334,5.923220527831402
3008335,47.7680228288237
3008336,2.7991394427176113
3008337,131.59913500115877
3008338,268.767786196143
3008339,8.109883150742641
3008340,9.902126130002943
3008341,290.69414896699874
3008342,64.87745713323852
3008343,2413.3681633136453
3008344,15.792913452321107
3008345,16.91087209090119
3008346,8.658189507618333
3008347,0.10565860161807793
3008348,3.9439673132858815
3008349,2475.769595738813
3008350,0.0
3008351,205.09680876540105
3008352,4.17969327001762
3008353,883.1066396565806
3008354,440.68122877196674
3008355,337.1853517324878
3008356,78.59530550456775
3008357,45.97645721603187
3008358,3515.9768337592063
3008359,26.093604180892473
3008360,1.3743190132316205
3008361,15.576508858283258
3008362,18.566469659734707
3008363,0.26407377176868346
3008364,179.90042974171388
3008365,10.018124656862623
3008366,0.0
3008367,3.7165558292569933
3008368,28.407023711273993
3008369,3.9191071088209046
3008370,130.34857178088532
3008371,162.29123512845607
3008372,2.5217511638139274
3008373,7.353829040382646
3008374,80.19629704400548
3008375,32.635173205353226
3008376,509.69186382889313
3008377,0.5938542922456518
3008378,3.9758102952757635
3008379,8.469259490614006
3008380,0.038180895962977905
3008381,12.174648562522158
3008382,4372.3836286405685
3008383,0.0
3008384,856.5538905177856
3008385,14.166318504663222
3008386,1141.1361790334645
3008387,1187.7240713884391
3008388,283.3141519054272
3008389,259.77537710596533
3008390,151.40547205372144
3008391,5156.851198481195
3008392,59.36321668703118
3008393,1.7933865685090649
3008394,19.743396150600656
3008395,40.014754079072745
3008396,0.26550995732650345
3008397,346.9624343148123
3008398,40.78985360972004
3008399,15.36400405244411
3008400,6.619091658304813
3008401,88.67440198017202
3008402,7.951919309698742
3008403,445.5138130351394
3008404,333.4497704937552
3008405,12.468739364230185
3008406,13.511974202126353
3008407,624.9669723540582
3008408,133.5402633120358
3008409,3114.124766061551
3008410,0.21574775988864864
3008411,44.428984829370854
3008412,12.716976253578332
3008413,1.1079363910094644
3008414,8.656350314045952
3008415,5870.033442631118
3008416,0.0
3008417,980.5899712908839
3008418,11.031115429765258
3008419,2284.0370316985077
3008420,1424.0792434549953
3008421,1013.5318647919441
3008422,188.2965414756752
3008423,118.3491236289444
3008424,8657.600012597823
3008425,25.71612267949686
3008426,1.4610523704732512
3008427,26.88218035531906
3008428,30.889245253866935
3008429,0.2723625474557516
3008430,597.662248573119
3008431,22.07616006218225
3008432,8.372119907109688
3008433,7.425726986794293
3008434,52.06448287165122
3008435,3.5295899799856887
3008436,476.46813915788596
3008437,589.783925071518
3008438,6.93947580027757
3008439,8.057416589902262
3008440,510.38460798597634
3008441,113.99984698078468
3008442,1671.9572390087255
3008443,20.78914716232347
3008444,24.069616186180262
3008445,16.27422515925459
3008446,1.1754643984866942
3008447,7.217778559706489
3008448,4030.145527565318
3008449,0.0
3008450,741.388597615212
3008451,4.1726288130236675
3008452,2390.382724451532
3008453,969.2961428205263
3008454,500.06950075567624
3008455,420.2617031385034
3008456,89.38426060004758
3008457,6033.081928030226
3008458,23.55537323750051
3008459,1.1022488443240326
3008460,46.254710086478035
3008461,51.03074197468744
3008462,0.4574013627238826
3008463,480.0692286534935
3008464,9.858789710092482
3008465,2.157366711299399
3008466,17.327559476283035
3008467,38.906085200753104
3008468,4.467141535217386
3008469,167.08554489480503
3008470,429.6502085148202
3008471,5.308176103461223
3008472,8.979125773511305
3008473,227.84969792931423
3008474,189.23495783545377
3008475,1820.0515260961888
3008476,5.989162932201394
3008477,10.07009124598992
3008478,6.038591384540841
3008479,0.04976009922515235
3008480,4.585200943639652
3008481,1871.2000426005177
3008482,0.0
3008483,184.83632215270706
3008484,8.670216234221911
3008485,695.5529567905953
3008486,411.16051246140773
3008487,186.03798957493154
3008488,56.82762555580992
3008489,55.811375836032916
3008490,2848.3404605190763
3008491,9.846519297446505
3008492,0.9427562752813122
3008493,17.92914931558667
3008494,23.802727958906686
3008495,0.5304884101424422
3008496,193.65676140167423
3008497,4.195069353765657
3008498,0.0
3008499,7.357124942778995
3008500,55.19991212398416
3008501,3.7513677386153312
3008502,117.06917392209729
3008503,175.85842873260697
3008504,1.2636288859739753
3008505,7.665790488158442
3008506,135.50199243580442
3008507,41.97203790991958
3008508,521.039612429006
3008509,1.1666178792272894
3008510,2.6325850018403725
3008511,2.5394279085136917
3008512,0.0
3008513,1.4075199094516064
3008514,1886.8912378733496
3008515,0.0
3008516,280.1248693550634
3008517,16.39494590183055
3008518,565.4196110479164
3008519,591.0707848165281
3008520,151.17247633907326
3008521,60.88364322838798
3008522,74.87715569287892
3008523,2337.7708887792974
3008524,24.683893739223283
3008525,0.6950294503872881
3008526,14.768176694718944
3008527,16.648734746145383
3008528,0.4379772884498658
3008529,151.75257750208118
3008530,22.548823777774885
3008531,4.093370131955265
3008532,3.1935642260985895
3008533,30.633637728549704
3008534,5.756287580930234
3008535,1046.4685906644813
3008536,179.02534035280786
3008537,4.087386636073511
3008538,6.386704668473541
3008539,330.8676610443877
3008540,29.941734760741685
3008541,1225.5627113056764
3008542,0.0
3008543,6.755487500767128
3008544,4.148320722077079
3008545,0.04634959119730534
3008546,4.506142696984875
3008547,3800.1361138531784
3008548,0.0
3008549,762.4070042468753
3008550,10.522430261840997
3008551,1034.6903249592763
3008552,1332.5363079029655
3008553,265.919215022838
3008554,251.28620381449812
3008555,165.09738697126156
3008556,4264.1809459685455
3008557,41.00291071850794
3008558,0.930019672689521
3008559,18.986308920669742
3008560,27.942473215081886
3008561,0.4249442122917778
3008562,267.89265328126754
3008563,15.625401453425651
3008564,22.62109377963971
3008565,8.130006314607785
3008566,69.31137598518252
3008567,12.454023519612258
3008568,366.0818139738497
3008569,300.62331714511487
3008570,17.88816334307706
3008571,12.140941454677547
3008572,491.6809918957437
3008573,111.69168831549183
3008574,3446.7343270844826
3008575,1.2910067451167124
3008576,22.395484185478523
3008577,1.8015048183055362
3008578,0.013139264586611172
3008579,1.8993559078117037
3008580,1561.4263468056279
3008581,0.0
3008582,289.71206571670274
3008583,4.644079409029284
3008584,352.3502421200896
3008585,449.8242372770836
3008586,116.84951065406183
3008587,84.40078676264389
3008588,44.03173875149248
3008589,1504.6706441097863
3008590,18.574672427718728
3008591,1.2027923067706476
3008592,4.504743854549902
3008593,9.839296152079296
3008594,0.4659023125101543
3008595,86.2335820553831
3008596,0.0
3008597,11.070852996424234
3008598,2.7459119137266748
3008599,94.27357315942564
3008600,6.188735883943118
3008601,154.50679301369595
3008602,82.39086583049651
3008603,3.0083778964472634
3008604,4.357046762252258
3008605,141.7974596499209
3008606,28.21964251047812
3008607,1033.6618061702075
3008608,4.427878145832474
3008609,3.2752841556586034
3008610,4.686843243803011
3008611,0.0
3008612,0.2037561468996145
3008613,1121.7676697468057
3008614,0.0
3008615,263.5929521988682
3008616,5.337735514130531
3008617,544.3854552929362
3008618,368.05345275432927
3008619,111.12480911999491
3008620,49.52161270118119
3008621,44.08872330059886
3008622,1910.8500351468413
3008623,14.508545691200062
3008624,1.3318516846597923
3008625,14.140108674090284
3008626,14.048445372283506
3008627,0.5273943383219636
3008628,113.97347438086436
3008629,0.0
3008630,4.892570293668263
3008631,1.484293024834077
3008632,20.552291318883025
3008633,0.7146175964437272
3008634,335.4158282327059
3008635,143.72366053251523
3008636,3.7963220912627484
3008637,2.150772674571248
3008638,180.09735919267737
3008639,29.801999884834363
3008640,730.2607749095165
3008641,2.4349237459705133
3008642,2.5119353666580913
3008643,10.480934141101686
3008644,0.11539321761511663
3008645,3.4849183985634697
3008646,5118.088712751677
3008647,0.3743770455058424
3008648,899.7055326465063
3008649,18.98982447152053
3008650,1247.4698950696106
3008651,1496.9723284607624
3008652,409.8620831687943
3008653,348.1595521872907
3008654,202.91142775067988
3008655,5488.107532202469
3008656,39.42186155660576
3008657,4.329166886835394
3008658,24.597502796309794
3008659,39.25210768413607
3008660,0.3957148253785592
3008661,341.89052395624157
3008662,17.611539295868678
3008663,40.1628784473654
3008664,12.01405613558985
3008665,182.07214681722115
3008666,7.05487992414244
3008667,363.45501410494523
3008668,358.5473889838688
3008669,13.752607249965626
3008670,14.532921979344959
3008671,509.9855949563888
3008672,99.72704914341026
3008673,3499.584215811777
3008674,3.252095903387779
3008675,21.052551023067956
3008676,10.582438426523222
3008677,0.0
3008678,5.050276346360695
3008679,5291.278700920179
3008680,0.0
3008681,1043.3231906004485
3008682,16.856244041915385
3008683,1867.9045552106738
3008684,1486.6232495104803
3008685,574.5083241292715
3008686,397.33694439750565
3008687,92.21057598658105
3008688,7187.954456408713
3008689,21.289490291306183
3008690,2.0535831118499797
3008691,50.036960223317564
3008692,28.357048550244684
3008693,1.1231868085414423
3008694,437.4314806519139
3008695,0.0
3008696,6.562503617953085
3008697,7.694110376968256
3008698,56.45754256201579
3008699,2.573268699251642
3008700,248.87199261424286
3008701,465.6456165078373
3008702,9.325085437221277
3008703,9.594181798557125
3008704,339.4215170151471
3008705,99.27606521610223
3008706,2220.6129693091307
3008707,10.124486724313488
3008708,1.1326385318322498
3008709,8.733034844478007
3008710,0.0
3008711,3.9563923881442706
3008712,4252.24019174428
3008713,0.0
3008714,945.2406865538642
3008715,12.352192844943646
3008716,1362.7923629906206
3008717,1142.2236545461162
3008718,383.18615205376835
3008719,288.7222437225448
3008720,86.13135458178299
3008721,5176.212201501676
3008722,26.625370733187978
3008723,2.1912944316088754
3008724,32.229075135518286
3008725,24.83248346333028
3008726,0.5868819339668712
3008727,355.7721540330531
3008728,0.0
3008729,7.091441429242576
3008730,9.258102040316386
3008731,92.72342337560869
3008732,2.262124942403308
3008733,148.9169599011018
3008734,368.11898140057525
3008735,7.432826885343617
3008736,4.658909717400879
3008737,269.8886526951111
3008738,83.80377673909668
3008739,1594.0174697514576
3008740,7.398778640014342
3008741,7.47445155210583
3008742,15.874241014035153
3008743,1.9013639028866522
3008744,24.639155535184265
3008745,12521.245545679507
3008746,0.0
3008747,1594.8072177841025
3008748,34.69260954471368
3008749,2470.1287680004307
3008750,2925.088278684084
3008751,517.1851127241229
3008752,689.1464956497688
3008753,456.4940197278628
3008754,10342.625020281632
3008755,128.2172080380882
3008756,3.599833030090411
3008757,66.41668003184603
3008758,67.60617026976522
3008759,1.6552863004813785
3008760,725.2779825558013
3008761,69.39043675689581
3008762,68.47984725242597
3008763,26.32213847201733
3008764,210.25191722929836
3008765,36.447121955948276
3008766,885.9962518707838
3008767,767.4088252345526
3008768,25.355271644881046
3008769,33.27122044594884
3008770,1450.1873587546702
3008771,289.1495702095922
3008772,9438.83898141884
3008773,3.2486703415844245
3008774,107.79869314572606
3008775,3.019486944287329
3008776,0.3004902468917295
3008777,1.3398769403329556
3008778,1598.3967774009677
3008779,0.0
3008780,190.9014828616995
3008781,4.600916129825875
3008782,674.6502147763888
3008783,320.6112545001358
3008784,131.49996010374952
3008785,162.15398446980726
3008786,53.284417609155916
3008787,2264.666463653501
3008788,8.90010994789513
3008789,0.35084266006162357
3008790,11.035290305549507
3008791,10.243687453905753
3008792,0.4793262998454994
3008793,162.2999011341811
3008794,0.5801938368786788
3008795,0.0
3008796,5.691079746015426
3008797,47.23148832875998
3008798,1.1715316064435006
3008799,58.60707245069719
3008800,115.26805187481939
3008801,1.5291109587016563
3008802,5.2648921859603215
3008803,111.83887290404967
3008804,17.356402230328666
3008805,560.969476048344
3008806,1.995140837064835
3008807,5.259488658624968
3008808,11.50229105176494
3008809,0.17455536890815515
3008810,5.003557151647112
3008811,4083.4708088077896
3008812,0.0
3008813,684.4758907786737
3008814,10.234018765275131
3008815,1731.370625837233
3008816,986.4582394044664
3008817,335.53152024933195
3008818,343.49335942871244
3008819,85.39405399181273
3008820,5974.3109339503735
3008821,17.98431248526662
3008822,0.5835334630817784
3008823,28.142338939743382
3008824,24.65301647040522
3008825,0.9826483583912076
3008826,402.82736969369023
3008827,2.982659259659453
3008828,2.0410972653808432
3008829,14.627423496983477
3008830,10.292806895336824
3008831,2.7871170389857713
3008832,446.8399855714556
3008833,407.7218722755661
3008834,4.792847590658652
3008835,11.767716525276258
3008836,163.14948828446308
3008837,81.57175704650265
3008838,1615.5200209706593
3008839,7.0076186811511345
3008840,6.694159039352816
3008841,2.101767245559002
3008842,0.0232945430529257
3008843,0.9022735164389077
3008844,892.2024069768894
3008845,0.0
3008846,158.3916058527816
3008847,3.4546009036762877
3008848,953.8127609844383
3008849,237.33093782025594
3008850,106.03788245974569
3008851,156.74403814886952
3008852,20.156829474586353
3008853,1357.4442657492916
3008854,4.431716752790219
3008855,0.3618990465830062
3008856,9.306235010280142
3008857,3.8575423223073613
3008858,0.11370899575523802
3008859,109.68807202070823
3008860,0.0
3008861,0.0
3008862,0.3592448327047988
3008863,17.086071192196215
3008864,0.3897003165270843
3008865,76.0820696062091
3008866,70.0612556088713
3008867,1.201351478767243
3008868,1.588700759007056
3008869,61.31288730587517
3008870,12.72628311779136
3008871,270.0650117238429
3008872,2.9323955888407225
3008873,2.179072961223011
3008874,11.53969745196447
3008875,0.0
3008876,4.367538932047266
3008877,2520.4722846316386
3008878,0.0
3008879,305.937323843725
3008880,13.774865369559661
3008881,1179.7129665668706
3008882,540.2125703049371
3008883,211.9189692874233
3008884,162.69403124841483
3008885,38.53339332404301
3008886,3383.833583585307
3008887,6.612281426697927
3008888,1.169133811133134
3008889,23.16950500884877
3008890,18.637395232639694
3008891,0.5069498024402029
3008892,274.9832936383698
3008893,0.0
3008894,0.0
3008895,17.856085339953808
3008896,0.0
3008897,2.5075080251887853
3008898,315.12029391439586
3008899,258.0934381254241
3008900,3.9178255076582045
3008901,8.113945497826881
3008902,266.165554977848
3008903,33.054943970618986
3008904,1399.4410098765127
3008905,6.485681393419448
3008906,1.7617434110556063
3008907,3.1665018916773944
3008908,0.24852363550253828
3008909,2.3938633379433467
3008910,2628.9647121323083
3008911,0.0
3008912,674.9113374014989
3008913,4.621036108347158
3008914,856.9075598660181
3008915,835.159928762291
3008916,228.21800240633482
3008917,118.36846964480638
3008918,66.6988327810072
3008919,4111.026300551319
3008920,8.562052171578943
3008921,4.745847675344681
3008922,0.0
3008923,43.23579112668114
3008924,0.04077972218571307
3008925,227.58499755857045
3008926,5.980853925738463
3008927,0.0
3008928,5.374745074292268
3008929,14.377045602814784
3008930,2.658188139283206
3008931,164.529151467185
3008932,247.67316003191053
3008933,6.119532208689953
3008934,6.866391982792074
3008935,145.87141429664848
3008936,35.502686199170896
3008937,636.4483495380582
3008938,7.528817952616922
3008939,4.210338544674628
3008940,5.886348435189628
3008941,0.0039397649225998265
3008942,0.5105727317005795
3008943,1425.796510005164
3008944,0.0
3008945,126.56443174106198
3008946,2.8204394840549685
3008947,516.319506398631
3008948,221.204165119573
3008949,91.88010533021591
3008950,165.05123625291907
3008951,58.192442639155594
3008952,1910.2764976704182
3008953,7.938946276522647
3008954,0.06708866511209985
3008955,12.931287901463502
3008956,10.569642047580734
3008957,0.4691751142030424
3008958,104.54190705551187
3008959,0.0
3008960,0.0
3008961,1.0839867069678621
3008962,78.4822059312841
3008963,0.8367216751265543
3008964,213.8360924462732
3008965,93.53758016046052
3008966,0.8124827670343265
3008967,1.7152279681727454
3008968,55.54362665562522
3008969,17.884999785549596
3008970,396.45484096978936
3008971,2.096998545049665
3008972,1.4218806668397435
3008973,5.598046362050583
3008974,0.06865919600988887
3008975,2.5540824418533674
3008976,3342.476946259213
3008977,0.0
3008978,538.5230277220352
3008979,10.26975319381652
3008980,935.6274842075561
3008981,723.9414698826306
3008982,236.43668028205437
3008983,145.2919400191746
3008984,83.03202072728696
3008985,4069.856107231028
3008986,8.710717646583507
3008987,0.6238847205956827
3008988,18.500323578267146
3008989,13.095775946730965
3008990,0.40153212575484865
3008991,224.19323406909177
3008992,0.0
3008993,28.7947052312979
3008994,2.717333149236196
3008995,50.35560351858095
3008996,1.2058997624067769
3008997,189.0567366677717
3008998,230.50430882599468
3008999,2.814970788511719
3009000,3.294814820720601
3009001,118.60762192471086
3009002,52.32136477975747
3009003,1281.7047776113343
3009004,0.0
3009005,1.209965937188331
3009006,4.993572381286063
3009007,0.0
3009008,6.9920901868103815
3009009,2874.6858679264437
3009010,0.1237534397545519
3009011,477.754508907558
3009012,5.403171165027495
3009013,838.4991768557088
3009014,797.1821703430522
3009015,137.8015299420443
3009016,135.4163611936881
3009017,95.33756236192255
3009018,3251.0211847815185
3009019,55.98753377787161
3009020,1.0364289933203552
3009021,22.546634356601214
3009022,26.492662099914458
3009023,0.3773184785764834
3009024,229.22412509939153
3009025,29.694352176562358
3009026,15.566848763489988
3009027,2.269392971168913
3009028,59.365721929776
3009029,9.829198453124652
3009030,171.4345711142644
3009031,260.99347044538405
3009032,11.2284495893028
3009033,16.151995489964783
3009034,229.71925347585994
3009035,37.65299073502804
3009036,2064.609843210542
3009037,0.03042675712769127
3009038,10.625451633953109
3009039,8.795785507217147
3009040,0.0
3009041,9.288730163164066
3009042,4183.599281211911
3009043,0.0
3009044,611.5049533805294
3009045,15.51723506309351
3009046,1442.295675986961
3009047,1055.673029441234
3009048,192.34731235885332
3009049,151.06317967978165
3009050,118.00510192898206
3009051,4824.442294056643
3009052,29.104506407958294
3009053,1.8675747987890252
3009054,40.381259807169926
3009055,98.54016094987996
3009056,0.2515691014410452
3009057,465.64850566314476
3009058,38.178015302413975
3009059,13.42979735601634
3009060,11.872025659235513
3009061,124.390437803059
3009062,15.172405252144975
3009063,151.8093292735735
3009064,520.6132696663867
3009065,9.46014859415068
3009066,16.282792673161055
3009067,143.42631323547468
3009068,80.2340556277916
3009069,2307.5746978641705
3009070,0.8517027610075334
3009071,20.47673078958043
3009072,12.163239914540611
3009073,0.7851019043513644
3009074,5.455460419440139
3009075,4751.1516690229355
3009076,0.0
3009077,965.1627251183997
3009078,11.567773200838023
3009079,1981.0963392999772
3009080,918.7093642204675
3009081,270.14900527412556
3009082,405.96162517450745
3009083,79.82594578723715
3009084,6292.5091955172375
3009085,47.74497781112985
3009086,3.28909363502263
3009087,28.05742150629612
3009088,26.080345709780964
3009089,0.23110998133671073
3009090,446.35472755344057
3009091,12.284013372507156
3009092,17.02458175403032
3009093,9.081189995116077
3009094,68.18182740876239
3009095,7.187301413851371
3009096,195.48833329869575
3009097,396.7052615859346
3009098,10.08942983578564
3009099,12.69689977376189
3009100,278.9472176088268
3009101,63.23146075088288
3009102,2027.6505063958036
3009103,5.570911688415864
3009104,21.681882670217014
3009105,5.9226905232851275
3009106,0.055076884130967375
3009107,7.51901686420055
3009108,4054.861199737618
3009109,0.0
3009110,543.0100250776676
3009111,7.33507751418148
3009112,1026.1955309389018
3009113,1184.2881422348626
3009114,295.04613110696056
3009115,232.07829506513693
3009116,130.83756752789392
3009117,4818.2808016157405
3009118,37.85827162481352
3009119,2.5430682706087837
3009120,17.89242757544625
3009121,12.96327893528642
3009122,0.5416316926705556
3009123,359.4598097690618
3009124,40.88942111329665
3009125,24.27808249519688
3009126,1.7628249368852682
3009127,80.37606716435343
3009128,9.748641216990318
3009129,454.22230822202323
3009130,328.94612771501033
3009131,11.569834752981846
3009132,16.440033753381975
3009133,536.7012573649597
3009134,48.512713523959164
3009135,3259.374824851064
3009136,0.0
3009137,36.97715471806249
3009138,3.591291371288215
3009139,0.19366388974803703
3009140,2.8954220089507636
3009141,4413.569596959242
3009142,0.0
3009143,442.97888079080997
3009144,7.54524645335035
3009145,2064.149289191897
3009146,671.8962825482413
3009147,285.6006254574271
3009148,170.04710003509805
3009149,50.421017522963716
3009150,5787.603609030532
3009151,13.487317911616296
3009152,2.5844726271612157
3009153,28.1775787204997
3009154,29.010234248722323
3009155,0.14750381226969023
3009156,377.7425491175331
3009157,0.0
3009158,0.12562595799824297
3009159,9.939917831608424
3009160,7.979207909866844
3009161,3.0439266273602392
3009162,157.96793898867654
3009163,250.88360832552405
3009164,4.9665107325804465
3009165,9.147709291186871
3009166,174.1312628933054
3009167,55.2469281503719
3009168,1167.4907084202846
3009169,2.4151911507982735
3009170,5.305356177559715
3009171,10.561395948615882
3009172,0.08507928889713189
3009173,12.591337988389762
3009174,4393.082125231517
3009175,0.0
3009176,710.9998656264698
3009177,10.717765874566712
3009178,1693.3314823506823
3009179,1054.845031047527
3009180,337.4875735176968
3009181,210.3907142429954
3009182,150.00854044300925
3009183,4955.001167446756
3009184,54.41130304473559
3009185,2.214440573040241
3009186,32.59656994119041
3009187,47.35287162866156
3009188,0.4530858428345804
3009189,389.28707148878317
3009190,41.10264494995217
3009191,16.931972687051292
3009192,11.700236127752314
3009193,108.52626765947686
3009194,16.851512668908658
3009195,284.02063350897254
3009196,506.4677014421224
3009197,17.43548527565766
3009198,13.407876974073492
3009199,254.09525637461994
3009200,63.86202203991318
3009201,2762.141768751898
3009202,0.0
3009203,10.600388816086964
3009204,5.539426229043228
3009205,0.16495601428019643
3009206,7.09671081772147
3009207,3724.3137170476566
3009208,0.0
3009209,592.2808131359832
3009210,11.898873128348523
3009211,972.6281714746397
3009212,1046.8702308017203
3009213,214.51629975284933
3009214,188.27884504417443
3009215,123.06141082328791
3009216,4022.556982805826
3009217,44.886093785285716
3009218,1.6103511592460114
3009219,27.879142157780716
3009220,22.16689580120632
3009221,0.5504029829830203
3009222,295.10678742925575
3009223,36.31793864446635
3009224,32.918683616762706
3009225,7.644784134707496
3009226,48.97334372926243
3009227,13.08140885455855
3009228,263.3100873610144
3009229,306.00028009574305
3009230,10.709715805779261
3009231,14.710993314921645
3009232,252.75395512193217
3009233,52.804785272556806
3009234,2870.9957050253984
3009235,0.027465689340110615
3009236,21.419518815398142
3009237,5.3188969572425195
3009238,0.0
3009239,3.5429216459654502
3009240,5776.777995134839
3009241,0.0
3009242,722.862630657767
3009243,20.781918058496213
3009244,1364.938340435378
3009245,924.8005103138299
3009246,301.48550681336826
3009247,256.8654565188421
3009248,70.35455354657077
3009249,5697.909040294164
3009250,14.40216441068667
3009251,0.17862639514585538
3009252,9.258293372748174
3009253,20.540482147136323
3009254,0.16593540168717344
3009255,292.91504029478324
3009256,0.0
3009257,7.542083152312737
3009258,1.1717276219866848
3009259,51.14287965507851
3009260,3.370600420273679
3009261,235.44361846459478
3009262,327.8846297953159
3009263,4.217488882346438
3009264,2.8713838781274355
3009265,287.70332990698444
3009266,131.3682967581551
3009267,1414.9808583449965
3009268,11.29202651154754
3009269,1.5755884472886088
3009270,21.979685154481107
3009271,0.0
3009272,25.44514337315375
3009273,14980.59257705574
3009274,0.0
3009275,2320.086132408966
3009276,21.03207055302354
3009277,3248.646676593141
3009278,3651.0107353741682
3009279,823.6797773185258
3009280,961.8663043624647
3009281,514.7828391408316
3009282,13929.70938440899
3009283,120.53460845308935
3009284,5.892555639031951
3009285,113.49443721975356
3009286,162.5666403873641
3009287,2.1938218566973346
3009288,1094.4721749238386
3009289,47.023308440959944
3009290,28.982934292110883
3009291,20.17745066752853
3009292,315.09906339872424
3009293,31.77014545345448
3009294,1155.554116651749
3009295,915.2288773529351
3009296,67.92999751242849
3009297,50.4467985398282
3009298,1596.2711750121582
3009299,322.36583057738517
3009300,12189.27516599749
3009301,102.14138789829676
3009302,120.07856734276076
3009303,21.84140551140506
3009304,0.0
3009305,21.572001339530576
3009306,14779.88813235442
3009307,0.0
3009308,1779.3508768131483
3009309,25.669532238053563
3009310,3606.2844820607174
3009311,3410.9712820725763
3009312,1073.6907956780076
3009313,609.3226472156144
3009314,431.04947248494005
3009315,15334.1421508608
3009316,198.12883115410145
3009317,3.1196798130113526
3009318,53.59515857913095
3009319,132.57374535910336
3009320,1.1453537281754076
3009321,1051.674599465606
3009322,55.16326821942343
3009323,44.92162592169498
3009324,7.101528823433633
3009325,182.56133295186098
3009326,25.289306059532212
3009327,1460.7362300458935
3009328,1099.1468074800953
3009329,43.22868178931109
3009330,47.67868936013452
3009331,1741.9506086187375
3009332,289.44217328703
3009333,8676.805269540177
3009334,186.10581795256394
3009335,132.32182349015937
3009336,18.101073620439546
3009337,0.0
3009338,28.214139065698927
3009339,10844.029612373246
3009340,0.1909966675548733
3009341,1537.0333377922277
3009342,17.508088270064437
3009343,3802.771274585113
3009344,2550.3471191815365
3009345,1214.028185244732
3009346,282.8026254471945
3009347,349.61406694795613
3009348,14976.59943334292
3009349,62.577426859094494
3009350,4.437427615422429
3009351,50.87081060042658
3009352,50.93370329828841
3009353,1.073854841388472
3009354,1016.5430190826796
3009355,65.4216328208182
3009356,32.25985990176756
3009357,10.066379915279818
3009358,106.85289963936674
3009359,14.591215006714092
3009360,1234.8912701488164
3009361,1235.5828270823606
3009362,41.38733290412979
3009363,74.48772279640427
3009364,1290.5570317926304
3009365,175.01519508151972
3009366,4365.294821259206
3009367,117.96168155695828
3009368,79.73375202165222
3009369,22.27944417437307
3009370,0.0
3009371,28.8961270127947
3009372,14915.194608280022
3009373,0.0
3009374,1680.0904280348052
3009375,23.482772549579593
3009376,3321.910258543417
3009377,3311.844459086251
3009378,1014.9240222574963
3009379,576.7153740406737
3009380,364.29575205733454
3009381,14440.991427479605
3009382,80.30185072912032
3009383,4.20810123543865
3009384,56.049834686278345
3009385,132.06733588395386
3009386,2.953426116953432
3009387,985.5222319707763
3009388,64.695575957845
3009389,37.13052606960288
3009390,8.049239447653704
3009391,165.5582969885107
3009392,20.316590975455032
3009393,1098.034015435492
3009394,1100.0977901119838
3009395,45.91768248167788
3009396,48.73080000666477
3009397,1605.1776441596705
3009398,273.00070192625014
3009399,7957.206166291343
3009400,136.93815979696578
3009401,100.91426922535238
3009402,20.873812215867645
3009403,0.0
3009404,29.01339189495566
3009405,8877.158224477964
3009406,0.10480440554384113
3009407,1393.029068622043
3009408,17.66645313895343
3009409,3209.53541167679
3009410,2241.850876535661
3009411,1028.8409505157733
3009412,241.51508466631108
3009413,284.88969285109255
3009414,12675.09897638404
3009415,80.07910542093781
3009416,1.2974258670472503
3009417,40.18789526884825
3009418,86.25292214196564
3009419,1.31862226547485
3009420,933.1514465643417
3009421,50.25972226752254
3009422,18.50337463566015
3009423,5.7237567372150915
3009424,99.65744228350876
3009425,10.861897180774587
3009426,1191.7155373544176
3009427,1148.7682686993403
3009428,34.155365430233154
3009429,38.46121858734709
3009430,1322.342283277266
3009431,144.35776548446947
3009432,3288.9900420069685
3009433,101.78342914086109
3009434,34.80515538351985
3009435,13.315514202577491
3009436,0.0
3009437,18.303450030077986
3009438,9904.495428792832
3009439,0.0
3009440,1428.0101625076131
3009441,23.843620715647596
3009442,2265.199317119761
3009443,2845.544971374323
3009444,588.6404301372743
3009445,628.7789848106871
3009446,415.1080988882601
3009447,9935.117316318203
3009448,87.11747955046295
3009449,2.296895818766342
3009450,46.27949226621234
3009451,71.1366360528393
3009452,1.962745117061205
3009453,678.6464892555365
3009454,31.504411537362685
3009455,30.67048440073895
3009456,12.76972315743039
3009457,206.24315287094126
3009458,22.337233770095896
3009459,923.6128732802173
3009460,704.3356164904947
3009461,28.938374349109548
3009462,47.85126549836635
3009463,1225.4101903103601
3009464,243.27153506845357
3009465,9024.927461460218
3009466,79.6553049212948
3009467,85.41082442411816
3009468,8.03674168649085
3009469,0.18294064859506506
3009470,5.963915902603073
3009471,2442.523538644085
3009472,0.0
3009473,385.98340017264553
3009474,19.672916145306637
3009475,1059.393654033391
3009476,636.3905437942464
3009477,250.69102646352877
3009478,114.94409485963375
3009479,89.59553958026981
3009480,3257.773522630146
3009481,52.73912417352928
3009482,1.8468464835640785
3009483,31.43379920841603
3009484,24.91599337558085
3009485,0.8758167801982063
3009486,279.8389099043207
3009487,23.448885733215292
3009488,5.242907005989261
3009489,14.441500013028232
3009490,37.545542780023176
3009491,8.664288779979275
3009492,284.3084382605454
3009493,280.1239047542551
3009494,5.106730744858369
3009495,10.732058114283102
3009496,252.67193235911407
3009497,44.50839228045476
3009498,1709.4140292976851
3009499,2.1759638526444034
3009500,11.198553701732221
3009501,14.514205239672991
3009502,0.0
3009503,16.71647654621396
3009504,6928.6144106869115
3009505,0.0
3009506,741.9043563014404
3009507,28.971365575114373
3009508,2247.5654032367293
3009509,1662.0316492981199
3009510,648.9016124883418
3009511,169.21408683692064
3009512,154.63522463235205
3009513,8655.027212859473
3009514,133.28738248149315
3009515,2.8862087376527636
3009516,43.91603039063779
3009517,81.17984632530322
3009518,1.3403092584016363
3009519,655.021573496613
3009520,36.72298923383092
3009521,3.9479330974158144
3009522,6.877221509680097
3009523,87.28134514414008
3009524,14.009357239896993
3009525,612.196856456742
3009526,755.5026583977806
3009527,20.11618231959008
3009528,34.953812890649566
3009529,532.5159147889706
3009530,78.43693909320164
3009531,2813.8369588973806
3009532,97.2669723302201
3009533,24.072474237071976
3009534,10.441954886436013
3009535,0.0
3009536,6.297098351052001
3009537,6027.661989600323
3009538,0.0
3009539,1095.774530131464
3009540,7.685741659650789
3009541,1795.4312137211991
3009542,2024.299356423149
3009543,318.95582719572974
3009544,427.3392473724968
3009545,294.8372280723604
3009546,6275.723865188483
3009547,54.50803091349187
3009548,2.0919023706384285
3009549,42.052028860058364
3009550,37.26302984448746
3009551,0.9613189044446888
3009552,440.1436524400463
3009553,7.929735621798932
3009554,44.11998376336156
3009555,9.824339001731328
3009556,120.18057593362118
3009557,15.291801365465377
3009558,670.0408760179602
3009559,430.83284537184824
3009560,27.031265457422585
3009561,17.01274946163393
3009562,750.610245327949
3009563,148.9525342055664
3009564,6065.159670098184
3009565,23.60924867222309
3009566,55.78292682060298
3009567,21.400302721948883
3009568,0.0
3009569,11.691610415090333
3009570,6465.319790238062
3009571,0.0
3009572,1186.9657174424788
3009573,15.336878182359982
3009574,2363.8017101372893
3009575,1681.8075567513667
3009576,537.3481723366211
3009577,301.3430356019385
3009578,409.60017149298494
3009579,8823.412487066775
3009580,66.42190702379538
3009581,4.413577608373383
3009582,71.0354238704506
3009583,77.93475047915443
3009584,1.362933920106331
3009585,555.2263950641833
3009586,17.249671779002778
3009587,82.8446646228993
3009588,11.826906853573666
3009589,255.3645808795107
3009590,15.050114284702266
3009591,658.6032572381521
3009592,555.9261949980787
3009593,22.115792517436827
3009594,41.181832026411946
3009595,678.7647238378961
3009596,177.09130035339757
3009597,6411.368204066289
3009598,18.60986601715673
3009599,13.433259812302078
3009600,14.930111827467348
3009601,0.17157628159399502
3009602,6.116452831760045
3009603,3302.7749319410605
3009604,0.1450749746634389
3009605,652.2002925382914
3009606,10.179528234577983
3009607,1263.23989305254
3009608,786.8370924920398
3009609,332.80890603867834
3009610,144.4349897702149
3009611,141.17482463511737
3009612,4279.452196236491
3009613,23.281643451692858
3009614,1.5529974000544233
3009615,31.921313026444075
3009616,36.06682348956606
3009617,0.24443281044740456
3009618,282.50692803988136
3009619,8.148678629249519
3009620,8.228525708357555
3009621,8.338627329009688
3009622,92.57044718004182
3009623,6.041358858534893
3009624,372.70335228138737
3009625,323.79005155917287
3009626,8.293611852429006
3009627,11.914058898568973
3009628,284.0956632428324
3009629,69.12803215912507
3009630,2595.269861493184
3009631,1.8012882970400954
3009632,5.018184285342304
3009633,9.229192479530044
3009634,0.0
3009635,2.539879358905657
3009636,5387.878795452446
3009637,0.0
3009638,372.22151610012895
3009639,3.4799378314614735
3009640,1734.1483468466126
3009641,341.5131219568615
3009642,301.8051627835034
3009643,95.1857200830651
3009644,39.73491210253888
3009645,4612.962021844954
3009646,9.155040441050659
3009647,1.1409099728904197
3009648,31.43097772886022
3009649,19.64938594432884
3009650,0.2033710565760984
3009651,350.8304965491738
3009652,0.0
3009653,0.0
3009654,6.28449037957556
3009655,18.76493966717334
3009656,1.730087543175955
3009657,62.646329390631024
3009658,280.2503044201801
3009659,0.0
3009660,2.3249843591393153
3009661,85.6427051501061
3009662,117.48063347301131
3009663,836.5769988937401
3009664,2.710807956909189
3009665,3.3376250898307593
3009666,10.005144689982524
3009667,0.13015183899236502
3009668,10.539681511393386
3009669,5926.0583551747395
3009670,0.0
3009671,765.8668352866472
3009672,13.246344596201258
3009673,1769.145938387203
3009674,1582.3424229780135
3009675,492.4619230589652
3009676,294.0709114036325
3009677,194.7288343007958
3009678,6884.950804254325
3009679,65.88844675080554
3009680,2.454778494151792
3009681,38.772036230535655
3009682,55.91047816651123
3009683,0.17544534473207746
3009684,498.3605676332077
3009685,51.267061788479914
3009686,16.95698309373035
3009687,9.362034252499702
3009688,84.98273022655167
3009689,10.228466016313067
3009690,606.1613530593713
3009691,500.1187870190596
3009692,15.751731794970528
3009693,21.7748171583139
3009694,797.3360540579305
3009695,128.86219791671567
3009696,3676.3469188750064
3009697,0.0
3009698,60.65399654905736
3009699,5.845546763154116
3009700,0.15349618665394224
3009701,4.807744832094037
3009702,4220.719342936386
3009703,0.168805216118552
3009704,665.3070234414671
3009705,14.982522328071408
3009706,894.8902446365538
3009707,1271.4313364544707
3009708,179.5089061000663
3009709,283.1300441924607
3009710,221.68984319084137
3009711,3727.350912694039
3009712,41.20183573736468
3009713,3.5677837749802235
3009714,31.0567244745243
3009715,24.24156403714858
3009716,0.5942602265481416
3009717,233.1327456149008
3009718,25.20089287991006
3009719,35.76597619989359
3009720,8.02073805676851
3009721,146.80239399275428
3009722,13.025265134252939
3009723,412.54087314560877
3009724,234.63300622232234
3009725,8.943944052018077
3009726,14.92780840365133
3009727,570.450238849491
3009728,127.6603319987466
3009729,4665.402319629478
3009730,0.11714250471598239
3009731,37.099428179718416
3009732,5.720354517487521
3009733,0.7364275602643421
3009734,11.95189700400241
3009735,6530.45532566786
3009736,0.0
3009737,1006.6595019866804
3009738,17.74053279328074
3009739,1506.2615969085912
3009740,1916.7813240574294
3009741,389.48374112663964
3009742,478.6675198159086
3009743,181.39810987305066
3009744,6388.550807916699
3009745,51.519450851403434
3009746,5.087453350593525
3009747,41.696846544096054
3009748,41.429570690880865
3009749,1.1033862714369522
3009750,499.68042972972825
3009751,42.51963370121384
3009752,32.0459991741755
3009753,19.469904740271865
3009754,109.4985686415422
3009755,21.24214910539972
3009756,501.4382231697297
3009757,497.8776835514364
3009758,32.38121759423118
3009759,26.55413910800632
3009760,777.5054088252357
3009761,180.38617553154268
3009762,5849.298236099524
3009763,0.6218630023945101
3009764,52.631036181053894
3009765,17.96296365864561
3009766,0.48456854151198403
3009767,10.863261956406227
3009768,4990.257660199019
3009769,0.0
3009770,761.7061133846746
3009771,9.356613673159003
3009772,1996.1220946959124
3009773,1215.2570220519453
3009774,682.5304304363076
3009775,281.9852151809202
3009776,111.04914052073357
3009777,9103.275432677858
3009778,18.95623896829252
3009779,1.979027511425781
3009780,26.459458415588355
3009781,59.158950467276654
3009782,0.2401639718839876
3009783,562.9958227554197
3009784,26.413039695030363
3009785,4.359246638398017
3009786,7.600657613881692
3009787,46.903337803563495
3009788,4.931685419219353
3009789,410.4095510096968
3009790,553.4775061435644
3009791,10.007468637531478
3009792,13.429169608568287
3009793,575.4826160756647
3009794,145.4564469480625
3009795,2095.755648363771
3009796,37.08088315439615
3009797,24.52975998652449
3009798,4.101537746776555
3009799,0.0
3009800,3.4259884064337696
3009801,2301.744282926316
3009802,0.0
3009803,360.077058819334
3009804,12.71949896870639
3009805,638.9901901303624
3009806,692.8261820316175
3009807,141.06804047313156
3009808,153.75696936267536
3009809,128.7829143595033
3009810,2654.325513489279
3009811,23.723719718738614
3009812,2.3112022040611397
3009813,21.991853835167614
3009814,24.530376966842763
3009815,0.7952106093592027
3009816,182.41270215619608
3009817,16.64235810859132
3009818,15.310628095190147
3009819,8.47829468681348
3009820,54.261277944467494
3009821,5.993719493115371
3009822,284.8403527114341
3009823,149.63765592685627
3009824,4.906967903470898
3009825,9.42772796357538
3009826,328.40058498024155
3009827,48.48660859806732
3009828,2441.4177822343745
3009829,0.0
3009830,19.61252595578812
3009831,1.002428098602765
3009832,0.0
3009833,2.982065306183037
3009834,1197.568563906467
3009835,0.0
3009836,108.90592625183434
3009837,4.1965653805755245
3009838,775.4715976574892
3009839,299.56930400430207
3009840,241.29220610738707
3009841,71.80730825965892
3009842,29.748931490043528
3009843,2539.0242005043615
3009844,6.2969790118122555
3009845,0.6866443018226889
3009846,9.258004243067077
3009847,8.364795680180034
3009848,0.14177597650517954
3009849,161.81846082746196
3009850,0.23033781068621673
3009851,0.0
3009852,1.2751283382698222
3009853,9.557884166193189
3009854,0.8018860382708128
3009855,138.17711345032856
3009856,148.04329476040385
3009857,0.7381953084385298
3009858,3.193206386270368
3009859,127.85025158723697
3009860,20.84617733476234
3009861,253.18757743213516
3009862,0.44595535924875024
3009863,0.794689687936525
3009864,6.9346326739813335
3009865,0.32097225889526254
3009866,2.7025319615903705
3009867,4048.038266623126
3009868,0.0
3009869,626.7762764131103
3009870,8.321067845412433
3009871,1593.9451987603436
3009872,615.6882962333527
3009873,448.9950792776548
3009874,282.9337844699699
3009875,61.13306140529261
3009876,6375.244072119925
3009877,28.11501081001456
3009878,0.8067104106165525
3009879,0.0
3009880,12.951071921573545
3009881,0.32106826349663975
3009882,411.5539335015122
3009883,13.519336663920646
3009884,0.14486539471558643
3009885,6.306030371429167
3009886,24.45311426689149
3009887,1.9250362588719205
3009888,598.9301764581625
3009889,305.4576106436102
3009890,2.476219789571284
3009891,10.881462030409596
3009892,169.92868629446076
3009893,89.3523758189361
3009894,1116.4655516359269
3009895,6.070361772867762
3009896,8.314243398267454
3009897,4.644138050482108
3009898,0.0
3009899,0.623928824335592
3009900,1726.99499833765
3009901,0.0
3009902,202.73509543418064
3009903,6.662869223605459
3009904,1139.0070447705205
3009905,464.50517020075364
3009906,237.0585598170655
3009907,96.55029663686501
3009908,27.58160844232355
3009909,3186.9407265483883
3009910,8.731799836978942
3009911,1.16203331977216
3009912,12.08225997188628
3009913,15.444543611614476
3009914,0.5808807836789944
3009915,178.31776913881916
3009916,9.313647809621921
3009917,0.0
3009918,6.297525978682198
3009919,23.49657517752727
3009920,2.0543367732105198
3009921,130.77533888300331
3009922,166.6796068118775
3009923,2.0217961275976903
3009924,4.90918576488112
3009925,155.02683122854054
3009926,28.550348853872013
3009927,362.16796251519173
3009928,1.1026697488406907
3009929,5.108673483025717
3009930,3.9726471306478595
3009931,0.0
3009932,4.6782672417974664
3009933,1671.4996358322855
3009934,0.0
3009935,137.09761444457718
3009936,5.670856104926686
3009937,815.1328659039881
3009938,286.66079372132066
3009939,159.88416677905676
3009940,74.1015262494352
3009941,30.11263316962644
3009942,2828.957776059902
3009943,12.946372624239384
3009944,0.11801629067428872
3009945,8.955336876652423
3009946,10.361573595427298
3009947,0.1400056857203254
3009948,140.6993203691363
3009949,1.7146794001593253
3009950,0.0
3009951,3.5115551247679035
3009952,40.38857034620863
3009953,0.9507800942280131
3009954,182.82265409812499
3009955,159.55551104768946
3009956,0.5271145359394674
3009957,3.9868740398834475
3009958,66.38865418119615
3009959,18.321972795501317
3009960,173.84937338610683
3009961,1.5662305029471426
3009962,2.8835084650000953
3009963,2.4024280405509586
3009964,0.0
3009965,2.9063647760252866
3009966,1454.3732095880778
3009967,0.0
3009968,179.30307659046397
3009969,4.5958502981054945
3009970,1402.266444011401
3009971,404.53741906872176
3009972,236.4059204052828
3009973,40.78146106790915
3009974,37.2763452840125
3009975,3060.668132373658
3009976,11.870222763347709
3009977,0.5010567295170395
3009978,4.074141396222131
3009979,21.612638028409943
3009980,0.348780472176995
3009981,219.05515192758253
3009982,3.3434585771735774
3009983,0.0
3009984,3.662726672698225
3009985,6.239282061865399
3009986,2.073063906764215
3009987,297.16321215085117
3009988,266.9546557133519
3009989,1.2111623861210516
3009990,5.890603803281541
3009991,75.84061430658603
3009992,97.83982381801302
3009993,385.30916458903545
3009994,0.7940175329616009
3009995,1.5295150993068956
3009996,3.9970914131878703
3009997,1.014809658441499
3009998,4.715532083327925
3009999,1882.2479086341039
3010000,0.0
3010001,158.55341444264667
3010002,1.163278190949937
3010003,1010.974759591308
3010004,420.4000189463527
3010005,318.91552471934295
3010006,165.90004596496044
3010007,71.43489327696956
3010008,3099.1293724473285
3010009,6.28236747399543
3010010,0.5879413642402782
3010011,17.22926454096565
3010012,18.632797371798773
3010013,0.20108411756445865
3010014,257.6143259394418
3010015,9.91201998597032
3010016,0.0
3010017,5.845142867647149
3010018,15.841992718659936
3010019,2.3246668061903266
3010020,137.4646406456655
3010021,207.36037851911152
3010022,0.44405009888858016
3010023,7.197574632882077
3010024,95.83723387241074
3010025,40.293466309916205
3010026,668.4128610886197
3010027,1.1747920278817832
3010028,4.704624941034987
3010029,3.741924416343265
3010030,0.1156807929691605
3010031,2.0577631126323235
3010032,1379.8077291033944
3010033,0.0
3010034,148.6833608267815
3010035,4.81535500597575
3010036,1256.96782099331
3010037,257.091701457628
3010038,162.04879541227018
3010039,341.2256556067985
3010040,17.893961777608297
3010041,2127.880477365761
3010042,6.0362564836007495
3010043,0.405726162416569
3010044,10.513137173596542
3010045,9.509111987045115
3010046,0.24595599447195207
3010047,166.96161707457549
3010048,0.0
3010049,0.0
3010050,1.7669403882381867
3010051,50.942337421625545
3010052,0.8060286585892106
3010053,56.880641843285495
3010054,131.33166321640172
3010055,1.1197653769614988
3010056,3.225522803374597
3010057,61.967128059779014
3010058,32.16732299231362
3010059,515.556605922381
3010060,2.298654374444319
3010061,0.6388746395955257
3010062,8.973543942368895
3010063,0.15966006180529424
3010064,3.8095749314540113
3010065,3299.1214013425893
3010066,0.0
3010067,356.85113942564965
3010068,2.7171166648670497
3010069,1137.9256714293674
3010070,772.1800264245395
3010071,567.4338204507909
3010072,374.46788676551023
3010073,92.75428072496574
3010074,4775.7063753946295
3010075,15.508974184673736
3010076,1.6862996295860349
3010077,17.49631384217694
3010078,10.898736252185705
3010079,0.5379936092276537
3010080,299.62772129921564
3010081,0.454462620226878
3010082,0.0
3010083,3.285437218092138
3010084,20.005233195666495
3010085,3.2122764767206324
3010086,280.727106223784
3010087,269.9293121953704
3010088,2.282382082012871
3010089,7.0687516063586795
3010090,371.29559500680665
3010091,50.204390342203986
3010092,1364.0273589302433
3010093,3.3539376675727244
3010094,12.365490674456389
3010095,3.0640771748413105
3010096,0.0
3010097,3.6403233413798723
3010098,1891.6395954169
3010099,0.0
3010100,587.5908053589301
3010101,5.8389559817035135
3010102,499.1270469157122
3010103,605.2040144163909
3010104,216.28294936603265
3010105,265.1858943664133
3010106,45.392654225801444
3010107,2795.707123294883
3010108,10.283132820107069
3010109,1.6706083525637934
3010110,20.963175103770322
3010111,11.801133811194589
3010112,0.7536879203452564
3010113,180.2907410574444
3010114,11.94958621381844
3010115,2.229252524469432
3010116,4.808390077618646
3010117,33.92338355163511
3010118,1.244606130734937
3010119,86.33292318366206
3010120,149.47122756773678
3010121,5.521303885454894
3010122,5.21293803807157
3010123,176.2933066652416
3010124,49.25785637643558
3010125,1574.0301018746702
3010126,14.66187989652655
3010127,9.472883438685217
3010128,6.338780398977014
3010129,0.49812177067938207
3010130,3.3383276703786877
3010131,2261.169073930628
3010132,0.0
3010133,170.53024979888917
3010134,4.992488549235947
3010135,894.9713341056512
3010136,379.6209739338806
3010137,296.02709011504174
3010138,94.37325758934601
3010139,46.28380972339107
3010140,3384.6398725410845
3010141,30.49625357935053
3010142,0.9423768380297892
3010143,8.557414131625032
3010144,15.738790260106999
3010145,0.25041030240239937
3010146,167.7720804185259
3010147,6.4473291584331855
3010148,0.0
3010149,3.670979713127084
3010150,15.121754766063447
3010151,3.9453404463792543
3010152,137.97746373939836
3010153,155.2360317147106
3010154,1.6117129625220554
3010155,5.655773610156546
3010156,91.7401836617241
3010157,30.628356901743267
3010158,437.3105708023311
3010159,1.0552155257875997
3010160,3.964299385295922
3010161,6.0659356010143775
3010162,0.214268880529074
3010163,9.063246527307568
3010164,2951.218271665936
3010165,0.0
3010166,608.573932810702
3010167,11.157005878472706
3010168,898.8368197098029
3010169,768.0660868908336
3010170,211.43719520664442
3010171,173.26172309206007
3010172,94.00160675519267
3010173,3772.967970284222
3010174,44.94423511800906
3010175,1.2381050569017569
3010176,7.835820035461923
3010177,32.59239728000117
3010178,0.2132270531576644
3010179,256.06413695221255
3010180,21.05386362597962
3010181,10.00796869195018
3010182,7.146809531912826
3010183,45.55485090357164
3010184,6.450197318653303
3010185,370.3853793076175
3010186,231.4830466728902
3010187,8.285387236413381
3010188,7.760916592597987
3010189,445.858171165904
3010190,93.47481727791767
3010191,2174.014976878439
3010192,0.0
3010193,30.29722647413079
3010194,6.822708164049544
3010195,0.4865000194934211
3010196,5.512233689342941
3010197,3027.667018580589
3010198,0.0
3010199,420.5251869088003
3010200,7.136995977742961
3010201,1340.1602062627546
3010202,667.8431275151263
3010203,563.2656167801313
3010204,151.82832366647673
3010205,56.99461369166332
3010206,5113.218012828093
3010207,14.060901244175984
3010208,0.5961591646791428
3010209,0.0
3010210,16.584882241427895
3010211,0.0
3010212,297.12854440600995
3010213,3.310465882754339
3010214,3.218642691279971
3010215,3.345963647969612
3010216,31.946524597374037
3010217,1.4402477359807782
3010218,257.6753735033286
3010219,289.22738614210624
3010220,3.1801922840508583
3010221,2.3032872963333926
3010222,245.02334621516698
3010223,45.415625235503825
3010224,852.8968986981992
3010225,13.903381125704371
3010226,12.8980842350865
3010227,10.042397660747273
3010228,0.5852443100543941
3010229,4.2183677018716725
3010230,2885.6657810613337
3010231,0.0
3010232,437.9166038263829
3010233,4.213443461985644
3010234,1670.6406982515418
3010235,588.7637838119606
3010236,300.66162659358326
3010237,551.9589887528991
3010238,62.368521830262786
3010239,3857.261096304808
3010240,12.51636924744896
3010241,1.2329681671271275
3010242,21.624243163613972
3010243,31.39588570062712
3010244,0.35370301695587847
3010245,309.905346514987
3010246,4.084466729170381
3010247,0.5499247230494161
3010248,12.51620637930023
3010249,27.23444071565011
3010250,1.7412960902132808
3010251,103.33557185941847
3010252,236.802981276295
3010253,2.978130815462968
3010254,2.9297822251065675
3010255,142.46165718153907
3010256,143.5608576250847
3010257,1178.4078649350854
3010258,1.8817396314299168
3010259,7.000352979890917
3010260,2.7302290941299394
3010261,0.06070114603357016
3010262,2.955683442224744
3010263,1601.570748504288
3010264,0.0
3010265,157.10160982070067
3010266,10.194812360707546
3010267,592.8337486929765
3010268,337.31636759669425
3010269,145.38058531365667
3010270,77.8766033421432
3010271,43.71953105784277
3010272,2508.612283880531
3010273,8.657005168437754
3010274,0.596868662075491
3010275,11.125224448783298
3010276,17.6558600676677
3010277,0.2886858871859127
3010278,166.1688073715469
3010279,3.103312930590233
3010280,0.0
3010281,6.3706965036981105
3010282,62.91811632328072
3010283,2.2673205942829124
3010284,87.58128822363244
3010285,150.3416087506109
3010286,1.2180005449454148
3010287,5.056443725952554
3010288,118.12783981609326
3010289,45.108034651282075
3010290,501.5858808925942
3010291,1.0870179641747924
3010292,1.6161342598939599
3010293,1.1047020306431028
3010294,0.0
3010295,0.8423986890284755
3010296,1461.2154997888983
3010297,0.0
3010298,263.9126985875236
3010299,14.959042548194812
3010300,556.5683479890704
3010301,505.9016131868684
3010302,124.67663469135071
3010303,52.70130592756494
3010304,56.466877890770114
3010305,2149.020233277594
3010306,25.109035998946414
3010307,0.6057971483586343
3010308,8.764122238582589
3010309,16.374957761144312
3010310,0.3064016374291668
3010311,129.7597550180889
3010312,13.776113802180742
3010313,0.804761862513791
3010314,2.7933306826502293
3010315,17.452308778997427
3010316,5.205004598456536
3010317,381.5801122532645
3010318,146.82763559805068
3010319,4.436380222033352
3010320,4.8384595559717
3010321,304.1363890560128
3010322,24.31847338129557
3010323,1207.546409145609
3010324,0.0
3010325,5.391769682210742
3010326,3.6587740792402754
3010327,0.0
3010328,4.632327085356097
3010329,3513.4646049466887
3010330,0.0
3010331,737.8722481615165
3010332,12.07046741440221
3010333,1119.3215181168814
3010334,1284.5623546848237
3010335,271.70760411920674
3010336,245.16252703516685
3010337,154.15520371318686
3010338,4225.762976302063
3010339,37.15161433770065
3010340,0.9049206690105955
3010341,13.135390272399826
3010342,28.672838726269067
3010343,0.33212136881663584
3010344,253.64674102101011
3010345,11.43058959736778
3010346,31.825528116911396
3010347,10.743457080539589
3010348,62.37346513232414
3010349,13.42370312927615
3010350,370.1390530469738
3010351,246.76102637434494
3010352,16.59945661307948
3010353,9.670846821037799
3010354,518.4193953897675
3010355,93.52810152248674
3010356,3381.255530991909
3010357,0.3400634404684619
3010358,22.67019438875498
3010359,0.7502276496144655
3010360,0.06562702713685674
3010361,1.3061704571841313
3010362,1101.271150886708
3010363,0.0
3010364,251.0481852360705
3010365,3.1683567471881284
3010366,278.62831417872474
3010367,384.62288592337705
3010368,104.02856712168898
3010369,77.78194817809147
3010370,0.0
3010371,1263.2783828044435
3010372,14.209956853425156
3010373,0.6880445032744582
3010374,3.0929328462761374
3010375,5.158997566561064
3010376,0.08667506508076304
3010377,69.05183015478684
3010378,0.0
3010379,3.0581618235680983
3010380,0.05884134155941345
3010381,57.61312264169954
3010382,5.349085214602783
3010383,163.97889070742855
3010384,53.2648085761795
3010385,2.623593973280851
3010386,2.130576768409555
3010387,124.94387385372055
3010388,20.379893697657707
3010389,956.2831238505936
3010390,3.706129913543604
3010391,2.1827238281756687
3010392,4.28685999570655
3010393,0.0
3010394,0.007766057991801863
3010395,538.8400523690738
3010396,0.04178636452191024
3010397,191.7214771126912
3010398,3.972233774523252
3010399,355.8537349832645
3010400,224.87967710409868
3010401,71.90512966550624
3010402,33.90206253229694
3010403,16.407145593428567
3010404,1221.906375486915
3010405,12.94517745161033
3010406,0.9494063708532978
3010407,7.932771799265296
3010408,9.135737215210462
3010409,0.5852549518081167
3010410,69.81487232345674
3010411,0.02606000283134114
3010412,2.8157317460158677
3010413,0.0249556281534592
3010414,7.5913536526721765
3010415,0.390902190129837
3010416,241.14679516800896
3010417,129.25226737333188
3010418,2.4585257049408646
3010419,1.1844261434423593
3010420,120.54693287590827
3010421,17.866496836062637
3010422,464.39983707781226
3010423,1.859753514931955
3010424,0.51300085968489
3010425,4.75591645093641
3010426,0.21681514832311605
3010427,2.017862589461029
3010428,3299.6492816901646
3010429,0.2303655401412963
3010430,630.2783845557857
3010431,12.448944055314538
3010432,878.1104852083007
3010433,1006.6438133539741
3010434,290.8254736033398
3010435,254.11548553944058
3010436,107.79606048874537
3010437,3822.9796940294336
3010438,23.186090513596703
3010439,2.259486545600952
3010440,15.253428652498476
3010441,28.112492643303955
3010442,0.17999176562755229
3010443,237.02277343501734
3010444,7.190624629553681
3010445,22.29483249091176
3010446,8.160717696507772
3010447,79.67282778267634
3010448,4.334991441135893
3010449,277.6658682231367
3010450,220.47532902718615
3010451,10.562294690922691
3010452,9.859036202684457
3010453,373.30422476168945
3010454,62.98758551876694
3010455,2625.810283985007
3010456,0.8909274917127428
3010457,14.230517567909825
3010458,6.487028172369293
3010459,0.0
3010460,2.8075301331694096
3010461,3060.1872867720344
3010462,0.0
3010463,600.754781556725
3010464,12.971094300259269
3010465,1168.2034890175028
3010466,851.1420807651143
3010467,323.7782237567888
3010468,359.1704754912773
3010469,36.75181102725386
3010470,4379.925290582654
3010471,13.740919196706633
3010472,0.9070028634968774
3010473,24.92383666379818
3010474,14.020804631603598
3010475,0.6875882276420773
3010476,249.484050765223
3010477,0.0
3010478,4.448304994850554
3010479,3.944447881179906
3010480,13.031035015185566
3010481,1.2539009152812748
3010482,161.07180122261659
3010483,299.53211596376786
3010484,6.326681028558047
3010485,3.708568673461755
3010486,184.1359310594906
3010487,79.14598057212598
3010488,1300.6633517602597
3010489,5.598069738989859
3010490,0.0
3010491,4.934013409039192
3010492,0.19233535617749392
3010493,2.237134887702451
3010494,2789.0196962318805
3010495,0.0
3010496,606.6094674295763
3010497,6.919378464781221
3010498,893.1183216868873
3010499,699.8281166824951
3010500,255.11799784199408
3010501,412.74268106274866
3010502,50.60215319059165
3010503,3621.4283570950543
3010504,14.714356780999534
3010505,1.2494866762884824
3010506,23.530696529706287
3010507,14.553621196036506
3010508,0.09728762925100151
3010509,219.82985678509112
3010510,0.0
3010511,6.195984759561994
3010512,6.017921452545585
3010513,24.967610872029244
3010514,1.5913405056100747
3010515,119.20309354579334
3010516,207.63314505241792
3010517,4.719853993671644
3010518,2.5505529503386315
3010519,191.14026397471588
3010520,53.4005610074794
3010521,983.1737797194672
3010522,3.4806578737705838
3010523,3.5682423062773845
3010524,8.589406627843143
3010525,1.2167354179625862
3010526,14.597523581396642
3010527,8095.476260013382
3010528,0.0
3010529,1145.788136733459
3010530,22.2160497181402
3010531,1903.5792954189892
3010532,1974.5741559950645
3010533,351.4598066344783
3010534,496.15112341280167
3010535,305.48557298207675
3010536,7315.308476599789
3010537,100.05840784774848
3010538,3.2824638795431382
3010539,44.02602900685063
3010540,48.26495818097999
3010541,1.097454764115475
3010542,476.6454952173408
3010543,33.04729867975224
3010544,41.96287529631161
3010545,19.205259475196154
3010546,139.29163169181214
3010547,26.112937838758764
3010548,609.892523858344
3010549,453.90790124411234
3010550,16.109304323851383
3010551,21.92508491685689
3010552,1060.2110630358263
3010553,155.9652495574044
3010554,7307.1797963808485
3010555,1.3382557951028393
3010556,70.56933601807756
3010557,3.154780122239274
3010558,0.4217952387579281
3010559,1.6110634084510442
3010560,1419.2594627119038
3010561,0.0
3010562,142.79104887285558
3010563,3.053527123767551
3010564,1048.180109028653
3010565,268.9369283787086
3010566,111.911053909706
3010567,238.54995564920233
3010568,41.85889920186203
3010569,2099.764537732369
3010570,6.947355709673869
3010571,0.17752608453880456
3010572,6.80978347644839
3010573,6.357244851612303
3010574,0.30936642687198757
3010575,147.2402506039223
3010576,0.0
3010577,0.0
3010578,3.2254908175766417
3010579,41.86386568914396
3010580,0.8917870036763066
3010581,53.03411700830219
3010582,102.77017758157486
3010583,1.7332075642031957
3010584,4.690387997746084
3010585,101.27580306154509
3010586,15.087582757437492
3010587,487.4583490184631
3010588,2.1386274730206067
3010589,4.636916718033219
3010590,8.38266644062169
3010591,0.06217901917039612
3010592,2.914253291528806
3010593,3026.4921573474157
3010594,0.0
3010595,498.1769686622199
3010596,7.158650122772919
3010597,1131.2847302978928
3010598,643.0086260726409
3010599,250.5641851219185
3010600,443.91751481358784
3010601,69.42089418908806
3010602,4080.6722228209806
3010603,15.589154234137375
3010604,0.4886765138861394
3010605,7.500513866806872
3010606,13.355201041031387
3010607,0.6977498723701313
3010608,276.093926028005
3010609,2.0224924107145577
3010610,4.539710922234252
3010611,10.08605317716754
3010612,7.066508283259198
3010613,1.8595459916466301
3010614,319.9923688138947
3010615,270.29198653343525
3010616,3.7393945584702224
3010617,6.015200292202962
3010618,126.54030373995697
3010619,56.010635820201536
3010620,1169.5692580131679
3010621,3.3868089173137057
3010622,7.763394590672298
3010623,0.9913580876170788
3010624,0.009165361058773594
3010625,0.5949888127670617
3010626,830.4971193334746
3010627,0.0
3010628,115.73671951449732
3010629,2.456833950303431
3010630,730.2968247920718
3010631,170.44134790609382
3010632,79.35343034922323
3010633,450.28215383464953
3010634,12.951266296364574
3010635,1521.181339344114
3010636,2.8890746711115693
3010637,0.07402024981837513
3010638,6.212593060051946
3010639,3.2001594792165506
3010640,0.00671879242437737
3010641,92.52939966405395
3010642,0.0
3010643,0.0
3010644,0.6775944270748486
3010645,7.595999963137364
3010646,0.36325048238601354
3010647,62.36822397635466
3010648,57.41926948098184
3010649,0.9121741982159006
3010650,2.0451894984194974
3010651,45.12553960279103
3010652,9.724594285979528
3010653,182.6890284683382
3010654,4.0785296387750165
3010655,1.1139491604897884
3010656,6.5558757890881285
3010657,0.0
3010658,3.3736869834497054
3010659,2073.0075294933476
3010660,0.0
3010661,232.72478866222664
3010662,11.707306764351596
3010663,932.013900272358
3010664,412.63067054917883
3010665,169.59288417732506
3010666,327.78391185371714
3010667,34.44687089075095
3010668,2807.1535158884785
3010669,4.34965050941786
3010670,1.0095542509657252
3010671,15.714272586463606
3010672,12.111812275286935
3010673,0.32676594146317217
3010674,214.49101971147752
3010675,0.0
3010676,0.0
3010677,10.920833922751356
3010678,0.0
3010679,1.14932668605724
3010680,243.02434219427568
3010681,174.29149028573846
3010682,2.0018789593299418
3010683,4.6297627720492605
3010684,161.84059256894827
3010685,26.690563645030483
3010686,1184.973787101994
3010687,3.8616465057628853
3010688,1.2281838489962837
3010689,3.6382992461329753
3010690,0.5493857072013381
3010691,1.8013779030110408
3010692,2389.512040886775
3010693,0.0
3010694,642.7690720870949
3010695,5.101375411959777
3010696,908.3265312042404
3010697,705.522038119937
3010698,233.93047145403986
3010699,215.23047453086423
3010700,69.19823193901793
3010701,3766.518689904098
3010702,7.547673703948415
3010703,5.1553101869568
3010704,0.0
3010705,45.71491942467625
3010706,0.14124358669084452
3010707,209.75402533192138
3010708,3.421995171720418
3010709,2.9611802037761894
3010710,5.948219838805532
3010711,10.463996269929787
3010712,2.145296804996296
3010713,173.30454763097939
3010714,248.5940526423223
3010715,5.814010091630058
3010716,6.260140695592054
3010717,149.46329752330288
3010718,37.65119917046489
3010719,668.8402614220673
3010720,9.770171706010414
3010721,4.607521530036372
3010722,5.008834985780184
3010723,0.0
3010724,0.21575261225395118
3010725,1314.4333983248168
3010726,0.0
3010727,90.7403009953021
3010728,1.6502617342264558
3010729,449.62611745438966
3010730,182.42826946917518
3010731,87.58818978983714
3010732,308.6861903656209
3010733,20.9156015597137
3010734,1776.2097169028873
3010735,6.37191724206288
3010736,0.0
3010737,11.05603556813858
3010738,9.401749898994026
3010739,0.2520191954154667
3010740,93.76948863680168
3010741,0.0
3010742,0.0
3010743,1.1923605574502714
3010744,20.074868545241337
3010745,0.7477111387139529
3010746,222.08627500184105
3010747,79.03924424219068
3010748,0.8093467901061238
3010749,0.8248854133536696
3010750,40.24873822424194
3010751,14.793652131352458
3010752,330.3031773225127
3010753,3.431889947436154
3010754,1.5824115197201576
3010755,4.3701756781732515
3010756,0.07451066023758948
3010757,1.587823960121531
3010758,2889.435248157899
3010759,0.0
3010760,436.91792987170265
3010761,10.326545127586545
3010762,792.7668540675938
3010763,552.4668203836671
3010764,200.19159271970918
3010765,174.0744292480269
3010766,35.97492792693466
3010767,3441.1282286836863
3010768,5.778165160726699
3010769,0.8668800897544575
3010770,10.752839355436068
3010771,6.663292662874896
3010772,0.4249767357798132
3010773,177.42165354053267
3010774,0.0
3010775,17.895101996220404
3010776,3.025826152123601
3010777,11.174767196864272
3010778,0.652345615593671
3010779,184.17077399258324
3010780,190.10913511050023
3010781,2.452222480715437
3010782,2.845663105832529
3010783,112.64939286402848
3010784,37.06913367590882
3010785,1017.0361843901337
3010786,2.2454406954566903
3010787,0.12962498546224954
3010788,3.9762298740107487
3010789,0.0
3010790,5.66547788188903
3010791,2847.3983919832294
3010792,0.08851456722339963
3010793,535.5121261522788
3010794,5.616478356680009
3010795,960.4922861525611
3010796,882.9567367680083
3010797,146.96352063084626
3010798,136.91908389895494
3010799,109.99589243164031
3010800,3529.790538889452
3010801,59.58549611924255
3010802,1.034035689452837
3010803,18.73658631310077
3010804,29.096887525790333
3010805,0.4219927537826431
3010806,229.57377287759786
3010807,21.596690477906307
3010808,20.793717334085247
3010809,2.6738963856068105
3010810,66.21655923903117
3010811,9.943419994247588
3010812,200.37616051841275
3010813,235.2579898588157
3010814,12.556851899299566
3010815,15.0080033871478
3010816,263.26795330006706
3010817,45.47481219181793
3010818,2353.5807043437335
3010819,0.0
3010820,10.201413491511317
3010821,6.210254559956643
3010822,0.011414504404636136
3010823,5.572095910664083
3010824,2456.79791997502
3010825,0.0
3010826,421.10825836849597
3010827,6.695775301634947
3010828,930.0450087166761
3010829,726.9875606840993
3010830,139.77786675576004
3010831,95.9575563506512
3010832,83.04952662659696
3010833,3203.2412332740305
3010834,20.47633247018482
3010835,1.157714775488103
3010836,28.11335775370564
3010837,99.10059518192287
3010838,0.07350999632943847
3010839,293.42936489944634
3010840,12.573945306523601
3010841,7.880914836422335
3010842,8.620418296129888
3010843,99.27264993674717
3010844,9.104436440963307
3010845,166.9247762627056
3010846,311.8509730025863
3010847,6.8427418694258675
3010848,8.397679579981506
3010849,114.38469455228885
3010850,38.88586133506391
3010851,1743.526298997649
3010852,0.7737826949267971
3010853,12.442883163021785
3010854,8.280769116964104
3010855,0.57688106243087
3010856,2.501462178634802
3010857,3384.641280698522
3010858,0.0
3010859,695.0034889851357
3010860,9.29846568066807
3010861,1654.1435482357567
3010862,631.9195478911594
3010863,208.9882614352302
3010864,1691.4946887889907
3010865,55.84897537330409
3010866,5376.231221743805
3010867,43.3485700227066
3010868,1.5563779985208708
3010869,18.226461945034227
3010870,18.12004196803681
3010871,0.2350252017557147
3010872,325.14228895929915
3010873,3.6863071971622725
3010874,13.80868348806018
3010875,7.577101197930306
3010876,50.22391618688119
3010877,4.243870963479164
3010878,175.6500456272521
3010879,264.3802455090357
3010880,6.522044028912253
3010881,6.775274929279821
3010882,211.8893495749526
3010883,48.205246038603576
3010884,1546.872751911856
3010885,4.449815615386847
3010886,17.53583003032444
3010887,3.2856688763439053
3010888,0.10583504944933522
3010889,3.7274864450680525
3010890,2363.1502549039806
3010891,0.0
3010892,369.048555530122
3010893,6.39486293585029
3010894,738.3745813907277
3010895,685.597340414202
3010896,187.64796249839063
3010897,146.0707938118662
3010898,68.9673112296068
3010899,3097.4585349833824
3010900,27.16252066151028
3010901,1.8195524793478788
3010902,11.412984478470051
3010903,13.990095455739693
3010904,0.3835225042508734
3010905,228.13405183094432
3010906,17.594614758066577
3010907,14.538945112412323
3010908,1.4768520847621625
3010909,41.08673454046124
3010910,7.306050999439936
3010911,357.18876964563157
3010912,177.60138243903268
3010913,6.2507907724467655
3010914,8.997872656473307
3010915,327.2905099732268
3010916,17.023853414563828
3010917,1983.3629130564223
3010918,0.0
3010919,21.573333735408156
3010920,1.7244847200399325
3010921,0.28051998921815735
3010922,2.7890980406388293
3010923,4327.563538199103
3010924,0.0
3010925,419.6062914145747
3010926,7.563234362074987
3010927,1692.0194211368714
3010928,706.3388109666643
3010929,306.259497456451
3010930,272.1119809174028
3010931,61.050235791304694
3010932,6047.420026572756
3010933,10.927857189248428
3010934,2.191657768954712
3010935,19.946296427518362
3010936,30.30722297066482
3010937,0.3110044563487726
3010938,415.0840886012416
3010939,0.0
3010940,0.1501450514067387
3010941,10.772148692010953
3010942,0.0
3010943,2.5545865527584537
3010944,140.2954497342226
3010945,262.84725523661604
3010946,3.104574474942998
3010947,10.552819553557981
3010948,183.93406253135345
3010949,61.2622561504539
3010950,1333.9648227601097
3010951,7.332769162459523
3010952,8.762541252658352
3010953,6.680039086815767
3010954,0.0
3010955,8.161561544527403
3010956,3061.3598065378765
3010957,0.0
3010958,491.76595723978386
3010959,7.88876971098219
3010960,1225.0662468672322
3010961,760.5360425553655
3010962,231.50100430860118
3010963,158.55401768593526
3010964,101.39811121417048
3010965,3467.8869370117745
3010966,40.726078305987514
3010967,1.2403230564090297
3010968,16.199341615432967
3010969,32.41005855626493
3010970,0.27366525975882083
3010971,262.51741451210967
3010972,17.559797818188812
3010973,12.126419992610508
3010974,7.6576699901796434
3010975,93.19785647156056
3010976,12.061748532135207
3010977,207.92459313074227
3010978,342.76913153004637
3010979,11.959232424105721
3010980,9.415315852963607
3010981,205.923921471301
3010982,46.36092362981735
3010983,2142.970505976326
3010984,0.0
3010985,8.167393037839199
3010986,2.8668432582462313
3010987,0.058857234498569125
3010988,4.466504051471175
3010989,2435.6380427904705
3010990,0.020336990619595353
3010991,454.3993935726501
3010992,6.141914882553804
3010993,698.5539085344993
3010994,767.1994365074188
3010995,162.27913139329257
3010996,142.22537659135318
3010997,101.43121058502875
3010998,2882.8247754959416
3010999,36.41811458335829
3011000,1.2094435671262784
3011001,14.161496373113975
3011002,14.703148141311262
3011003,0.6123379343725449
3011004,193.93167128903323
3011005,18.98970654396376
3011006,24.860665711825185
3011007,4.865711791072784
3011008,27.55582725442884
3011009,9.702390122740306
3011010,206.81387762246592
3011011,188.29570578514532
3011012,8.502097716665947
3011013,10.35711347055722
3011014,188.40768675122607
3011015,32.048022539845206
3011016,2193.135788661916
3011017,0.0
3011018,13.812223778461442
3011019,2.9648780704594753
3011020,0.03596958743387673
3011021,2.1331211865129123
3011022,5059.745375125527
3011023,0.0
3011024,557.6043088781183
3011025,13.124754895876578
3011026,1110.9649368084408
3011027,689.3875234147683
3011028,251.43100245184
3011029,349.95986749154355
3011030,47.641747351346154
3011031,4699.457458036668
3011032,11.924361126117184
3011033,0.14726254544279094
3011034,3.8172596650953277
3011035,17.233487226302074
3011036,0.07121382591639967
3011037,237.11245812325467
3011038,0.0
3011039,3.572588578715486
3011040,0.7549833255567802
3011041,47.29000056248238
3011042,2.627513722348552
3011043,226.76503224571115
3011044,244.13462833330072
3011045,2.8560038387484807
3011046,1.6464519102762971
3011047,183.05681567944762
3011048,114.06589816009009
3011049,1144.804449597041
3011050,10.079388239514513
3011051,1.1136022131997367
3011052,13.065196412353238
3011053,0.0
3011054,12.717360137023078
3011055,8112.202733289393
3011056,0.0
3011057,1442.5246473999625
3011058,18.46906397512896
3011059,2121.6733944644425
3011060,2073.3802785640364
3011061,476.3135754562677
3011062,589.7711622429074
3011063,326.73489046276785
3011064,8161.539310151254
3011065,88.67064062984831
3011066,4.023885693706139
3011067,72.43698424844331
3011068,100.5821307565106
3011069,0.7534327083897413
3011070,618.3961883134546
3011071,25.286701120670333
3011072,19.428023388129855
3011073,19.853447976870076
3011074,217.3876069511513
3011075,23.414442921044213
3011076,712.7433392139179
3011077,445.9143283277364
3011078,37.76180546622009
3011079,26.1779653399475
3011080,915.9221734608691
3011081,213.65098441207698
3011082,7669.56904795824
3011083,93.99606398108025
3011084,71.1306255925427
3011085,13.722662424067764
3011086,0.0
3011087,10.535951965573465
3011088,8423.287769500252
3011089,0.0
3011090,1135.6962182636687
3011091,18.380410647539733
3011092,2391.1732949385596
3011093,2095.0929085399052
3011094,634.1000543872748
3011095,385.1229165959081
3011096,259.0203263414481
3011097,10140.492704825936
3011098,150.99767248267344
3011099,1.9515226684006763
3011100,8.256305477821462
3011101,100.43637066850792
3011102,1.3381518938212416
3011103,629.6219173667162
3011104,20.37441668267827
3011105,19.40559130856864
3011106,4.6382842385066105
3011107,114.74692828805735
3011108,16.374583851066046
3011109,930.8498423217659
3011110,607.2425002469056
3011111,20.770611805394346
3011112,29.77502730683287
3011113,1138.0985169229602
3011114,164.17603878725194
3011115,5625.212598286393
3011116,176.32046321651274
3011117,74.94410027107925
3011118,8.146997222726666
3011119,0.0
3011120,14.473114027246945
3011121,5445.2263696994105
3011122,0.12324668480389103
3011123,905.8954852199884
3011124,9.95763962786652
3011125,2272.770502979971
3011126,1537.50382944338
3011127,674.6078782366501
3011128,155.52705484352308
3011129,189.19318004401973
3011130,8663.178453447048
3011131,41.02053188216532
3011132,2.6053570112493434
3011133,27.476618683079117
3011134,26.02957801817568
3011135,0.4304908571214949
3011136,556.6025390899018
3011137,22.01172002183391
3011138,18.90529050931084
3011139,7.303016575715268
3011140,72.60764330877304
3011141,9.24030426142722
3011142,881.9117931730572
3011143,636.626828074953
3011144,21.559896802397905
3011145,42.15469092359173
3011146,676.0643906065562
3011147,119.21439297353756
3011148,2503.0218169600253
3011149,91.52404751212062
3011150,39.4661643248793
3011151,13.660255665983751
3011152,0.0
3011153,13.802919040659631
3011154,8225.77024473369
3011155,0.0
3011156,1143.5231703853688
3011157,18.92241195594486
3011158,2264.1648148228196
3011159,2025.127550660756
3011160,617.989499043743
3011161,360.6405815617092
3011162,206.55303688145662
3011163,9529.028104313387
3011164,55.18820227306429
3011165,1.9482641779417054
3011166,29.576483308031726
3011167,85.83214913997051
3011168,0.6035723055735757
3011169,599.2577691418559
3011170,23.10022863004469
3011171,21.529983413700908
3011172,4.363501917743624
3011173,108.47985507982364
3011174,13.419654194195191
3011175,768.4310057830556
3011176,586.789162720415
3011177,24.85905735241076
3011178,23.515636103362898
3011179,1190.6709199916593
3011180,162.04815493871334
3011181,5138.625463757433
3011182,114.86349878790722
3011183,63.90375316641854
3011184,10.158679853473275
3011185,0.0
3011186,15.57581339170647
3011187,3883.8747274342613
3011188,0.11219588944509756
3011189,784.9132393014446
3011190,8.550448098921512
3011191,1764.5517920044745
3011192,1107.200451221419
3011193,555.0103110381899
3011194,111.42389211225117
3011195,118.58964933483163
3011196,6681.956015921377
3011197,44.43399055635166
3011198,0.6153757850517089
3011199,10.826467626904199
3011200,67.09267876261046
3011201,0.7176686846012795
3011202,472.2263622258278
3011203,14.299641010778968
3011204,5.976773551863393
3011205,2.1559439900046695
3011206,60.62527187888866
3011207,4.9671031372120895
3011208,734.9489955102787
3011209,549.5044475169949
3011210,16.534002786207182
3011211,21.037039025008756
3011212,730.1261538905438
3011213,46.11525849135303
3011214,1535.0974238064464
3011215,88.24601672679461
3011216,11.815952479010557
3011217,12.59094401882078
3011218,0.0
3011219,11.539270750774948
3011220,6603.714394666171
3011221,0.0
3011222,1166.8542441535435
3011223,21.36921892918466
3011224,1812.8060346024756
3011225,2158.0838042757105
3011226,395.60684426807893
3011227,485.11002861716184
3011228,304.00623997324806
3011229,7571.110861375584
3011230,77.82775273742469
3011231,2.2019748478154457
3011232,34.260633667535686
3011233,64.36536924208086
3011234,0.798400244711114
3011235,481.7249920751818
3011236,14.316254028973393
3011237,25.972514475990376
3011238,12.671303129927592
3011239,146.62369288188677
3011240,17.01561047843983
3011241,724.7882985364369
3011242,465.98332370115196
3011243,21.4711613154521
3011244,28.16165512670404
3011245,960.3572892404062
3011246,166.9054761821541
3011247,7562.870063055122
3011248,81.96306837413144
3011249,78.40346761058342
3011250,5.249231694653042
3011251,0.025075755302621586
3011252,4.135050808991402
3011253,1997.8681394385826
3011254,0.0
3011255,350.57966146880847
3011256,18.45281079083973
3011257,938.0980593837218
3011258,564.8905787311428
3011259,219.8330021896537
3011260,91.99619094218079
3011261,77.36574470940074
3011262,2796.273272767456
3011263,52.74280258552534
3011264,2.0382940130592044
3011265,23.724168980865514
3011266,24.97153060024265
3011267,1.0452139010233623
3011268,240.7557121204971
3011269,15.317646068206942
3011270,4.198278231097692
3011271,14.16771948090553
3011272,22.81065408677286
3011273,6.847176001718322
3011274,249.73891386724677
3011275,218.26330167398348
3011276,2.8698065977990708
3011277,7.183199271720345
3011278,207.35058422598638
3011279,44.2593060720366
3011280,1527.0840005242176
3011281,0.0
3011282,8.771505706667245
3011283,8.070398977143302
3011284,0.0
3011285,11.099644309084171
3011286,4289.760434289769
3011287,0.0
3011288,509.3170432917946
3011289,19.01377033941612
3011290,1636.1946636454156
3011291,1089.9579582016972
3011292,427.8335527712401
3011293,115.7827818025659
3011294,109.634843539481
3011295,6066.866170032835
3011296,109.0833330120011
3011297,1.249385778706604
3011298,31.446677614238293
3011299,39.906786066992424
3011300,0.8572003921337376
3011301,443.34314994389456
3011302,17.46024785829259
3011303,3.3974551982219707
3011304,4.269142950143678
3011305,78.17954145576705
3011306,8.40032182086959
3011307,505.57553715949473
3011308,473.0876324212521
3011309,11.334964547388534
3011310,16.95794997738721
3011311,352.67889005584266
3011312,57.615731790025805
3011313,2020.4652936572309
3011314,79.89371088830563
3011315,17.055889696213086
3011316,4.812641068833718
3011317,0.0
3011318,4.616215487977848
3011319,4367.885400751914
3011320,0.11930543520756019
3011321,821.8015389449454
3011322,7.808605346167832
3011323,1461.9279232674714
3011324,1521.5940724608363
3011325,247.6676384633091
3011326,352.1112297593308
3011327,199.83950448274464
3011328,4922.676894949868
3011329,46.324845763141646
3011330,2.2001074259677993
3011331,23.74671852770026
3011332,27.73373099460583
3011333,0.2897108842477487
3011334,322.29901787215704
3011335,2.8019353367552795
3011336,38.01345822940318
3011337,6.8010983428020415
3011338,73.78897700824042
3011339,10.942269211340543
3011340,569.7450003662558
3011341,315.22592742310496
3011342,18.945064216267824
3011343,11.926271930367582
3011344,687.2783059544703
3011345,108.95854458411516
3011346,5014.339165295739
3011347,17.703064372020183
3011348,46.707131062403
3011349,15.948033246380557
3011350,0.0
3011351,10.132025177642063
3011352,5772.6588606295845
3011353,0.0
3011354,1079.0349084084726
3011355,14.258674784350363
3011356,2175.776700702174
3011357,1535.5767223061923
3011358,463.9852855324329
3011359,284.5013961197164
3011360,386.3581313988502
3011361,7862.724164398881
3011362,63.31587878030027
3011363,4.712480128176176
3011364,59.79533807305718
3011365,66.60701799307057
3011366,1.190859958790012
3011367,475.5827991877493
3011368,14.063220078068264
3011369,67.20780741017812
3011370,11.68456648323516
3011371,247.17286729640358
3011372,14.094649206042059
3011373,638.3185212600256
3011374,464.0350268151513
3011375,19.362979901755892
3011376,35.93092394555385
3011377,631.5034270282575
3011378,176.14086043368818
3011379,6241.530082579443
3011380,21.365723393526594
3011381,12.817510844459033
3011382,8.714483856478559
3011383,0.11779432267321119
3011384,2.4375800543931683
3011385,2121.1837746576625
3011386,0.0
3011387,443.3901450019439
3011388,6.9869737373149645
3011389,824.2663246514093
3011390,503.4412453448613
3011391,224.02695653922385
3011392,94.46830596143715
3011393,65.91741822591733
3011394,2923.968359675086
3011395,19.642961137948483
3011396,0.8191563109789717
3011397,21.77034730946431
3011398,28.282802984978158
3011399,0.0
3011400,176.7911845290876
3011401,5.302521692226283
3011402,7.108109502800867
3011403,6.838709883946938
3011404,47.97926497986386
3011405,3.1523992647973538
3011406,263.6702063760849
3011407,186.71148623299104
3011408,5.414117422972386
3011409,6.9009055085769075
3011410,180.00354499596816
3011411,44.12501544363117
3011412,1728.1529597574247
3011413,0.0
3011414,2.7303768978018694
3011415,4.883807648761528
3011416,0.0
3011417,1.7759087123735966
3011418,3626.1994199666806
3011419,0.0
3011420,248.85655051035562
3011421,2.7934455514776957
3011422,1244.5983997656847
3011423,253.24333436310357
3011424,230.52828650997048
3011425,78.7730155081843
3011426,23.982722623583808
3011427,3352.7719279130606
3011428,6.6379140419750495
3011429,0.5964643964340105
3011430,18.983136833260122
3011431,14.223686884079203
3011432,0.3123447743856859
3011433,225.9435036483194
3011434,0.0
3011435,0.0
3011436,4.081571617770259
3011437,13.020304907494685
3011438,1.3003673092841197
3011439,56.03076409188722
3011440,167.31776659216754
3011441,0.0
3011442,0.3144136175975104
3011443,64.82057720564805
3011444,96.76988026400886
3011445,575.128476207291
3011446,2.064542716728544
3011447,3.3794100581812807
3011448,5.727684989329347
3011449,0.22466919458234325
3011450,5.9011584563642865
3011451,3426.470062585665
3011452,0.0
3011453,592.2696610085595
3011454,10.128765792978044
3011455,1231.474923887418
3011456,978.9465227482208
3011457,320.2140714968164
3011458,190.3444578900835
3011459,124.39422471260164
3011460,4630.49468500382
3011461,46.294121298727866
3011462,1.3669769989508513
3011463,22.083634120011236
3011464,49.53914990754296
3011465,0.09132739759519011
3011466,310.6245944718094
3011467,19.177093233807387
3011468,7.5268681987210275
3011469,9.261332930554584
3011470,46.691017970171075
3011471,6.1636110420609205
3011472,420.47617010895044
3011473,295.1242512090937
3011474,8.396862682634492
3011475,10.472396670632543
3011476,507.14233862205504
3011477,63.32323924368126
3011478,2419.175070819364
3011479,0.0
3011480,37.15512195756635
3011481,5.1193597293565904
3011482,0.1847588593336685
3011483,4.637410411815185
3011484,4323.535895616535
3011485,0.07444478256348526
3011486,778.0469055261422
3011487,12.935359863437425
3011488,1179.6885870333126
3011489,1389.3408543542582
3011490,210.51224635547945
3011491,325.1473172664954
3011492,187.7256100934369
3011493,4357.819937185829
3011494,50.030932935288256
3011495,4.402715385816066
3011496,23.194291359067098
3011497,40.63084833200407
3011498,0.9222178935551991
3011499,271.4891288790366
3011500,20.50942143116276
3011501,30.85442854468447
3011502,8.055375122376779
3011503,80.13005048153683
3011504,11.94710464620852
3011505,477.28154768896525
3011506,247.5870997905327
3011507,10.150753449097603
3011508,16.038127957081365
3011509,679.9015309845228
3011510,114.55845170331405
3011511,5524.871558374806
3011512,0.1960531596294577
3011513,44.934010793267774
3011514,5.0049709305963
3011515,0.2610267391317297
3011516,6.507818561105713
3011517,3987.9014187017715
3011518,0.0
3011519,784.4537076695901
3011520,18.052073680652285
3011521,1138.5912542127148
3011522,1307.2786154947125
3011523,273.7248882244169
3011524,316.05974781188587
3011525,130.6684274542246
3011526,4511.594057155016
3011527,43.30311951031846
3011528,4.033325501160023
3011529,27.259359878127388
3011530,34.61855695228701
3011531,0.7189101573654504
3011532,327.5205066917735
3011533,20.996211769751923
3011534,26.836598627788863
3011535,19.04072605104955
3011536,88.73692613724427
3011537,14.847285594280669
3011538,429.56808918624665
3011539,324.4662180535826
3011540,19.360385845487265
3011541,20.25071313963048
3011542,559.2232283957713
3011543,113.1887954748894
3011544,4063.1658669965855
3011545,0.6196769961336054
3011546,31.722208492845798
3011547,12.569173779735214
3011548,0.07333584177951902
3011549,6.313435213668901
3011550,3108.821742946102
3011551,0.0
3011552,539.061858364206
3011553,5.503911177676621
3011554,1393.978725254213
3011555,798.0034778316614
3011556,476.7257788554832
3011557,301.7170120015495
3011558,68.45185718680314
3011559,5592.399527795848
3011560,14.549529077877086
3011561,0.8823071374924187
3011562,0.0
3011563,32.83384560625756
3011564,0.17592927798355623
3011565,393.5156038596914
3011566,12.186227748421139
3011567,3.087897039493817
3011568,4.595087139719877
3011569,31.574830111243514
3011570,3.0612475176316027
3011571,317.8054159100267
3011572,359.2199988831945
3011573,6.124419158277903
3011574,7.342093799163125
3011575,351.8964622641438
3011576,95.40724423998891
3011577,1402.4783193588648
3011578,34.791120252777546
3011579,18.69952713000597
3011580,4.518885160821169
3011581,0.0
3011582,3.9804707563774255
3011583,2362.414521241405
3011584,0.17683930643185455
3011585,339.2211328506253
3011586,15.511237462242322
3011587,759.3493477541147
3011588,689.5479648346293
3011589,135.14041938623674
3011590,140.80016495050873
3011591,121.52241706020017
3011592,2905.765335276085
3011593,28.846619139513095
3011594,2.3520897318213008
3011595,19.18067334048899
3011596,28.645508247547593
3011597,0.5250926502764313
3011598,191.24118285425706
3011599,15.047723571944738
3011600,20.404879328321954
3011601,10.797672939593083
3011602,86.22007934454788
3011603,6.917013620817053
3011604,310.9558309504608
3011605,151.81053560543165
3011606,5.0051761226793765
3011607,10.46921741488438
3011608,329.2167032904253
3011609,46.235325493530326
3011610,2278.098968803325
3011611,0.0895202546667846
3011612,25.14203272487867
3011613,1.2319295917857098
3011614,0.0
3011615,2.4508909422627694
3011616,1213.2532462399597
3011617,0.0
3011618,104.3699013678579
3011619,4.390480759785349
3011620,672.7420679832348
3011621,300.1680032634185
3011622,226.1413497314716
3011623,47.226760300582626
3011624,28.663488205656886
3011625,2460.839102974401
3011626,7.932498624438828
3011627,0.29964857198706274
3011628,9.448384279235698
3011629,8.427729024888551
3011630,0.04500705360980312
3011631,155.13811216722303
3011632,1.2458969735116834
3011633,0.0
3011634,1.1319125762100195
3011635,11.240859479498088
3011636,0.5268787853291378
3011637,147.92322750835504
3011638,137.9096438336834
3011639,0.6959505938195284
3011640,2.929383663568703
3011641,128.45569372925516
3011642,17.916829492317632
3011643,316.86182536858007
3011644,1.0657834150298509
3011645,0.7958960344602968
3011646,6.800436685000198
3011647,0.29264148015263897
3011648,2.3535728556063247
3011649,3671.7483404963336
3011650,0.0
3011651,624.9603861597708
3011652,8.33988603762021
3011653,1380.3968740757116
3011654,560.5794594099918
3011655,403.4248985019991
3011656,228.6287734036382
3011657,66.57429298729704
3011658,6018.295388081812
3011659,31.754383499886167
3011660,0.8978980449695564
3011661,0.0
3011662,8.98516601698447
3011663,0.31713766049881836
3011664,352.6571997687904
3011665,12.595409215949902
3011666,2.4314295405379287
3011667,6.92581637663123
3011668,27.26148009675632
3011669,2.4542823912320264
3011670,595.6728600762489
3011671,271.9853859526991
3011672,2.6094879374975344
3011673,9.55904244420383
3011674,364.29591755326004
3011675,93.5138206903815
3011676,2024.423443387054
3011677,6.56577756915997
3011678,8.093069590153265
3011679,3.3233701254510994
3011680,0.0
3011681,0.6919030838636518
3011682,1560.9164511338008
3011683,0.0
3011684,154.06749048195036
3011685,13.403527123205928
3011686,1037.4239296078626
3011687,390.88026691469554
3011688,208.5255624917922
3011689,41.483967142165916
3011690,25.460943993390973
3011691,2722.2711440076528
3011692,8.865937069088709
3011693,1.5230960136362206
3011694,9.350354788174132
3011695,16.082536070278504
3011696,0.6186969068677459
3011697,153.9217224420399
3011698,9.256324031416106
3011699,0.0
3011700,5.359095093094676
3011701,37.655171738177145
3011702,1.983628634305317
3011703,143.11263518166248
3011704,154.0369058371747
3011705,1.2657312772820135
3011706,5.167642483263607
3011707,151.27389638011314
3011708,26.708230725659472
3011709,446.88708368605495
3011710,1.2665742711762908
3011711,4.754336165513894
3011712,3.105371538525692
3011713,0.0
3011714,4.124971420750979
3011715,1424.6480929081124
3011716,0.0
3011717,125.92220475540176
3011718,9.296435814362953
3011719,793.5692832348707
3011720,251.73156749488356
3011721,145.97833868801948
3011722,49.30006031650745
3011723,26.037633621821737
3011724,2615.8811852683616
3011725,12.651257796255281
3011726,0.11559699733226936
3011727,11.491929388928016
3011728,9.273519245775873
3011729,0.13122523216685048
3011730,124.37772446039611
3011731,2.228367234705185
3011732,0.0
3011733,3.3668654162708775
3011734,32.77430529347398
3011735,0.7679849956529811
3011736,169.1432565658126
3011737,156.91638682820957
3011738,0.876362241529899
3011739,4.157489124201521
3011740,82.01089618084687
3011741,16.139908421119344
3011742,239.4869601863512
3011743,1.1952701563033543
3011744,3.3440197890420995
3011745,1.5896703906029324
3011746,0.0
3011747,3.4447064016626734
3011748,1384.4502472116087
3011749,0.0
3011750,167.89734198053253
3011751,5.96477849931318
3011752,1337.495863087919
3011753,351.95854005967817
3011754,250.26095486479636
3011755,26.71382978291255
3011756,38.02437607235681
3011757,2986.3557434188215
3011758,11.664918633478324
3011759,0.23675209085646648
3011760,5.1823212317361245
3011761,21.0112824159971
3011762,0.09695158504636721
3011763,194.16538232945018
3011764,2.8556365334228206
3011765,0.0
3011766,2.904390450039714
3011767,8.689059118343632
3011768,1.6060136289553164
3011769,275.61435858528534
3011770,271.2843411278124
3011771,1.1631692323518048
3011772,3.862040113130008
3011773,75.87561871645727
3011774,93.51217477410201
3011775,474.1986502344828
3011776,0.7822797682315626
3011777,2.8116574286017118
3011778,2.991460230743338
3011779,0.7468229431811721
3011780,3.847884244868266
3011781,1749.2938836082462
3011782,0.0
3011783,152.969606748294
3011784,0.12209808375639936
3011785,982.2608440721061
3011786,384.1138905535669
3011787,281.36995133665056
3011788,90.7649561507768
3011789,62.234406417257155
3011790,2912.9232624335223
3011791,6.9205498197414395
3011792,0.552191076875645
3011793,18.014894773553642
3011794,21.673918744489228
3011795,0.21000282976046442
3011796,229.6758223796433
3011797,8.086018015939864
3011798,0.0
3011799,5.958174630295388
3011800,20.89096026501799
3011801,1.9974032477782315
3011802,146.03349558895636
3011803,179.68076829037565
3011804,0.14501920127912496
3011805,6.311503647707182
3011806,112.64110999109428
3011807,50.53148422062511
3011808,1068.7693644404048
3011809,0.8583158967571759
3011810,4.923357323231985
3011811,3.703360257759597
3011812,0.08427744111346118
3011813,1.9828817020772989
3011814,1269.029816108571
3011815,0.0
3011816,145.34207654021188
3011817,4.288371293591568
3011818,823.0670068006461
3011819,242.26225407473277
3011820,149.9142705935438
3011821,110.75622244093046
3011822,16.801047149457702
3011823,1838.51888210525
3011824,5.2853929052809265
3011825,0.6523032605896623
3011826,9.311094850907084
3011827,9.178455732926665
3011828,0.16802128938344615
3011829,141.89927817223085
3011830,0.0
3011831,0.0
3011832,2.1719990534559868
3011833,66.70607383159893
3011834,1.2234935780401195
3011835,52.07738861333616
3011836,116.89492099669026
3011837,0.7537777984464187
3011838,3.1186664585370005
3011839,60.50493156314525
3011840,30.441434965588854
3011841,831.3922853682099
3011842,3.214743848149401
3011843,1.2094849156952618
3011844,7.54734090961441
3011845,0.14153357402110142
3011846,3.2621439551710276
3011847,3065.175899763579
3011848,0.0
3011849,333.95371818191427
3011850,4.3667490194251934
3011851,1058.9144280029338
3011852,722.9928815552296
3011853,511.5051841398915
3011854,200.11902967218873
3011855,91.63627327466988
3011856,4375.850535259482
3011857,15.38637824647753
3011858,2.1326088076894605
3011859,18.44126485167113
3011860,14.418314738235143
3011861,0.6519667928516033
3011862,268.59040728351226
3011863,0.5949887814378114
3011864,0.0
3011865,5.186660617544122
3011866,18.959130452375838
3011867,2.198431959815325
3011868,282.8882124454736
3011869,230.2142600167796
3011870,2.5800055508294615
3011871,6.346301014426568
3011872,357.3262089363112
3011873,43.95623796239497
3011874,2200.371376332138
3011875,4.052305992439309
3011876,13.891392788293853
3011877,3.4700645722113763
3011878,0.0
3011879,3.357223391953855
3011880,2003.5934411696742
3011881,0.0
3011882,642.0018889333206
3011883,6.746978355831567
3011884,537.2541612509332
3011885,616.1464853814662
3011886,222.97744534353157
3011887,169.621937058345
3011888,48.490783567093516
3011889,2752.656769353177
3011890,11.845956470338493
3011891,0.9842596155793567
3011892,17.316000724720332
3011893,15.585236038668262
3011894,0.5430446845085832
3011895,179.819405387272
3011896,10.443150927998358
3011897,6.417977092918075
3011898,4.45418238457819
3011899,45.46398258006657
3011900,2.0857771077081546
3011901,90.86447230491459
3011902,130.531417540689
3011903,4.5198668648692015
3011904,5.609605888051019
3011905,166.89534808118484
3011906,64.49653271327828
3011907,3384.302633348277
3011908,13.558927795291256
3011909,13.402306056856007
3011910,5.321898024351509
3011911,0.38750440876086045
3011912,3.1005534760197277
3011913,2173.031530958937
3011914,0.0
3011915,141.20021929143454
3011916,7.568440005810462
3011917,806.9282993879661
3011918,330.2119650715415
3011919,286.39368717675455
3011920,64.3604811068595
3011921,40.19128847078647
3011922,3023.547867617301
3011923,26.39641363371436
3011924,0.7120719122257373
3011925,10.195770718944033
3011926,14.489589962064036
3011927,0.12825164803415412
3011928,154.20931608589387
3011929,7.843903255932087
3011930,0.0
3011931,3.551177331979445
3011932,25.791036621875264
3011933,3.180489094043622
3011934,128.32439216319312
3011935,146.42308153718994
3011936,1.1260465959353778
3011937,5.143492329093944
3011938,85.96566801356792
3011939,28.184385230595794
3011940,539.9043104565603
3011941,1.2721324550167885
3011942,3.993445938561778
3011943,5.313716800339204
3011944,0.0
3011945,8.165674123543512
3011946,2728.9093281160663
3011947,0.0
3011948,545.1729745720031
3011949,9.006071593150624
3011950,854.9435924166864
3011951,730.3772219206405
3011952,194.24370282596186
3011953,162.7412735036417
3011954,91.45651199848689
3011955,3548.701820940778
3011956,43.57980953283253
3011957,0.8718969602421024
3011958,6.61570262226678
3011959,35.03419465703973
3011960,0.4077816539494707
3011961,227.9352398828335
3011962,17.812428207642796
3011963,14.570304014987029
3011964,5.783619849364607
3011965,60.314531151645724
3011966,6.456321491906343
3011967,417.5443755860199
3011968,196.973533365471
3011969,10.111496280046378
3011970,7.801064733823775
3011971,404.3194487559285
3011972,79.45734305287182
3011973,1983.6489421807717
3011974,0.0
3011975,28.2145052209801
3011976,7.578611223757725
3011977,0.3902894730297805
3011978,4.917905133407621
3011979,2746.3777422810504
3011980,0.0
3011981,388.0673725836115
3011982,7.108648266165124
3011983,1164.9779848615278
3011984,569.9452124078138
3011985,530.1225396586079
3011986,77.71734274245368
3011987,58.84171881874967
3011988,4353.079520402154
3011989,13.55619941199167
3011990,0.31468537525945234
3011991,0.0
3011992,14.364361575203835
3011993,0.050706260000165336
3011994,253.32375123911987
3011995,2.781623207482326
3011996,6.098087871259044
3011997,3.0234691028137295
3011998,32.3941978871195
3011999,0.6321559742834951
3012000,235.66814553492398
3012001,225.7466263389454
3012002,2.9774224700304597
3012003,2.828774646665553
3012004,215.75919094451257
3012005,44.756031172143835
3012006,1260.9065630152002
3012007,15.303152559295189
3012008,9.784176275633467
3012009,9.66469293579118
3012010,0.3770053607087412
3012011,4.456443677744196
3012012,2614.462611312528
3012013,0.0
3012014,406.2765105594394
3012015,5.903038975376807
3012016,1406.959375752158
3012017,553.5947146033179
3012018,288.5667234656762
3012019,258.136934072588
3012020,82.36412527999255
3012021,3529.9450117051515
3012022,12.396840666531348
3012023,0.9692070644936235
3012024,18.37810118355032
3012025,27.424935100438418
3012026,0.25611867401965505
3012027,263.4409870443056
3012028,3.0659382232295624
3012029,3.6520525337063816
3012030,13.523975233945675
3012031,67.66065201347774
3012032,1.6661358240404174
3012033,110.43529579036905
3012034,207.4632813744388
3012035,3.1686872300570137
3012036,3.600983049987119
3012037,144.97610639701358
3012038,134.1078624464882
3012039,2041.53779460523
3012040,8.724260006194152
3012041,6.3683393559679535
3012042,1.9908074495058399
3012043,0.0
3012044,2.9035561148828033
3012045,1462.042326460239
3012046,0.0
3012047,133.92425159762607
3012048,7.3939780140049995
3012049,552.9661670118484
3012050,297.5314817099511
3012051,136.18302812178294
3012052,51.08516891635174
3012053,36.212535121461734
3012054,2192.934215062781
3012055,11.868007296778568
3012056,0.7670924905911269
3012057,6.5738172018157055
3012058,15.8682065645136
3012059,0.0
3012060,137.97209464632877
3012061,2.9874934942600153
3012062,0.0
3012063,4.669659164032135
3012064,59.39859462918174
3012065,1.9520775427239205
3012066,83.96198478935202
3012067,134.36673591893666
3012068,1.0455979361567507
3012069,4.402138593335158
3012070,148.6959285529119
3012071,38.85209044783733
3012072,606.440725322426
3012073,1.2087000104242116
3012074,1.5919499772665242
3012075,1.0299808242778226
3012076,0.0
3012077,0.9457653695843109
3012078,1349.3345627999538
3012079,0.0
3012080,250.87338245027698
3012081,10.042205181061483
3012082,512.1781597879026
3012083,462.54074848284705
3012084,108.77289148402971
3012085,48.79240627851106
3012086,61.093272003236926
3012087,2008.5523220649388
3012088,30.44788890494275
3012089,0.670907487197423
3012090,10.754315134901537
3012091,13.248602026254657
3012092,0.2534634795787944
3012093,120.65274174966677
3012094,8.965866843743093
3012095,1.7893841021633696
3012096,2.959577598728074
3012097,32.63072051495633
3012098,5.4025602164607776
3012099,869.7292985298029
3012100,135.05427183055244
3012101,4.277138502269974
3012102,4.5634823441813746
3012103,380.3523282979398
3012104,27.001385969906153
3012105,1108.935020856882
3012106,0.0
3012107,8.315794035366043
3012108,3.3785072098983626
3012109,0.10853910567180339
3012110,3.7814125435565686
3012111,3276.7844813474308
3012112,0.05849763292495929
3012113,689.1376764439026
3012114,9.756587087970052
3012115,1063.8247443744394
3012116,1175.444905744603
3012117,246.82874722326864
3012118,224.65106128567356
3012119,150.56022622945497
3012120,3891.844890562484
3012121,37.10839992016026
3012122,1.338483029535821
3012123,12.784999627909288
3012124,26.224670520169255
3012125,0.21460436117420026
3012126,235.90559240675827
3012127,13.055537039793595
3012128,42.371590992231944
3012129,9.2109988089191
3012130,78.6990720489948
3012131,12.4668335620054
3012132,350.91968241671185
3012133,228.56236575640418
3012134,16.6892433884181
3012135,11.28199606196851
3012136,484.6017593622725
3012137,98.02867636317484
3012138,3273.7679383818686
3012139,0.6436961565683034
3012140,22.86844525795094
3012141,1.3795712506005073
3012142,0.029183895009422246
3012143,0.8277118384902549
3012144,787.4130518321305
3012145,0.0
3012146,215.27598215517136
3012147,3.3829051005025867
3012148,196.60086798230589
3012149,325.29323537903963
3012150,88.25800893436906
3012151,65.03100537194938
3012152,0.0
3012153,1085.7479332488065
3012154,13.007917194389227
3012155,0.6308999869292995
3012156,3.6177081996130633
3012157,4.848445209476332
3012158,0.0
3012159,53.916351662918125
3012160,0.0
3012161,9.66916374464563
3012162,0.0
3012163,0.0
3012164,4.6385512390312185
3012165,127.22145827833124
3012166,38.49982531659233
3012167,2.6909605404590655
3012168,2.1013890248564473
3012169,102.59087997963267
3012170,16.11344125206833
3012171,738.3838135760564
3012172,2.508733245374558
3012173,2.2968486484120754
3012174,4.226988050369283
3012175,0.0
3012176,0.0
3012177,907.620849247467
3012178,0.0
3012179,186.3136578660274
3012180,5.188920305572843
3012181,307.29878438080175
3012182,197.97353497289393
3012183,60.332682900635724
3012184,28.79672054446611
3012185,19.08569771399184
3012186,1240.9881770306104
3012187,11.997453787229851
3012188,1.1405411397239078
3012189,9.174805542965037
3012190,9.297007663446792
3012191,0.5980516125801221
3012192,61.255325409167384
3012193,0.254250602509491
3012194,5.2145179163463995
3012195,0.0
3012196,13.045786715443704
3012197,0.3253997566824106
3012198,214.54301399223192
3012199,142.9570222563129
3012200,2.5343134263496605
3012201,1.4046218160201362
3012202,105.09041266693468
3012203,21.562332578924412
3012204,397.99444096497064
3012205,1.8076381782983717
3012206,1.0857340331612824
3012207,4.705209291292748
3012208,0.2723261044206319
3012209,1.6387028867812028
3012210,2755.1556374602997
3012211,0.0936428331787804
3012212,508.77254145401474
3012213,13.98557671445135
3012214,736.229026216298
3012215,803.3885352772649
3012216,258.82441632950594
3012217,215.49406609537272
3012218,94.21662130841688
3012219,3259.9042627113754
3012220,21.38286429084679
3012221,3.2175342216191547
3012222,16.0808282389493
3012223,25.57192334170205
3012224,0.0
3012225,195.02479832083262
3012226,4.555397878849163
3012227,25.157908261951697
3012228,8.904816157523163
3012229,86.11258630372963
3012230,4.037740816692684
3012231,234.2014423868865
3012232,185.4850742549544
3012233,9.450403470322856
3012234,7.84962664272001
3012235,318.0547981133493
3012236,57.11996708348992
3012237,2205.0320346027456
3012238,0.15910496736498095
3012239,9.910043394595599
3012240,5.902533369572414
3012241,0.03752199965306521
3012242,3.6203419494329414
3012243,3097.2016351754405
3012244,0.0
3012245,649.1862020455703
3012246,13.814402452258307
3012247,1154.2460676024527
3012248,914.6249957750836
3012249,375.53902601164145
3012250,256.0633733571788
3012251,53.21873671045676
3012252,4679.386004659056
3012253,16.32412976038106
3012254,1.1481423156493737
3012255,28.67038693370699
3012256,16.513989646076862
3012257,0.4432831803146243
3012258,261.50148865429384
3012259,0.0
3012260,7.590884864971869
3012261,4.70930539575405
3012262,21.39581749720236
3012263,1.417577411736053
3012264,183.93378722336834
3012265,295.74708420909326
3012266,5.136213613424954
3012267,4.04695530272518
3012268,210.67053693467315
3012269,79.36969089221446
3012270,2995.8061017610007
3012271,12.112755188463273
3012272,0.28110550527922246
3012273,6.149789210817674
3012274,0.3246761347010475
3012275,2.2098023862282687
3012276,2849.9731800219
3012277,0.0
3012278,646.7568956461679
3012279,9.895893867993427
3012280,961.8126447129728
3012281,712.3186473507398
3012282,269.89118862094796
3012283,216.47252852402877
3012284,50.06559535849652
3012285,3868.8638161309955
3012286,14.841125023793545
3012287,1.5064951964267705
3012288,22.420927096139113
3012289,16.05044712838672
3012290,0.2783200582642131
3012291,234.52439954723002
3012292,0.0
3012293,9.624993910043157
3012294,4.5014728148686025
3012295,33.040367998818134
3012296,2.328152124236493
3012297,119.63945460137874
3012298,198.74487238030844
3012299,4.821753464133242
3012300,2.725748455838027
3012301,186.67112754171035
3012302,63.156169948735226
3012303,2485.447725439726
3012304,4.894838828561709
3012305,4.995800327853459
3012306,7.88847244346064
3012307,1.197805886807459
3012308,11.82245510276044
3012309,7043.039678956834
3012310,0.0
3012311,1030.7510120751595
3012312,34.65011593471957
3012313,1686.9237799362595
3012314,1754.4298336434322
3012315,300.4272012677386
3012316,423.28753153911606
3012317,280.5649709809524
3012318,6605.6261214439455
3012319,90.57342309108307
3012320,2.7740757108145178
3012321,34.895706649626696
3012322,47.28066853610448
3012323,1.1026264318879395
3012324,426.3257423166827
3012325,32.11204982617185
3012326,51.478652352360875
3012327,20.527507925945027
3012328,157.68505022831778
3012329,23.855228811811767
3012330,557.7432777747771
3012331,419.4008120637643
3012332,14.047897717516078
3012333,19.66768125537288
3012334,941.1365632564252
3012335,174.26919795653308
3012336,6342.981277048243
3012337,0.685527549629853
3012338,61.72490659370426
3012339,3.9620669751191024
3012340,0.3380342942973648
3012341,1.5951234789650728
3012342,1604.8043554465917
3012343,0.0
3012344,158.39496744546696
3012345,3.7598580951445424
3012346,1030.632133684095
3012347,277.06029626860857
3012348,115.5776784047915
3012349,164.9107392086164
3012350,50.82673374045963
3012351,2531.9154389500372
3012352,5.816231166376885
3012353,0.6435191047929213
3012354,10.081725102748074
3012355,6.889370386871252
3012356,0.5103752967495838
3012357,176.88977843708028
3012358,0.06975771505102717
3012359,0.0
3012360,3.0981883012433538
3012361,41.130851327736565
3012362,0.813469593198073
3012363,71.57279075493213
3012364,88.23542728036006
3012365,1.3772198209011823
3012366,4.611405192134808
3012367,114.52991695772799
3012368,21.76106603288194
3012369,1233.7019884737476
3012370,3.099596237473996
3012371,5.623646903766022
3012372,6.31913608650889
3012373,0.18363449257279754
3012374,2.985151841378946
3012375,3008.50500330102
3012376,0.0
3012377,510.61298608530166
3012378,7.902573453982015
3012379,1134.8314039024053
3012380,631.9510330553385
3012381,241.80850701501728
3012382,338.0438671980932
3012383,86.15872547429433
3012384,4243.747877760847
3012385,14.450379255344455
3012386,0.5878789641518047
3012387,12.40968248400205
3012388,16.07684739276851
3012389,0.4404515048506458
3012390,257.7234385848842
3012391,1.4594466098021508
3012392,4.439011543366106
3012393,11.582752173847723
3012394,13.2999021131404
3012395,1.798941783715214
3012396,327.90092015369225
3012397,204.01257269110468
3012398,3.653565042103785
3012399,5.921656230674896
3012400,135.32121823312917
3012401,50.28802683990353
3012402,2726.320840759852
3012403,5.675471488102119
3012404,7.282774020342917
3012405,0.8996373877039293
3012406,0.048741116734781285
3012407,0.664690421698867
3012408,975.6777539429594
3012409,0.0
3012410,100.30098076911793
3012411,2.9813597575498245
3012412,852.4321716940913
3012413,149.01612415997067
3012414,76.24475458673867
3012415,161.15564084475358
3012416,11.709626208363662
3012417,2265.4103463939023
3012418,1.8830615983930572
3012419,0.20790831345961402
3012420,7.589125819641382
3012421,3.024790819684161
3012422,0.06299375220276716
3012423,82.4327345093738
3012424,0.0
3012425,0.0
3012426,0.6965673199263949
3012427,13.423344070300457
3012428,0.2694076355888723
3012429,69.05416312533937
3012430,70.48584887111166
3012431,0.9895186078565598
3012432,1.892968274530426
3012433,50.47039236145885
3012434,9.889808738012476
3012435,382.8540014875821
3012436,3.22259739926894
3012437,1.3472449547537768
3012438,6.6607867335302275
3012439,0.0
3012440,2.653444010432816
3012441,2346.8233608771775
3012442,0.0
3012443,232.73883515385313
3012444,8.281930120320732
3012445,898.2802857912116
3012446,404.01546970261506
3012447,176.39930726788856
3012448,143.68904331796116
3012449,58.25876425154243
3012450,2927.7339365093226
3012451,3.6401058590334947
3012452,1.0032175263126442
3012453,15.108111973907466
3012454,14.115220301747726
3012455,0.3036754124933853
3012456,198.13252325893123
3012457,0.0
3012458,0.0
3012459,13.429031741888728
3012460,10.286026719891602
3012461,1.3179948880569554
3012462,260.14923673298256
3012463,154.65565042935444
3012464,1.806416507285215
3012465,3.889524119612005
3012466,202.5416934306561
3012467,26.11392104613005
3012468,2097.7190276014426
3012469,5.570114142818447
3012470,1.3865344865994518
3012471,3.8106085056217736
3012472,0.13083370790649143
3012473,2.146646072197076
3012474,1916.6993527121795
3012475,0.0
3012476,591.2310286163294
3012477,5.548664740147104
3012478,837.01088656156
3012479,538.834870919863
3012480,211.1822985028409
3012481,117.69087255748751
3012482,70.45913461437523
3012483,3474.7719707533033
3012484,6.292916314212028
3012485,5.659271262488229
3012486,10.678556529035301
3012487,39.43245840779165
3012488,0.01234779730465196
3012489,189.53303106942633
3012490,3.790782269292618
3012491,2.8446186314815067
3012492,3.533197461226754
3012493,15.927835227595574
3012494,2.372012248079496
3012495,169.113449397273
3012496,202.73917687023388
3012497,4.524844459094667
3012498,6.887294596174893
3012499,136.01771781423693
3012500,32.81339339742507
3012501,1206.838689783818
3012502,12.812931902721084
3012503,4.769845032151488
3012504,4.663612974883855
3012505,0.0
3012506,0.4896344313553053
3012507,1081.910391410575
3012508,0.0
3012509,89.76139314888272
3012510,1.9769914188067892
3012511,377.4475903865005
3012512,160.18784377588682
3012513,87.01256469734776
3012514,114.65137637410434
3012515,19.75561247218302
3012516,1664.3238128687335
3012517,5.069374823423689
3012518,0.0
3012519,10.456891361655158
3012520,9.540291722050274
3012521,0.22263391374529884
3012522,87.23799121662401
3012523,0.0
3012524,0.0
3012525,0.9395110584514874
3012526,0.0
3012527,0.5931486487945017
3012528,213.2630425644915
3012529,74.33161197710989
3012530,0.9128813282575243
3012531,0.5814310203491736
3012532,48.29734838622969
3012533,15.577585319864102
3012534,700.0000604354688
3012535,4.062862069847694
3012536,1.8626698752140114
3012537,3.444805907737938
3012538,0.08448417484869665
3012539,2.122459511650508
3012540,2819.4742580113534
3012541,0.0
3012542,494.19722737173066
3012543,8.568838446841331
3012544,827.694313324327
3012545,627.6935143903277
3012546,220.17363488472245
3012547,165.82054487459436
3012548,58.75468952395627
3012549,3904.275637544628
3012550,8.738082234692158
3012551,0.648017067294196
3012552,23.527414585073192
3012553,8.606546020315795
3012554,0.5161559788485297
3012555,191.58562061193302
3012556,0.0
3012557,32.50102069363304
3012558,4.054683562612438
3012559,3.128975203920016
3012560,1.1219449604532252
3012561,225.1768548813354
3012562,175.78177003289323
3012563,2.8148704540934166
3012564,4.788003455964188
3012565,123.75084578157859
3012566,45.47742926879762
3012567,2736.5946537116783
3012568,10.416076109625992
3012569,1.6287378059209425
3012570,5.198870196444142
3012571,0.0
3012572,5.621231248500401
3012573,2578.513923407683
3012574,0.11401330840212599
3012575,443.5338415082278
3012576,8.46393164982367
3012577,916.2646888494254
3012578,815.860999382211
3012579,131.23588018506487
3012580,116.94002042336447
3012581,104.6612375479979
3012582,3399.583955889971
3012583,56.28847095767988
3012584,1.0312387875657238
3012585,18.68476013979268
3012586,28.273818163581122
3012587,0.6917297052255303
3012588,219.9207235224833
3012589,18.281657992788702
3012590,29.86951804902524
3012591,1.4321913511644524
3012592,76.24476864216162
3012593,9.854882318214935
3012594,216.0435174197858
3012595,211.95046046530192
3012596,9.397010935326675
3012597,12.592158253324554
3012598,242.86748287685333
3012599,46.33984704852366
3012600,2142.2471209110427
3012601,0.0
3012602,9.935649791078363
3012603,6.221743356162837
3012604,0.0
3012605,4.075050475528019
3012606,2677.0703544477396
3012607,0.0
3012608,358.9199751168337
3012609,10.641216649607275
3012610,822.7900179352365
3012611,641.8238449510164
3012612,126.75381913026403
3012613,72.1042865597819
3012614,81.73212588097786
3012615,2853.0792487632957
3012616,20.998678837609553
3012617,1.230240550253914
3012618,15.67402015000386
3012619,91.82958750670358
3012620,0.16167382177963105
3012621,257.6732469470185
3012622,10.180369022232474
3012623,16.569263793341968
3012624,9.780622392578172
3012625,118.7101024024643
3012626,8.149160131211467
3012627,125.42762238889591
3012628,263.89674741725855
3012629,7.437357357533528
3012630,8.74969291739144
3012631,106.57205629189639
3012632,38.0867726601461
3012633,1496.108909357761
3012634,1.3764696921886004
3012635,12.529260562892915
3012636,7.9211595440645635
3012637,0.20580306734529277
3012638,1.9159572584788582
3012639,3379.821432771249
3012640,0.0
3012641,660.1947505599759
3012642,8.862228018966812
3012643,1425.6800688890762
3012644,646.4828776215818
3012645,210.0365154418744
3012646,287.50498604035835
3012647,70.53082170616342
3012648,5450.117511233394
3012649,43.31907248774752
3012650,1.2665133188502706
3012651,14.244328147891666
3012652,16.367797417097556
3012653,0.2548957810497676
3012654,326.48367292462626
3012655,6.025685956952244
3012656,13.981508009023964
3012657,6.845623350266221
3012658,54.32830068427105
3012659,3.752320490066849
3012660,157.2299819778084
3012661,242.33965611691855
3012662,6.633406604978983
3012663,8.325752088056893
3012664,204.3066989637122
3012665,48.29314923484647
3012666,2866.8269631398002
3012667,3.2872120145343766
3012668,22.41912980871771
3012669,3.8698027346785637
3012670,0.0059674035298118945
3012671,3.3161409703094376
3012672,2008.9878123770452
3012673,0.0
3012674,303.78729282906573
3012675,4.200696425948331
3012676,702.0592840124035
3012677,595.2218608661614
3012678,165.0791811386551
3012679,121.87537971023568
3012680,59.37691119007196
3012681,2888.515482648622
3012682,25.30418728132174
3012683,1.6957312323402396
3012684,7.646736982913553
3012685,8.677799694320584
3012686,0.17313295420452332
3012687,212.76285668006798
3012688,17.426633209448166
3012689,17.58492786867596
3012690,1.8402125130800366
3012691,50.963530869413894
3012692,6.533128698762879
3012693,336.10815822592116
3012694,163.98871325628278
3012695,6.049197064354501
3012696,6.711029091721619
3012697,298.66707610700746
3012698,22.006500718474346
3012699,1709.1791454976021
3012700,0.0
3012701,21.31951609608323
3012702,2.3926590740892366
3012703,0.5412072081777238
3012704,3.2368100437770866
3012705,4088.4626712011836
3012706,0.0
3012707,417.4742411822798
3012708,7.083819846429756
3012709,1793.082365043902
3012710,638.0699259227698
3012711,306.1273064381957
3012712,199.58510404941072
3012713,78.61632612523132
3012714,5595.637822933417
3012715,13.851100779238353
3012716,1.5104907870922286
3012717,25.466917538594025
3012718,28.56342402753278
3012719,0.1784050073931344
3012720,418.47037140290274
3012721,0.0
3012722,0.10549379037435788
3012723,11.568778415449847
3012724,0.0
3012725,2.842234317415468
3012726,140.48507899959245
3012727,296.1568247761206
3012728,2.4082485498998523
3012729,12.12754960242817
3012730,180.2477306920845
3012731,55.19783231434005
3012732,2232.814886619798
3012733,9.695951751448094
3012734,5.618191773250194
3012735,5.7969914816177495
3012736,0.008520310168644287
3012737,6.204569461972614
3012738,2495.803894309133
3012739,0.0
3012740,415.44858931501676
3012741,8.388741152119971
3012742,1259.6372209345507
3012743,638.3630124461009
3012744,206.5203645868292
3012745,131.90677949967215
3012746,93.33325842755357
3012747,3373.0256289457316
3012748,38.671426799764056
3012749,1.0540407727000176
3012750,15.253072943628464
3012751,35.73402547117296
3012752,0.30106259921837336
3012753,218.9817707027976
3012754,18.630211187309968
3012755,19.326549396926115
3012756,7.854990394653088
3012757,97.77579332158847
3012758,9.726467084390125
3012759,180.82098990360217
3012760,343.73820653265943
3012761,9.48435520511824
3012762,7.965301987988551
3012763,181.12539129776988
3012764,39.892888880989766
3012765,1854.4048419294768
3012766,0.0
3012767,7.129867093450542
3012768,2.494301102295764
3012769,0.08412938343373694
3012770,3.617273779750249
3012771,2114.7916779711686
3012772,0.03049608047669276
3012773,359.19766800437685
3012774,5.275699826359045
3012775,588.6831663081409
3012776,669.3102932156709
3012777,137.954918303501
3012778,109.65209979890125
3012779,93.85182932728289
3012780,2533.37142499169
3012781,33.685135748599606
3012782,0.6996872607949115
3012783,20.31521300706263
3012784,21.016359552446783
3012785,0.413451930694477
3012786,156.540557914844
3012787,16.357183346602504
3012788,31.978080520598127
3012789,5.7543614703923875
3012790,36.16999146316896
3012791,7.1485735872160605
3012792,209.09968244140686
3012793,152.41247510288068
3012794,8.951912694389401
3012795,9.900116732129156
3012796,166.91849946813124
3012797,29.822128416652507
3012798,1892.2842689110223
3012799,0.0
3012800,11.144054215741583
3012801,1.8204840428228055
3012802,0.0
3012803,2.4729993347350674
3012804,4418.355003687702
3012805,0.0
3012806,520.5948504164659
3012807,15.787624561912676
3012808,1033.9705729751006
3012809,600.7058228584315
3012810,226.00648645512635
3012811,204.70489945654586
3012812,46.959496672626784
3012813,4404.9895052859
3012814,10.928691433698896
3012815,0.14618531384035036
3012816,4.913164364772505
3012817,16.29874204130436
3012818,0.11022886826724984
3012819,207.67679499590355
3012820,0.0
3012821,6.638213617897044
3012822,0.9390876641725365
3012823,39.56398823188487
3012824,2.063148782000197
3012825,207.40648046727895
3012826,218.13728754466138
3012827,3.3472220484939514
3012828,1.6507788383878563
3012829,242.6966664557419
3012830,131.47832190137987
3012831,1894.2120449086224
3012832,8.813220869183452
3012833,1.2009481513128846
3012834,11.145217922191186
3012835,0.0
3012836,9.93174054683883
3012837,7057.130893151651
3012838,0.0
3012839,1263.6380102251715
3012840,22.371693432610883
3012841,1875.987400263152
3012842,1740.7300296413355
3012843,392.75044019286634
3012844,471.2299208895148
3012845,320.29890337063154
3012846,7055.220556010744
3012847,86.95189931971831
3012848,3.5990861426347722
3012849,106.9390245956322
3012850,102.82583009690417
3012851,0.0
3012852,522.7447290904653
3012853,21.724773156930528
3012854,18.38926800212653
3012855,19.94028833794125
3012856,247.52204014594255
3012857,22.209241058195232
3012858,631.8189406230789
3012859,378.20917771161913
3012860,33.01816218824567
3012861,24.995962834444935
3012862,738.8275197872155
3012863,191.81910712021795
3012864,6485.960164043685
3012865,85.10899800892571
3012866,59.857131663116036
3012867,11.666784540581219
3012868,0.0
3012869,9.235382947595394
3012870,6821.366528690124
3012871,0.0
3012872,945.5485592156704
3012873,19.18998452691611
3012874,2117.2356611451382
3012875,1744.9164982189238
3012876,529.6522159574967
3012877,309.3186924773911
3012878,221.87911616472098
3012879,8665.263717883081
3012880,144.37123932035274
3012881,1.8912599529304364
3012882,5.648555940805892
3012883,92.59423355635042
3012884,0.48887175903843666
3012885,545.6108507300168
3012886,17.21164231520095
3012887,29.771299163027106
3012888,4.783724879240736
3012889,130.91786264678123
3012890,14.043657736190271
3012891,817.462670672346
3012892,493.76171409159576
3012893,18.38326268200563
3012894,23.807432839832973
3012895,967.230428790165
3012896,148.81734725293958
3012897,4624.176442734137
3012898,178.86606534931198
3012899,62.253074954505735
3012900,8.648115916317012
3012901,0.0
3012902,13.145387698308127
3012903,4431.376836713644
3012904,0.0
3012905,726.8476123865962
3012906,12.614765749261766
3012907,1901.1677212075767
3012908,1191.3588377064805
3012909,582.5828983345551
3012910,123.09059875029597
3012911,171.43824217478908
3012912,7121.96729526428
3012913,45.8305423029961
3012914,2.3595847608150846
3012915,27.858709285994834
3012916,21.54899782435268
3012917,0.12921660564702533
3012918,475.97042813204683
3012919,16.307520273065133
3012920,22.93452096913881
3012921,6.582643277205864
3012922,83.87177065681095
3012923,7.3667569892603755
3012924,809.620195467106
3012925,477.8015410621792
3012926,18.679696188492166
3012927,38.82263230781118
3012928,515.2086593170968
3012929,74.836693364054
3012930,1989.1013960112566
3012931,96.71745383702317
3012932,38.161474669133526
3012933,11.321824982228257
3012934,0.0
3012935,13.027175830097153
3012936,6980.883313950044
3012937,0.0
3012938,968.8987115857296
3012939,15.424186560916208
3012940,1909.0698603307023
3012941,1683.7719707621652
3012942,496.4989044375604
3012943,295.9592876243357
3012944,167.7718597671185
3012945,8035.153354798207
3012946,48.66489164286351
3012947,2.2441384043389347
3012948,27.582724850569832
3012949,74.93869056509617
3012950,0.41464882121755114
3012951,498.5956629260418
3012952,22.046912878808868
3012953,23.53314422963828
3012954,7.514436753004148
3012955,129.42161946792072
3012956,12.084721720207314
3012957,700.0087840117119
3012958,445.13158691819234
3012959,22.336984945463847
3012960,19.234934188696485
3012961,960.1040839217427
3012962,129.67401598979652
3012963,4254.15179431359
3012964,124.38679284482853
3012965,50.25264195030538
3012966,9.293238060459027
3012967,0.0
3012968,14.917832087867646
3012969,3122.3553001807804
3012970,0.08146502802465805
3012971,609.5528673058392
3012972,12.078626082355438
3012973,1441.0670037507928
3012974,893.16708650621
3012975,415.1141786981604
3012976,84.54157056500196
3012977,123.6809125320562
3012978,5627.974936664636
3012979,41.18272459470635
3012980,0.2518531280287834
3012981,7.744271310259101
3012982,56.162443547229145
3012983,0.24929019681922468
3012984,382.5959010984319
3012985,13.888911013927942
3012986,8.245370896760418
3012987,1.8487650663809823
3012988,72.8575693493484
3012989,4.2875908801897165
3012990,706.7574774106691
3012991,447.89780239422697
3012992,13.640853877558007
3012993,15.926273310981216
3012994,595.5099812834787
3012995,38.382500841054835
3012996,1260.629661016696
3012997,81.97206140866555
3012998,9.834099300710813
3012999,10.042754517700153
3013000,0.0
3013001,10.564499553268794
3013002,5114.299274576884
3013003,0.0
3013004,939.679351427864
3013005,24.11054092827635
3013006,1492.6932395153358
3013007,1729.2371680772908
3013008,334.5197816310353
3013009,397.3996738857042
3013010,250.51544534713773
3013011,6067.869181993574
3013012,70.32532812916865
3013013,1.5156800975460547
3013014,45.26655489726412
3013015,52.09874501183836
3013016,0.0
3013017,385.4053248045464
3013018,9.842323616424041
3013019,25.794787811396986
3013020,12.058992626629859
3013021,156.4680416971614
3013022,14.040045734708285
3013023,591.8162100982298
3013024,358.4599121861639
3013025,17.965912323151496
3013026,22.73171576212556
3013027,768.7336081652139
3013028,124.51602098984114
3013029,5957.213221885681
3013030,79.24652502147899
3013031,58.77038456606598
3013032,4.952633240859015
3013033,0.0
3013034,4.7684746636765265
3013035,1774.762244543504
3013036,0.0
3013037,316.91630809376807
3013038,20.057692040409737
3013039,875.373274517882
3013040,509.31130382402654
3013041,202.07187360992356
3013042,79.9360398766509
3013043,70.34660674518605
3013044,2572.134753877392
3013045,49.70845062879142
3013046,1.1970352899836103
3013047,20.514733215547942
3013048,21.093471947003096
3013049,0.4555166932020647
3013050,204.43552141669045
3013051,14.14653332302477
3013052,9.327158330024
3013053,10.689322056388315
3013054,30.311218245527627
3013055,5.891118563501653
3013056,230.8147973645697
3013057,192.17247593219687
3013058,3.491218777972388
3013059,6.434629534835184
3013060,211.7289692150432
3013061,39.70024345488119
3013062,1418.8110093993553
3013063,0.0
3013064,8.002203601728493
3013065,6.76211799899236
3013066,0.0
3013067,9.915196732897297
3013068,3642.3079030621952
3013069,0.0
3013070,394.19867950605186
3013071,17.567054008134903
3013072,1314.7614087390543
3013073,887.8759709639926
3013074,336.05013036023615
3013075,86.78675307699716
3013076,101.35624102735767
3013077,5195.005266462081
3013078,106.44273134374797
3013079,1.2483494390899976
3013080,31.888322846594264
3013081,34.15822753901807
3013082,0.8122735722765799
3013083,369.23104768396286
3013084,13.230950093297984
3013085,4.8688682485914425
3013086,3.8090954457921273
3013087,89.89292001943579
3013088,8.192493130001017
3013089,477.1254456781181
3013090,374.104798906017
3013091,10.617802747515665
3013092,15.893785560854605
3013093,325.72685522766807
3013094,49.52629365613779
3013095,1763.5366855256461
3013096,90.43470703474313
3013097,15.592467904552986
3013098,6.9771057012674556
3013099,0.0
3013100,4.634260939739589
3013101,3825.447047962946
3013102,0.03978068537550903
3013103,700.964176859313
3013104,9.100523594301157
3013105,1241.0672545216757
3013106,1318.2176482817456
3013107,216.80617961500056
3013108,309.0591415885437
3013109,189.40161600601576
3013110,4422.123298595506
3013111,44.894421696785194
3013112,2.359614044850424
3013113,11.674416965960633
3013114,36.79512324450833
3013115,0.7082899841916054
3013116,275.12988891775495
3013117,3.355182171081942
3013118,39.75231151800447
3013119,6.600117289534331
3013120,102.65120582126717
3013121,8.466405673800534
3013122,519.1837971127023
3013123,307.90813581171994
3013124,16.857420363024282
3013125,9.482445889145696
3013126,627.9343539672788
3013127,85.4450840623149
3013128,4625.508217554103
3013129,15.67554200114559
3013130,36.21637627292211
3013131,14.918598504185725
3013132,0.0
3013133,9.912175858026831
3013134,5668.652210518649
3013135,0.0
3013136,1021.7438753384502
3013137,14.044858533343476
3013138,2114.397971291342
3013139,1465.2211034281565
3013140,465.384048911575
3013141,266.30395602401904
3013142,387.0722919598561
3013143,7661.58709562867
3013144,56.835801092390646
3013145,4.614644347948923
3013146,66.37863808850491
3013147,69.61992573097369
3013148,1.0191302248735639
3013149,471.0302514532754
3013150,11.534930804071049
3013151,62.71745864377522
3013152,11.387755638645691
3013153,245.45099675654996
3013154,13.811442571581011
3013155,624.0356806187418
3013156,453.4284099476647
3013157,18.907355372439394
3013158,34.18108939224132
3013159,608.5268487074178
3013160,173.85066388681162
3013161,5893.112181138396
3013162,22.926680604519067
3013163,14.660390485219699
3013164,7.887097637490132
3013165,0.14695392288955247
3013166,1.7666960924195747
3013167,1832.8139095208546
3013168,0.0
3013169,386.4698422818696
3013170,6.629019644804437
3013171,749.6135594496445
3013172,444.4278983133608
3013173,186.35552766836494
3013174,82.63118612239698
3013175,74.32653711153853
3013176,2631.064466107694
3013177,15.553133356786642
3013178,1.0959862676885515
3013179,19.369660671299197
3013180,25.489523260667468
3013181,0.0
3013182,160.87855913201778
3013183,4.570769430951142
3013184,14.152520239217155
3013185,6.482540581518626
3013186,49.6956722498987
3013187,3.2140868396265763
3013188,247.18648405632186
3013189,158.74979631318823
3013190,4.419163533524758
3013191,6.405911682198853
3013192,163.834548030584
3013193,43.10234722086669
3013194,1497.385009620906
3013195,0.0
3013196,1.4379215735704693
3013197,5.006865827319419
3013198,0.0
3013199,1.5509483644810969
3013200,3073.874499767175
3013201,0.0
3013202,226.8747452622262
3013203,2.358441442981266
3013204,884.5809621090418
3013205,225.94688759077138
3013206,205.5472491770338
3013207,65.97781177004795
3013208,31.25214783759771
3013209,2862.4688248282127
3013210,7.08982816892472
3013211,0.24285054759097932
3013212,16.434424484218372
3013213,13.03890260919989
3013214,0.12754618406599114
3013215,195.0183187644227
3013216,0.0
3013217,0.0
3013218,3.4495424575701623
3013219,23.87865663336098
3013220,1.073426917744771
3013221,52.790355003070815
3013222,145.03415893304802
3013223,0.0
3013224,0.27151421215696764
3013225,65.67460093798198
3013226,94.76921234178585
3013227,886.8300448219012
3013228,1.6209216001363551
3013229,3.9214468825037496
3013230,6.773013853551781
3013231,0.1493871151322093
3013232,5.024985182553186
3013233,2954.340965674514
3013234,0.02243175326922102
3013235,490.8910432771681
3013236,11.609844170329389
3013237,1121.5007616837047
3013238,814.8298152608235
3013239,299.79116596047714
3013240,153.27657946182333
3013241,123.4635441308812
3013242,4040.352219821534
3013243,45.27251287311374
3013244,1.5735242408030767
3013245,13.328732229517167
3013246,57.95979636093039
3013247,0.22105940396242554
3013248,279.30356609795405
3013249,17.80092432789086
3013250,8.850534158239245
3013251,6.115383544137408
3013252,53.767224317059934
3013253,6.974675505499512
3013254,401.72811988242785
3013255,260.1650276819122
3013256,7.620293363296899
3013257,10.380986441450567
3013258,449.46505312342555
3013259,58.09585036165627
3013260,1900.7333285691711
3013261,0.0
3013262,31.176168679316888
3013263,6.1479286084565805
3013264,0.17269388828385107
3013265,4.954101777223738
3013266,3909.3430527799947
3013267,0.04516039730502135
3013268,696.0366192927177
3013269,15.670519874460298
3013270,1155.7940780107247
3013271,1251.4648048059887
3013272,193.01369306050324
3013273,287.1117026789938
3013274,196.54488409733813
3013275,3967.791941006678
3013276,50.517449324989
3013277,3.8417585523990065
3013278,35.43749771361056
3013279,29.509205117461786
3013280,0.8660793516388093
3013281,239.57446824263457
3013282,17.58784419767031
3013283,45.133481653539384
3013284,8.661329425843007
3013285,106.26594009391223
3013286,10.488611189416421
3013287,432.84027097011335
3013288,225.54255688554056
3013289,9.332717870678607
3013290,13.044086580453307
3013291,612.535262678837
3013292,104.92005934247486
3013293,4866.439979461938
3013294,0.36756450579633776
3013295,39.073912077075285
3013296,3.589038673899199
3013297,0.3827881027068752
3013298,5.805888184078811
3013299,3481.7393389596496
3013300,0.0
3013301,697.8756886733381
3013302,19.97834319534068
3013303,1037.3437664544194
3013304,1127.9044875241964
3013305,238.0664607603712
3013306,269.4230169718209
3013307,122.55007838399521
3013308,4112.140684339794
3013309,37.83644057835268
3013310,3.6725588661042625
3013311,31.509981806942946
3013312,37.40060433044362
3013313,0.9636132687905625
3013314,280.67397565427785
3013315,20.399743474485774
3013316,35.97701759364892
3013317,19.619332229886695
3013318,97.43117153289862
3013319,15.030061171734538
3013320,377.42953535108813
3013321,266.37753428891943
3013322,17.362540671844307
3013323,18.238291032448707
3013324,471.0555232890546
3013325,99.34740973092445
3013326,3488.2667757942204
3013327,0.4228085590259367
3013328,29.58868367745377
3013329,12.65027690991215
3013330,0.12887080588402167
3013331,5.876829437434454
3013332,2787.239439006832
3013333,0.0
3013334,484.2022364127824
3013335,9.743926579997469
3013336,1302.2419434619483
3013337,713.2323290719817
3013338,462.03566375654503
3013339,178.5262292007522
3013340,67.76116217156289
3013341,5158.372121797299
3013342,15.754839763381565
3013343,1.0322256689710432
3013344,0.0
3013345,30.963733293604022
3013346,0.203088629386893
3013347,374.781943437649
3013348,15.08932435633221
3013349,6.654443022819996
3013350,6.623506982261247
3013351,33.35569044928648
3013352,2.790170052281114
3013353,291.96404281194435
3013354,334.7883031339517
3013355,5.215161096513658
3013356,6.500218704060439
3013357,316.3187201913308
3013358,98.08815974794763
3013359,2198.7901799654755
3013360,39.93517328238529
3013361,19.669096013363763
3013362,5.422242357286293
3013363,0.0
3013364,4.210974490719421
3013365,2499.280285476296
3013366,0.3312992890483961
3013367,402.65852976206975
3013368,17.145532832163788
3013369,860.2988068611783
3013370,831.0398496132345
3013371,139.8839781310158
3013372,161.27326995061688
3013373,159.82828094963747
3013374,3082.023158090318
3013375,30.080301759947307
3013376,2.2263707082498763
3013377,25.98568980858782
3013378,29.441101480378453
3013379,0.6920199777588525
3013380,204.95518267625707
3013381,18.146630786678127
3013382,24.686216717308525
3013383,8.785644118050326
3013384,101.39750322636597
3013385,8.803797626745375
3013386,304.8096647100699
3013387,162.26235057993
3013388,4.859334816419863
3013389,11.400013377674941
3013390,365.7457145240837
3013391,62.20999265764102
3013392,4112.826861754897
3013393,0.11691107854103715
3013394,31.053325324836184
3013395,1.0564996517013037
3013396,0.0
3013397,1.7852298351757212
3013398,1026.571258365269
3013399,0.0
3013400,85.07783511442688
3013401,3.9949861223759977
3013402,572.6312700915544
3013403,362.82197706406254
3013404,193.3135308003298
3013405,35.847761527905604
3013406,23.334181757036895
3013407,2165.253892772749
3013408,8.405571336274171
3013409,0.27823106342423776
3013410,9.389037897007736
3013411,7.518406594896674
3013412,0.16759806712688552
3013413,125.41192845253248
3013414,0.06462822566199315
3013415,0.0
3013416,2.2718688415550763
3013417,12.412521666934273
3013418,0.39354413568464924
3013419,139.58703331408606
3013420,118.79652661177458
3013421,0.5188696780894336
3013422,1.8721303667945883
3013423,122.40180414753792
3013424,15.554765178650923
3013425,207.24507682640328
3013426,0.48329270335818086
3013427,0.24109800496674338
3013428,5.584199039721936
3013429,0.090003631419052
3013430,2.60716679333173
3013431,3745.2435438590733
3013432,0.0
3013433,545.2033994069785
3013434,7.731462488546031
3013435,1338.2879863501269
3013436,602.4196063274778
3013437,392.45639033782226
3013438,183.85230617786803
3013439,73.81653352700027
3013440,5790.207844710587
3013441,31.97023781112721
3013442,0.6609317556282649
3013443,8.173076026194535
3013444,12.529323660163264
3013445,0.2715722865983579
3013446,348.7345064206601
3013447,14.180776965962897
3013448,0.5663073462661067
3013449,8.552801226513134
3013450,41.182946812617466
3013451,2.061469889365771
3013452,538.1923746358456
3013453,256.245546384477
3013454,2.1985554061043255
3013455,11.93479980647762
3013456,336.17666306697515
3013457,96.67864716443648
3013458,995.6793277277932
3013459,7.343399498342611
3013460,8.055249662579524
3013461,4.085026514332758
3013462,0.0
3013463,1.2833648737482828
3013464,1522.80098875538
3013465,0.0
3013466,184.79249964341523
3013467,12.879299407282598
3013468,873.9587089473757
3013469,515.3057431794639
3013470,205.08642063435582
3013471,25.60711637172469
3013472,27.984650208101712
3013473,2898.7291060626894
3013474,10.028672408541496
3013475,0.32620092366278747
3013476,10.889617337309508
3013477,14.253495242792646
3013478,0.7989314904927537
3013479,157.58879303850958
3013480,9.159229708851898
3013481,0.0
3013482,3.6190957334670824
3013483,39.552650001989996
3013484,1.7194343654864004
3013485,119.97834576957754
3013486,153.42290595049414
3013487,1.482312664784058
3013488,4.675743950860516
3013489,139.9705519570153
3013490,38.8494587448115
3013491,331.54848699817086
3013492,1.597032100461289
3013493,4.783008895349922
3013494,3.438226237562422
3013495,0.0
3013496,4.318080087094075
3013497,1335.1737027009226
3013498,0.0
3013499,105.50843483065267
3013500,7.990695934077959
3013501,654.4293078495303
3013502,310.7049802284098
3013503,129.62877422447724
3013504,67.11339383567723
3013505,24.7759731597526
3013506,2366.952810615402
3013507,15.685017437837631
3013508,0.1129893375369869
3013509,7.324212692401679
3013510,7.536605596483022
3013511,0.14092804851765306
3013512,114.88257230376182
3013513,1.9907428237516305
3013514,0.0
3013515,3.18122538029379
3013516,31.585635266548113
3013517,0.708407841522028
3013518,128.23503282435797
3013519,130.64493978125844
3013520,0.5582338253466603
3013521,3.981568950663579
3013522,43.220079905062114
3013523,31.262578668185984
3013524,163.39313029279145
3013525,0.8490410458282361
3013526,3.171793960212454
3013527,1.7555288309050068
3013528,0.0
3013529,3.4165022487239973
3013530,1265.193300504489
3013531,0.0
3013532,146.45763245401682
3013533,7.612988192191841
3013534,1136.5811970865254
3013535,452.71048080205975
3013536,207.16889457315114
3013537,23.353749946624852
3013538,45.87167145035416
3013539,2806.022004129324
3013540,12.461245536895236
3013541,0.41900054427975125
3013542,3.4937499932686413
3013543,23.943064137094836
3013544,0.0
3013545,171.0424467777354
3013546,2.5444702923693936
3013547,0.0
3013548,2.9864180067807227
3013549,11.929128881287125
3013550,1.4355410730155764
3013551,181.7977896073364
3013552,260.74666065644277
3013553,1.1983940299062779
3013554,3.171523743306626
3013555,77.87231112563515
3013556,88.55817122980413
3013557,334.6056799487163
3013558,0.8436384584582812
3013559,2.2874617265217942
3013560,2.3914167303093854
3013561,1.5608700742505661
3013562,3.5158698203936725
3013563,1661.026033649093
3013564,0.0
3013565,153.20935328612848
3013566,0.10870052807005817
3013567,958.5638716174353
3013568,459.17466221610056
3013569,269.3536242794005
3013570,79.01116732831099
3013571,62.47858898883679
3013572,2832.5968954772793
3013573,9.284708402323412
3013574,0.7206251481864796
3013575,18.29603194810315
3013576,20.412808230747377
3013577,0.24659275266662736
3013578,220.07694139110328
3013579,9.241131457750706
3013580,0.0
3013581,5.433792173680423
3013582,23.533123932665525
3013583,1.9747998428880777
3013584,145.04670198286541
3013585,166.51075593787752
3013586,0.4257480232148321
3013587,5.275320536826207
3013588,109.02259656709887
3013589,47.57815287952568
3013590,614.8791460457271
3013591,0.9857418348836641
3013592,5.314006089198696
3013593,3.03584017651138
3013594,0.0803410456949894
3013595,2.3340472956479448
3013596,1376.7733244957947
3013597,0.0
3013598,129.64967779830158
3013599,3.5962248760117186
3013600,1325.8897870468284
3013601,247.31957073058413
3013602,130.8799467826369
3013603,106.88730746191528
3013604,24.339126061195568
3013605,2006.5607502813575
3013606,8.866891311191868
3013607,0.3988095148772974
3013608,7.2193190562066665
3013609,9.097186716742893
3013610,0.16280396894970955
3013611,142.91897567361494
3013612,0.0
3013613,0.0
3013614,1.3950595133136636
3013615,46.9051667458411
3013616,0.8379398534914785
3013617,54.626852500750644
3013618,110.11348423547969
3013619,1.0086157144669547
3013620,2.3919202115068683
3013621,56.57931894881294
3013622,27.124825052542207
3013623,425.56227133816225
3013624,6.312565703359288
3013625,1.774113495059749
3013626,7.185733601290607
3013627,0.3401662661302979
3013628,2.85849035358858
3013629,2558.9488711850163
3013630,0.0
3013631,280.41822573176734
3013632,3.0644960987086587
3013633,823.5557547611705
3013634,911.4056497475672
3013635,436.80714313294806
3013636,129.61686937395447
3013637,85.79385579999298
3013638,3634.9043469313256
3013639,13.599179021560458
3013640,0.5503443248211838
3013641,16.42869875977641
3013642,7.53656063651553
3013643,0.487548845044162
3013644,230.58225072517845
3013645,0.8981238689392914
3013646,0.0
3013647,3.5816815789839502
3013648,23.057017866020164
3013649,2.886111046506978
3013650,252.23922940761537
3013651,194.08630541037715
3013652,1.6695788462276195
3013653,5.279523537532365
3013654,292.6734204404445
3013655,42.50532184095118
3013656,1130.0899623776227
3013657,2.515922738097949
3013658,10.45296089051521
3013659,3.9806846115610575
3013660,0.0509506693713082
3013661,1.8498627596099482
3013662,1440.7346395802779
3013663,0.0
3013664,532.5787393175453
3013665,6.479754777534812
3013666,419.76154414581123
3013667,660.5490736625516
3013668,167.72189385648903
3013669,122.65827087874496
3013670,44.011120230378985
3013671,2175.9797264454246
3013672,9.709001827800957
3013673,0.7832076026942959
3013674,5.789691607195724
3013675,13.998233144426582
3013676,0.4317472423285846
3013677,135.9357028899444
3013678,10.95154422280002
3013679,3.3260912767061637
3013680,5.689851159807839
3013681,50.19958296450373
3013682,1.8402254374724707
3013683,71.5156465067395
3013684,96.84018636332375
3013685,4.618040403663083
3013686,5.171299727495212
3013687,122.19647745881167
3013688,52.83345378898434
3013689,1180.9238191658542
3013690,10.061732339068573
3013691,10.743985626808682
3013692,3.717550770240948
3013693,0.42018298789336167
3013694,2.528333953521615
3013695,2153.0788623693634
3013696,0.0
3013697,130.22832977318566
3013698,5.853978538245819
3013699,776.8181698144365
3013700,304.04442017307525
3013701,246.38202261412826
3013702,48.028146277533274
3013703,41.436732689263216
3013704,2837.1365921390166
3013705,30.194588534525796
3013706,1.0838597468450317
3013707,10.147100970012737
3013708,14.79548308595028
3013709,0.04850516102192268
3013710,138.51983471839745
3013711,7.413840560868968
3013712,0.0
3013713,3.5628310606790397
3013714,21.708668093620403
3013715,3.24803200242062
3013716,107.28374324331541
3013717,141.00407420582331
3013718,0.9898489582805573
3013719,4.046221484046945
3013720,67.36585324462582
3013721,22.95311213762672
3013722,323.1719585662075
3013723,0.789244948940537
3013724,2.4696612961034554
3013725,4.747620231444261
3013726,0.0012583528098014944
3013727,6.122367884880343
3013728,2873.5927529338883
3013729,0.0
3013730,588.1478397824354
3013731,9.975825984371586
3013732,898.9357335985474
3013733,802.6328491252639
3013734,197.73063757871344
3013735,165.00831175080796
3013736,108.72173123544222
3013737,3690.5101401537654
3013738,46.682792149796626
3013739,0.6402070262293402
3013740,6.693352856855915
3013741,50.40659752837892
3013742,0.5571981728135392
3013743,227.61055300149903
3013744,18.298447148085373
3013745,18.338390901011064
3013746,6.641665554656042
3013747,72.4966876905101
3013748,7.719615270619072
3013749,486.0895765333828
3013750,196.7213335045215
3013751,9.355037885703226
3013752,8.778933577595716
3013753,420.36143045419925
3013754,88.02157821681399
3013755,3302.1791770707478
3013756,0.0
3013757,34.46890046966579
3013758,7.516966559989778
3013759,0.0
3013760,4.498930591532484
3013761,2413.769300512075
3013762,0.0
3013763,356.23056012515224
3013764,7.3908207533954196
3013765,1064.4058684453678
3013766,718.3800999739431
3013767,452.68607603557894
3013768,68.81518423543979
3013769,52.993573207605074
3013770,4116.960106441858
3013771,14.76536020364857
3013772,0.42223793065764664
3013773,0.9181831376585905
3013774,13.562765015347479
3013775,0.1169389287278227
3013776,240.75211514926377
3013777,2.9476363445985987
3013778,4.57695396213035
3013779,2.7824622873465907
3013780,41.1266199631388
3013781,0.5437892152616781
3013782,248.3608077639614
3013783,209.8374378644821
3013784,3.1404862183699733
3013785,1.7930521145175993
3013786,203.66597858154833
3013787,38.446368840424746
3013788,671.3435472020496
3013789,14.288303781063227
3013790,11.044012479624573
3013791,7.306966553325453
3013792,0.0
3013793,4.114240485220014
3013794,2274.294153217694
3013795,0.0
3013796,357.0690473325813
3013797,7.754145258103948
3013798,1559.322560566848
3013799,614.1767902649474
3013800,254.66227739952262
3013801,208.74318028395692
3013802,96.94958563179888
3013803,3364.3272615071937
3013804,15.40222030342627
3013805,0.9399553361975443
3013806,16.422788278414266
3013807,42.11432729797658
3013808,0.2730911815658456
3013809,228.02715428793874
3013810,3.1718499818269748
3013811,1.5169145238352433
3013812,12.894929031153692
3013813,65.23017430448736
3013814,1.43279093662845
3013815,98.54490290761599
3013816,187.88147005889397
3013817,2.9847296220211943
3013818,3.080819546919927
3013819,136.5963416761876
3013820,133.25293482343
3013821,1094.871577914027
3013822,7.722942325872178
3013823,5.392965680581475
3013824,2.0364735202006963
3013825,0.04448833955249944
3013826,3.2716560641504153
3013827,1415.3317219810394
3013828,0.0
3013829,126.32757921917013
3013830,6.611686064427724
3013831,562.8695703919165
3013832,333.27398574321506
3013833,121.38652183080401
3013834,51.58041604111195
3013835,39.1664864117305
3013836,2183.638801638727
3013837,11.632277245230632
3013838,0.7929135199754692
3013839,9.101566080545387
3013840,12.917357742077789
3013841,0.0
3013842,137.41250641239492
3013843,3.7768531187892527
3013844,0.0
3013845,3.0956216710725495
3013846,62.34339455980076
3013847,0.9386844605655008
3013848,94.57133111795461
3013849,125.74944919723063
3013850,1.1430958107278693
3013851,3.1486614317485846
3013852,145.75833566641265
3013853,34.833132019052364
3013854,413.24822960630786
3013855,0.81569446729006
3013856,1.236652412005642
3013857,1.759568880737292
3013858,0.0
3013859,0.8440241565738346
3013860,1381.8134759941292
3013861,0.0
3013862,261.82934625687034
3013863,8.377437338694122
3013864,544.407739696714
3013865,476.8026844028069
3013866,117.0367950148033
3013867,49.16671407781616
3013868,69.14896401344964
3013869,2155.3548407504654
3013870,24.719878870159793
3013871,0.4874943956154932
3013872,13.559492972489
3013873,12.764809397025084
3013874,0.13204568772224126
3013875,122.7499932454072
3013876,10.02491001968811
3013877,0.935503989520868
3013878,2.022401629561577
3013879,44.80861317564642
3013880,4.511101657176093
3013881,476.7362358851468
3013882,139.37475003957712
3013883,4.762254732530809
3013884,6.077471648135679
3013885,338.80929943152574
3013886,30.658299064287437
3013887,1539.5204166967803
3013888,0.0
3013889,7.2318503450197955
3013890,3.8881265442649697
3013891,0.0
3013892,3.901603616686376
3013893,3748.3267479580863
3013894,0.1259254222668226
3013895,786.4645691223992
3013896,13.984630896102097
3013897,1224.8902243728232
3013898,1328.5245822016389
3013899,272.06925764374733
3013900,258.17913565854644
3013901,177.0743971101038
3013902,4362.079924990842
3013903,38.123458230641944
3013904,1.384042756666624
3013905,17.91483726129692
3013906,35.88758544497198
3013907,0.2081302529467977
3013908,272.2800501914117
3013909,14.605374746704092
3013910,49.80615464516686
3013911,9.832244910904993
3013912,83.7618785050356
3013913,13.791503170504644
3013914,400.29765989504153
3013915,262.1943092022454
3013916,17.801220260282893
3013917,9.617368338983653
3013918,570.6030840911563
3013919,113.52031550457579
3013920,5990.894368901179
3013921,2.5600251862054537
3013922,25.654973341614365
3013923,1.6054086284121993
3013924,0.040590792878197605
3013925,1.179844113039544
3013926,1214.663314611344
3013927,0.0
3013928,297.40935056966504
3013929,3.538212093970131
3013930,299.90976840412
3013931,442.3752649318202
3013932,109.68681532257546
3013933,91.44917069027562
3013934,0.0
3013935,1448.239118183916
3013936,15.370680547049135
3013937,0.3912043415808257
3013938,6.137086066605251
3013939,10.105288733578535
3013940,0.0
3013941,80.92139483369044
3013942,0.0
3013943,24.335621789336397
3013944,0.0
3013945,17.892794354679694
3013946,5.1548786576508006
3013947,197.48951335585267
3013948,69.13840209724835
3013949,4.917026554403087
3013950,3.6985363166122243
3013951,147.9710892456934
3013952,27.770396789063813
3013953,2299.9369200036267
3013954,2.5523548180027156
3013955,1.8990812044018872
3013956,4.417952830161049
3013957,0.0
3013958,0.18937255217461169
3013959,716.2299082192142
3013960,0.0
3013961,210.52243177318576
3013962,6.428761803286169
3013963,402.47518825768583
3013964,240.8807408768982
3013965,74.1323820029625
3013966,33.319855355251185
3013967,25.2873931355664
3013968,1477.2005093843081
3013969,13.375437920484934
3013970,1.3539969899314248
3013971,9.925939174107507
3013972,9.722190061011922
3013973,0.5271885730598356
3013974,75.1631681050072
3013975,0.2264791613750054
3013976,4.78958112739965
3013977,0.09496004977131962
3013978,19.5119701642367
3013979,0.12788208953553679
3013980,263.3991376962344
3013981,176.3244542243438
3013982,2.439931444264019
3013983,1.5984956273516806
3013984,127.49614499102745
3013985,18.74186714791723
3013986,997.0189036306139
3013987,1.4194144705564495
3013988,1.6213961085439783
3013989,4.33139833065968
3013990,0.22757909111451416
3013991,1.8883202293437686
3013992,2993.127426070353
3013993,0.0
3013994,566.3971473138988
3013995,14.11531574960802
3013996,848.2109451934531
3013997,914.8472812416748
3013998,275.4748084869145
3013999,247.20561730338343
3014000,114.20276230796266
3014001,3695.155871914992
3014002,22.90685477899738
3014003,2.84955975941508
3014004,21.964871741747473
3014005,26.344039704063917
3014006,0.1335589273541705
3014007,218.8702816478939
3014008,2.35152998588786
3014009,31.637732513715473
3014010,7.533123077659025
3014011,90.47331035337245
3014012,4.3471478474093175
3014013,264.9933585056856
3014014,198.9289898440185
3014015,10.743433797896403
3014016,7.704266600732618
3014017,353.5297465432203
3014018,73.07234500199274
3014019,4014.99826303297
3014020,1.733008890773094
3014021,16.936561284590855
3014022,4.225311271900389
3014023,0.0
3014024,1.8864980736933186
3014025,2348.7228199788988
3014026,0.0
3014027,529.3694112313386
3014028,15.406169994383992
3014029,853.8775926241448
3014030,810.3190438808697
3014031,316.85510750789297
3014032,184.33306340744807
3014033,44.60778916549043
3014034,3727.1332339342703
3014035,12.967030648540291
3014036,0.9468390822986805
3014037,28.01947733611861
3014038,14.838916793778917
3014039,0.47555837653622013
3014040,218.4583260137755
3014041,0.0
3014042,7.369671624620324
3014043,5.874092147705769
3014044,21.632003763045976
3014045,1.2341872302056152
3014046,151.71983240081198
3014047,194.5976274420498
3014048,5.302729887005179
3014049,3.765735698022786
3014050,176.07245922685485
3014051,76.96484538723666
3014052,1127.2504559342715
3014053,13.91620084147787
3014054,0.0
3014055,5.2801244481701755
3014056,0.8227453453908817
3014057,1.9712236024105354
3014058,2452.8267289097143
3014059,0.0
3014060,525.3204182585843
3014061,8.98500478875528
3014062,765.46045401541
3014063,719.3696921006269
3014064,225.5086817889594
3014065,185.5664514663857
3014066,48.12639706531845
3014067,3189.9746158821777
3014068,12.100531535215913
3014069,1.2175510389390602
3014070,21.33684631892172
3014071,10.125707073017251
3014072,0.2235577591871643
3014073,213.533922602642
3014074,0.0
3014075,7.578064496361596
3014076,3.832647422593149
3014077,47.961585287490756
3014078,1.4087760276457275
3014079,97.0499570783095
3014080,184.5616510775359
3014081,4.332176424676847
3014082,2.7934188880861273
3014083,153.17550067503925
3014084,52.71785767093037
3014085,856.5099338550776
3014086,6.775836173503584
3014087,4.406919419813183
3014088,10.440828818090045
3014089,1.7576492092883644
3014090,12.238824163418556
3014091,7412.534685115082
3014092,0.0
3014093,1170.9375379197293
3014094,35.46193969909067
3014095,1923.4079040982074
3014096,2040.8235701117987
3014097,310.7254652320966
3014098,474.54127799538054
3014099,331.6411230531168
3014100,7447.025761517541
3014101,95.558926840281
3014102,2.6513254236235144
3014103,41.093904988748164
3014104,50.57425885724791
3014105,1.5233119103538557
3014106,482.63397043323414
3014107,35.10384350845097
3014108,73.43722877032822
3014109,17.485954722373634
3014110,196.26313594674696
3014111,24.078271072290857
3014112,634.6690757493241
3014113,445.5508593494445
3014114,13.374034777332353
3014115,18.039888532717534
3014116,1009.3186702006852
3014117,193.85082400586325
3014118,10503.533492315088
3014119,1.2462765619254579
3014120,68.76900811110669
3014121,2.2340216987121786
3014122,0.26588492156231336
3014123,1.1613954745314334
3014124,1307.7556718715932
3014125,0.0
3014126,129.16656456743917
3014127,3.6013764061520086
3014128,848.7105184659115
3014129,305.75315752816186
3014130,103.54530583570066
3014131,113.32580148619226
3014132,45.565703225619295
3014133,2414.4034974103315
3014134,6.701943493460648
3014135,0.5299520344259342
3014136,7.653041233714411
3014137,5.661331263684792
3014138,0.33435563597854034
3014139,151.80954689973973
3014140,0.0
3014141,0.0
3014142,3.9881483101556143
3014143,57.70882105203403
3014144,0.45186765935835177
3014145,51.84526073484089
3014146,68.97941183255763
3014147,1.442397732412262
3014148,4.60427071079414
3014149,103.30094996291209
3014150,15.457835689707766
3014151,414.8518210209259
3014152,4.734384232060448
3014153,3.6636646029884448
3014154,7.0248493454686995
3014155,0.1227458033157315
3014156,2.60401164893571
3014157,2520.466273323813
3014158,0.0
3014159,408.9929764814756
3014160,7.757610483488191
3014161,1041.5682836328926
3014162,700.7603797071158
3014163,208.0241567725275
3014164,244.29543644918746
3014165,79.65301506334227
3014166,3779.993563448575
3014167,14.668879358492958
3014168,0.32910863501761833
3014169,7.335556986717263
3014170,13.417580880581012
3014171,0.31586651753153555
3014172,231.55978602678405
3014173,2.3363839048789408
3014174,2.176763721719803
3014175,12.195882384606906
3014176,9.089819993682411
3014177,1.550613876064286
3014178,266.7664783520116
3014179,161.3413715583603
3014180,4.857190468444415
3014181,4.630475737266258
3014182,116.18919546277509
3014183,56.5790691946364
3014184,1048.2224441406534
3014185,7.586619769174193
3014186,6.144940171274986
3014187,0.7120503849045988
3014188,0.013816103267254748
3014189,0.47054036983733
3014190,676.3105644545664
3014191,0.0
3014192,102.22351581050867
3014193,1.854031600041498
3014194,638.3701118041448
3014195,172.37185564656411
3014196,83.43775512236213
3014197,152.8997926109918
3014198,8.845978072908332
3014199,2374.061677991189
3014200,1.9547706905693938
3014201,0.048563701013077304
3014202,9.984227844619902
3014203,2.7699134044494005
3014204,0.18525590787403334
3014205,74.98793867297597
3014206,0.0
3014207,0.0
3014208,1.0293568425053743
3014209,1.9375657414926106
3014210,0.21249240691860866
3014211,58.37671036241123
3014212,46.50402456402947
3014213,0.9056068295865499
3014214,1.3333740674228018
3014215,45.94939256365592
3014216,8.29320735697131
3014217,127.88841923066096
3014218,4.3401221550922084
3014219,1.72260828539467
3014220,6.560097485857078
3014221,0.0
3014222,2.6553772701789113
3014223,1712.9010376395922
3014224,0.0
3014225,182.4665960374985
3014226,5.811082220310921
3014227,754.6619936368847
3014228,488.4103844347746
3014229,148.49069157492346
3014230,126.22850202904515
3014231,59.88121804825646
3014232,2687.1636508606284
3014233,3.827821213810183
3014234,0.8110794006892538
3014235,15.656208834509888
3014236,13.324234070993294
3014237,0.018743622046657936
3014238,191.89345746081275
3014239,0.0
3014240,0.0
3014241,13.755988374867345
3014242,6.469684632892842
3014243,0.506523213470051
3014244,230.58974074361558
3014245,152.98745915130067
3014246,1.8119656424635613
3014247,4.610119670119406
3014248,191.4626137348583
3014249,24.579645114937467
3014250,1097.5507782600098
3014251,4.950366496408935
3014252,0.6697294573924623
3014253,3.634635819259396
3014254,0.182071367371557
3014255,2.2861040080103536
3014256,1668.0859650238117
3014257,0.0
3014258,557.2302746632613
3014259,5.739827673227555
3014260,709.3757247174361
3014261,700.9084848374625
3014262,200.6960759154848
3014263,93.47422044215155
3014264,64.18125518214124
3014265,3164.1789885509775
3014266,4.604161284303662
3014267,4.4886081567846805
3014268,5.553111429523151
3014269,35.341723887095135
3014270,0.0
3014271,176.49211250036686
3014272,2.8823775699301377
3014273,3.250766118871872
3014274,2.5751726415870166
3014275,26.399927423336436
3014276,1.7957029841434538
3014277,167.5878812998828
3014278,208.80249672292769
3014279,3.2672209489609334
3014280,7.301928114263043
3014281,135.07324451168495
3014282,29.979875333303507
3014283,577.0405726233819
3014284,13.38195030418399
3014285,5.4092023890993275
3014286,3.749794111542208
3014287,0.0
3014288,0.5831120276541892
3014289,1177.5679190533788
3014290,0.0
3014291,68.94683238989465
3014292,1.9579835450817624
3014293,376.8323754685045
3014294,198.0591548752517
3014295,73.75994693900529
3014296,110.55293356613699
3014297,18.640315182521135
3014298,1582.19003751377
3014299,5.124944129205613
3014300,0.4459335892111164
3014301,11.887505525312493
3014302,10.585285428678217
3014303,0.3154226188931689
3014304,90.73102140004852
3014305,0.0
3014306,0.0
3014307,0.6545898132906597
3014308,0.0
3014309,0.4192682521001224
3014310,168.63913421819075
3014311,82.31303355399758
3014312,0.40446313449151505
3014313,0.9416734005112476
3014314,29.755835390518982
3014315,15.84972258092308
3014316,283.80740320510415
3014317,3.519416127686855
3014318,1.059261135471751
3014319,4.016840013461356
3014320,0.0
3014321,0.9456451181569339
3014322,2453.48216893465
3014323,0.0
3014324,383.7508633730011
3014325,7.607299140573851
3014326,652.3616582025978
3014327,614.9863066433713
3014328,183.10419484695726
3014329,116.95896042168535
3014330,47.77181715150106
3014331,3206.2821406522717
3014332,6.257149167914488
3014333,0.8646983932500679
3014334,28.856554603860364
3014335,7.000899450307165
3014336,0.24007792691850083
3014337,156.60446308566043
3014338,0.0
3014339,26.608877329457368
3014340,4.628354135623407
3014341,6.26240424114941
3014342,0.7463744192258784
3014343,199.38026471944033
3014344,144.02390954127367
3014345,2.395890602756033
3014346,2.6638783247745788
3014347,100.57893569441553
3014348,42.76245018048569
3014349,938.2991629986888
3014350,11.454800073911755
3014351,1.1418775386775881
3014352,5.060438124582329
3014353,0.0
3014354,5.6711140854355255
3014355,3038.6740515092824
3014356,0.08705211868082961
3014357,538.5536832866092
3014358,7.73925655657075
3014359,1114.6076743577803
3014360,943.1783983035825
3014361,154.37067589732607
3014362,137.75752156036492
3014363,125.53115826669892
3014364,3932.755526267876
3014365,65.58631111846286
3014366,1.6922767612846468
3014367,27.212329388754668
3014368,35.372536895881304
3014369,0.5748134694596543
3014370,257.88089609350783
3014371,20.811369118442727
3014372,34.851822586027765
3014373,1.4362779332980358
3014374,90.00091912307069
3014375,9.137428141897468
3014376,226.06302386571502
3014377,244.10941657836221
3014378,12.384714301173066
3014379,14.602578943207394
3014380,293.10298043478804
3014381,56.614031044420216
3014382,4018.3255151915228
3014383,0.0
3014384,13.242132299894372
3014385,7.454273165398757
3014386,0.0
3014387,4.396866281903234
3014388,2611.310968668426
3014389,0.0
3014390,447.47881107716216
3014391,9.71687674662961
3014392,1059.8007280716167
3014393,845.3575407720602
3014394,143.1376030955099
3014395,82.53050019579436
3014396,152.31999821240194
3014397,3581.8896496466814
3014398,27.792867175332564
3014399,1.4544854469013198
3014400,27.15799224533259
3014401,97.66928670018564
3014402,0.12670319568401395
3014403,298.3572418331742
3014404,14.660622074110856
3014405,20.675777133582873
3014406,8.871716903838667
3014407,147.54572504280267
3014408,8.623774423952238
3014409,179.75388548167865
3014410,369.36735567130273
3014411,9.604905843614864
3014412,9.474271714540587
3014413,144.65312935538657
3014414,58.29734665204103
3014415,3200.305780531264
3014416,0.32908114845069564
3014417,17.51910789039136
3014418,5.374749404998654
3014419,0.0
3014420,1.9331478092979664
3014421,3171.9430144646394
3014422,0.0
3014423,578.2228618007088
3014424,10.507216926454596
3014425,1316.168945702404
3014426,646.6105496668133
3014427,190.72287099361188
3014428,274.6538889839994
3014429,56.428175915623264
3014430,5052.740226034599
3014431,34.85472833219533
3014432,1.1517069313583894
3014433,6.441797992268838
3014434,13.681235313450754
3014435,0.19329209073105147
3014436,274.9158213546973
3014437,4.92599378648115
3014438,13.320155960859813
3014439,5.369427483606007
3014440,55.29828120896996
3014441,3.1056380003233266
3014442,100.5629025422075
3014443,211.63465953382618
3014444,6.362104853769619
3014445,7.705639915574541
3014446,185.81756910352146
3014447,43.33525936417793
3014448,1298.1021926081432
3014449,3.5822570700070067
3014450,17.738809132985054
3014451,3.6268115927441946
3014452,0.09576951472448604
3014453,3.602771829496544
3014454,2172.030966061131
3014455,0.0
3014456,339.6203695075743
3014457,6.384215322431762
3014458,768.9278071833035
3014459,700.9025670047091
3014460,165.90095187691824
3014461,126.19600623695817
3014462,79.57492102864073
3014463,2955.167667814502
3014464,22.93715914694166
3014465,1.4827585449306533
3014466,11.266370033349064
3014467,10.000916964717451
3014468,0.2791551170985789
3014469,219.3601320871446
3014470,16.16434978638799
3014471,22.84077268556866
3014472,2.54741778044673
3014473,58.044059462183064
3014474,5.2986320594950715
3014475,352.07642694580113
3014476,175.1819713414303
3014477,6.228765859757254
3014478,7.410205220977996
3014479,316.65341910797713
3014480,25.28206639778857
3014481,3039.9731531264442
3014482,0.0
3014483,20.943109421566298
3014484,2.8779620224444855
3014485,0.3288203324902443
3014486,2.654188258021486
3014487,4094.988051384117
3014488,0.0
3014489,356.364974780914
3014490,12.458720893585296
3014491,1587.4475671087816
3014492,771.7728054300856
3014493,273.10206077272335
3014494,167.83333520046656
3014495,66.88760813958649
3014496,5159.6887634085615
3014497,14.747141368225218
3014498,1.8694705375013787
3014499,19.70100692437387
3014500,21.133359839247632
3014501,0.16458350251951234
3014502,409.9653061002344
3014503,0.0
3014504,0.0985701558572225
3014505,11.420550618918279
3014506,0.0
3014507,1.942704219250392
3014508,131.04935524378305
3014509,326.1288871243737
3014510,3.214364329900669
3014511,10.293893858362473
3014512,161.93007575400412
3014513,58.62473301194155
3014514,1012.8296008476975
3014515,12.088947400321914
3014516,4.332641272710789
3014517,7.899161528928009
3014518,0.0
3014519,6.47835471115773
3014520,2533.5730490677565
3014521,0.0
3014522,479.12285592672475
3014523,9.325948999993242
3014524,1624.6982419408196
3014525,734.9413408427105
3014526,224.91768556472425
3014527,144.06390897289265
3014528,119.88277389767453
3014529,4313.806348157943
3014530,39.69102066348899
3014531,1.2015840372090691
3014532,18.454690192972706
3014533,38.518526700869074
3014534,0.39334289323208543
3014535,248.72584295509026
3014536,19.20727429310898
3014537,24.37511828197647
3014538,8.04200622625191
3014539,111.01423463817027
3014540,11.427585424903855
3014541,207.30447779993554
3014542,438.2010420759631
3014543,11.862165015441931
3014544,9.380572374989136
3014545,210.07302264921685
3014546,57.402117277679444
3014547,2957.2557125551543
3014548,0.3058670237689543
3014549,8.277191040815227
3014550,2.7112218221322375
3014551,0.06264011530769711
3014552,3.8387937198458393
3014553,2518.4406008281912
3014554,0.314026391677069
3014555,442.73141072328826
3014556,6.62029006263713
3014557,741.4919687009094
3014558,811.5706163874253
3014559,158.82846565323848
3014560,135.2880509353232
3014561,113.98985621064179
3014562,3119.283452941267
3014563,41.77933789040105
3014564,0.898748972078612
3014565,14.820642304135042
3014566,19.749675228996274
3014567,0.5366505357920396
3014568,201.54367404926813
3014569,16.942191616910062
3014570,46.5294654515868
3014571,7.245086048851245
3014572,56.71175752205718
3014573,8.087220750106377
3014574,233.95045889541305
3014575,181.6615131755428
3014576,11.106818965424216
3014577,10.591620054061677
3014578,222.7262548001526
3014579,41.44041242842789
3014580,3286.092373461781
3014581,0.0
3014582,11.89514722725744
3014583,1.3513577851080836
3014584,0.0427889217120405
3014585,2.595430450650071
3014586,4180.542914259813
3014587,0.0
3014588,493.663337639054
3014589,16.61872715644855
3014590,966.8887851541263
3014591,660.9015387301882
3014592,197.43250075921048
3014593,178.41127633692497
3014594,43.05253511068099
3014595,3931.1102087555523
3014596,8.01136311514556
3014597,0.08629117991813814
3014598,5.961505165221235
3014599,16.040540797542036
3014600,0.06992369485616516
3014601,190.25354179641207
3014602,0.0
3014603,8.111231809569086
3014604,0.9744397844827907
3014605,28.791844993658653
3014606,2.9370852538839882
3014607,198.2052254261942
3014608,214.79201517384354
3014609,2.498987232348814
3014610,1.8287912946397036
3014611,226.04435652400204
3014612,127.2605899122627
3014613,1043.7080441742082
3014614,10.52568251991587
3014615,1.299656592510655
3014616,13.842539753590865
3014617,0.0
3014618,13.424416904324882
3014619,7931.466968992353
3014620,0.0
3014621,1454.9961671196143
3014622,27.526057765608787
3014623,2354.7272667757934
3014624,2161.179823937752
3014625,453.53472816919174
3014626,552.5403968790973
3014627,368.81175758965645
3014628,8334.513386203067
3014629,106.95591973319561
3014630,3.9637852615966387
3014631,92.80736015638635
3014632,101.81615909595395
3014633,0.1601451795984816
3014634,601.6532406697332
3014635,30.423495237686407
3014636,19.368545814415867
3014637,21.42388013799294
3014638,306.959175911257
3014639,23.930922531764736
3014640,711.7287883868919
3014641,380.0912276585053
3014642,33.64501255184073
3014643,28.269677370906223
3014644,857.5559854055198
3014645,227.53110328639391
3014646,12185.734838837909
3014647,77.61525511282005
3014648,68.62685557113228
3014649,11.200429371115165
3014650,0.0
3014651,7.855944589254517
3014652,7285.7880731062905
3014653,0.0
3014654,1085.110903235565
3014655,26.40196057692733
3014656,2243.0237463197577
3014657,1944.256115315205
3014658,525.1389194408027
3014659,337.1903334960944
3014660,260.56305607339476
3014661,9144.179648182379
3014662,158.4912557319097
3014663,2.0248480686692036
3014664,16.14497848785236
3014665,96.68041516812897
3014666,0.5151077010496388
3014667,550.0584065047224
3014668,14.074987215114827
3014669,35.1702177528736
3014670,4.534117967893794
3014671,183.47861605794134
3014672,11.567892322162542
3014673,854.7414088098926
3014674,492.0370593061686
3014675,16.393196200307496
3014676,23.457760515366665
3014677,1034.3153944903281
3014678,202.7804308273742
3014679,7911.0624614289945
3014680,168.68948343926823
3014681,68.52919217162892
3014682,8.481242384911795
3014683,0.0
3014684,11.650621014244718
3014685,4525.751957670932
3014686,0.013487516823959555
3014687,807.699307564828
3014688,15.883054286516778
3014689,1877.7063965223
3014690,1242.826876898124
3014691,564.6110345562581
3014692,124.17276892196135
3014693,176.62940757250618
3014694,7239.877035848732
3014695,37.73664205194269
3014696,2.1293597850312427
3014697,28.999740864945043
3014698,23.70381869547142
3014699,0.2123987862720384
3014700,474.37210210703483
3014701,15.534692128312297
3014702,25.99239853671564
3014703,5.440147735267548
3014704,101.76132501754974
3014705,7.1216606007731755
3014706,857.5431779129285
3014707,442.4083943177116
3014708,19.95037873158941
3014709,42.395071977433886
3014710,513.494548084338
3014711,84.56389728532857
3014712,3212.347931990701
3014713,80.84063429621499
3014714,34.10711326783241
3014715,13.009707884166486
3014716,0.0
3014717,12.32640298429475
3014718,6707.277089613248
3014719,0.0
3014720,1018.9859283600365
3014721,15.578295387914384
3014722,2013.4646474501367
3014723,1846.3427349894766
3014724,550.6133190651466
3014725,298.2099200138837
3014726,194.13308232048567
3014727,8464.61552058697
3014728,55.355563579744945
3014729,2.1878285568085163
3014730,41.3088634132087
3014731,82.31834946297775
3014732,0.6450471146766058
3014733,506.64225771583904
3014734,23.83446022619585
3014735,34.920998900402424
3014736,6.653510995902776
3014737,163.49238844126455
3014738,11.513255313239053
3014739,720.2011732212794
3014740,431.52769039169004
3014741,22.142911439618565
3014742,18.357999116484404
3014743,909.8777484787375
3014744,136.26009423176984
3014745,6900.881155950029
3014746,110.96267819898458
3014747,55.67748219422598
3014748,8.744380462164346
3014749,0.0
3014750,14.107857157747263
3014751,2949.2336979971296
3014752,0.07441318215253363
3014753,579.638789941219
3014754,14.238468276477695
3014755,1451.2306627165813
3014756,866.3426333691326
3014757,463.7540554985057
3014758,87.83783489482667
3014759,133.40709418289993
3014760,5610.50669690406
3014761,42.57651428098799
3014762,0.39827201254093747
3014763,11.574054592263256
3014764,52.93835445723465
3014765,0.4373640971670161
3014766,390.3029335408725
3014767,13.746214111032481
3014768,8.02605112662459
3014769,2.101445677053768
3014770,93.56170992138013
3014771,2.905940717850564
3014772,676.8501056249976
3014773,445.94164824883825
3014774,12.609071506083021
3014775,15.065310726526938
3014776,596.5445153382864
3014777,33.89057876829591
3014778,2018.573933115497
3014779,83.51291971701693
3014780,9.887296656152492
3014781,10.40727387478131
3014782,0.0
3014783,9.094441350019244
3014784,6084.7908162764825
3014785,0.0
3014786,1150.7150347972033
3014787,29.452671153718736
3014788,1776.238780411322
3014789,2089.9962358033017
3014790,374.8782065293444
3014791,465.4981082413038
3014792,335.42901199960073
3014793,7166.086914219187
3014794,74.88723580463044
3014795,2.6397052283324904
3014796,44.81469911783783
3014797,56.65658641722704
3014798,0.670783746919709
3014799,436.32281863872413
3014800,12.210650457492324
3014801,28.31102047749174
3014802,11.19294001547583
3014803,222.4330078039166
3014804,13.464163032557023
3014805,637.0435523871002
3014806,383.78461236824563
3014807,18.35572687595802
3014808,23.720154201424858
3014809,852.4194625818599
3014810,175.627901927834
3014811,10256.956189509967
3014812,72.50454720392705
3014813,71.42329444277387
3014814,5.4554421600824154
3014815,0.0
3014816,4.954989243616645
3014817,1874.121099460128
3014818,0.0
3014819,343.5762483864757
3014820,22.06303385498528
3014821,978.6833194585353
3014822,553.260318711205
3014823,215.15764847144965
3014824,84.73412967425972
3014825,86.4371893313723
3014826,2812.077104979268
3014827,52.90099965797621
3014828,1.4625630810996126
3014829,21.894947165128936
3014830,22.541050777343766
3014831,0.036751144811496925
3014832,211.8828000437251
3014833,14.524986644511815
3014834,7.842842998391234
3014835,10.923663134973623
3014836,40.21527855178161
3014837,5.772050923092166
3014838,220.9088415300826
3014839,212.6327067650566
3014840,2.4736067340774115
3014841,6.781482747767334
3014842,217.0385577494557
3014843,50.26465899997247
3014844,2029.0577328131988
3014845,1.6605349128763367
3014846,7.867440064319909
3014847,6.897611252396894
3014848,0.0
3014849,10.719746213557524
3014850,3680.07592342806
3014851,0.0
3014852,490.14411675334344
3014853,20.614259770323105
3014854,1437.8000444290772
3014855,968.1580797215762
3014856,383.4005161603799
3014857,91.92184223428264
3014858,125.7531916909066
3014859,5491.432417851502
3014860,117.62065307500356
3014861,1.4574924686237714
3014862,52.156302732817046
3014863,59.31961763313012
3014864,0.8925928389345319
3014865,393.9877290864371
3014866,15.958946862918285
3014867,4.4437151689902645
3014868,3.3015180901598264
3014869,131.65400868589018
3014870,8.627604637774992
3014871,531.3892563949344
3014872,388.06433907835986
3014873,10.641559296394515
3014874,16.742396346549494
3014875,349.80409653415046
3014876,65.67729192657323
3014877,2480.1373662155515
3014878,89.05059658690192
3014879,17.687108686688283
3014880,8.924085219712504
3014881,0.0
3014882,5.430183970405258
3014883,4641.843995800841
3014884,0.0
3014885,911.3242551105799
3014886,9.229797567294563
3014887,1543.0524222708589
3014888,1700.8403519911678
3014889,259.18112489258374
3014890,376.69780259960044
3014891,236.50602844016205
3014892,5506.467629464782
3014893,47.89366093402863
3014894,1.6600251187131108
3014895,24.975450963643436
3014896,60.501264447572346
3014897,1.3054343680323142
3014898,354.607895162141
3014899,4.0675794719006815
3014900,47.73109895753697
3014901,7.6820950145794
3014902,123.4150705195089
3014903,10.123575941917641
3014904,609.8881401665342
3014905,310.7462969349139
3014906,19.21276054937052
3014907,8.90217155398017
3014908,700.9259831349756
3014909,119.31010763490832
3014910,8451.418318090711
3014911,27.485878288188168
3014912,45.99724335009948
3014913,16.703124578792917
3014914,0.0
3014915,10.584619544543205
3014916,6123.53098486432
3014917,0.0
3014918,1127.711194038026
3014919,14.732235060851616
3014920,2358.706965766173
3014921,1609.7271324448554
3014922,485.5395588446567
3014923,294.7446146843624
3014924,421.2698895085227
3014925,8427.799952989037
3014926,68.00399186452795
3014927,4.882521857456789
3014928,71.44165683054939
3014929,69.98250126929972
3014930,1.2984317848273867
3014931,506.5040833676142
3014932,13.409699136276952
3014933,73.30158163318642
3014934,13.363082141272303
3014935,269.98057825875014
3014936,13.627706678257674
3014937,674.0527975164907
3014938,490.7423186279837
3014939,18.588406118838403
3014940,38.64725482184971
3014941,674.6555338575308
3014942,185.660284621149
3014943,8049.78878035403
3014944,26.479871120726862
3014945,13.141859706574646
3014946,9.041483721817224
3014947,0.13173975847167965
3014948,3.262779530421916
3014949,2215.269111302917
3014950,0.0
3014951,476.7409170242849
3014952,7.887803597205347
3014953,1053.038513155394
3014954,552.468318114792
3014955,217.48649279535402
3014956,99.8497245799694
3014957,98.38981745366749
3014958,3235.485537627755
3014959,18.644124395618775
3014960,1.6727419060731545
3014961,22.82336247628112
3014962,30.898103524790248
3014963,0.04663610427815846
3014964,190.29568527710097
3014965,5.999672479131534
3014966,11.182409184756745
3014967,7.3481455476607485
3014968,60.31178837399276
3014969,3.834721624217595
3014970,282.0753689266673
3014971,202.70847699773623
3014972,4.767755156720334
3014973,7.656397614622435
3014974,196.54612843336344
3014975,97.41564991779971
3014976,3203.626246459002
3014977,0.0
3014978,1.9797769462275798
3014979,4.368159371139427
3014980,0.0
3014981,1.6554962026128903
3014982,3054.4980734636406
3014983,0.0
3014984,190.91563931524706
3014985,2.6884774777607037
3014986,728.7345484844512
3014987,224.79343590533475
3014988,186.51252699029584
3014989,62.980506434568504
3014990,26.383515859094214
3014991,2893.7069522797974
3014992,5.389682387650416
3014993,0.46550136363816175
3014994,16.572604421505964
3014995,10.937270551923797
3014996,0.025396433403951816
3014997,174.59135527745462
3014998,0.0
3014999,0.0
3015000,2.9805536299680644
3015001,19.99256830227344
3015002,1.1548120143905234
3015003,50.810662006153954
3015004,125.85067122613766
3015005,0.015893970508686527
3015006,0.19516097789187486
3015007,53.719792150798156
3015008,92.57608981461708
3015009,534.6552877632769
3015010,4.231592921565369
3015011,4.725723819634966
3015012,5.618012279616639
3015013,0.07086870236770708
3015014,5.3231951170191465
3015015,3032.848175740796
3015016,0.0
3015017,512.9499683215474
3015018,14.065542875938055
3015019,1151.6614526932444
3015020,860.528894406481
3015021,300.4720817592318
3015022,164.1421770456578
3015023,129.74319909791024
3015024,4299.498890439141
3015025,48.343701527392525
3015026,0.7284174981303141
3015027,11.70435268182415
3015028,49.40674982312025
3015029,0.2288101346469596
3015030,290.2002276675128
3015031,17.78591282723383
3015032,10.487939370701142
3015033,8.907862647247542
3015034,66.08057026954636
3015035,6.833382191839137
3015036,400.9405026857979
3015037,241.4261765314097
3015038,8.664220474451687
3015039,11.740999583556384
3015040,443.85053389322815
3015041,61.5080432191307
3015042,3462.0087181206204
3015043,0.0
3015044,31.30926968938066
3015045,6.78465624942369
3015046,0.13557413197029652
3015047,5.349058214666147
3015048,4343.461322517962
3015049,0.09835737168594084
3015050,804.1036506274778
3015051,16.55093383978825
3015052,1303.0395247407098
3015053,1454.747587297848
3015054,202.53632834816088
3015055,319.12031980442026
3015056,220.66083900212735
3015057,4475.127953489045
3015058,54.66208113477175
3015059,3.8075933290315507
3015060,29.7098538965342
3015061,37.55533810438008
3015062,0.9553358185092334
3015063,266.96513570828085
3015064,18.712870815741603
3015065,50.43483042205639
3015066,7.329116167865412
3015067,146.4553713547442
3015068,10.886206570948637
3015069,467.87265702424554
3015070,251.1941248013622
3015071,9.582031534952414
3015072,12.804107926230023
3015073,682.3200798359902
3015074,121.77185274306464
3015075,7441.948978015056
3015076,0.4517230295616335
3015077,47.099702854314735
3015078,4.75331347413908
3015079,0.307807716204383
3015080,6.240280824888392
3015081,4132.248990244046
3015082,0.0
3015083,810.666558794204
3015084,22.057440655573753
3015085,1226.4106312265178
3015086,1389.753534152707
3015087,258.87630303086496
3015088,313.6146106351925
3015089,156.1496738543039
3015090,4732.323937173291
3015091,43.8351300350243
3015092,4.086672080359251
3015093,32.918623984151374
3015094,50.95605811605693
3015095,1.6464707984832756
3015096,317.31488072770696
3015097,24.361686644159004
3015098,49.29446485681416
3015099,15.94434112687872
3015100,124.85618365539163
3015101,17.06679976146699
3015102,386.6016766138152
3015103,283.58836263028644
3015104,16.690480415838472
3015105,20.675155324958652
3015106,522.4332636873817
3015107,127.38903594990589
3015108,6592.46003196459
3015109,0.39756466516251016
3015110,38.213698470779995
3015111,11.95428115581172
3015112,0.09589919220088716
3015113,5.185182700849732
3015114,2215.9016161569944
3015115,0.0
3015116,415.70487993977014
3015117,16.715419592674305
3015118,1101.7972402059997
3015119,721.9285939155965
3015120,399.72439012766444
3015121,135.2268020370266
3015122,68.22395680186216
3015123,4609.4260459285815
3015124,14.321387354155334
3015125,1.0325468098987831
3015126,0.0
3015127,27.075701257744523
3015128,0.3282170026009787
3015129,326.81449592872997
3015130,13.579783760584323
3015131,2.8011584039626176
3015132,4.068362445965095
3015133,36.18685068543121
3015134,2.5564294288926193
3015135,276.9051689474811
3015136,284.64338418952053
3015137,6.915239930074428
3015138,5.559393362747342
3015139,291.0521354755866
3015140,91.6994905133975
3015141,1097.0019673415934
3015142,32.74258135602903
3015143,17.99337592979662
3015144,5.9808475035640125
3015145,0.0
3015146,3.77105430117729
3015147,2102.129170045313
3015148,0.06538031566059321
3015149,342.0119839653696
3015150,21.582124366582768
3015151,683.271963622675
3015152,676.3352646707643
3015153,114.20856145864059
3015154,122.50939619375767
3015155,140.4261193577824
3015156,2497.17608189485
3015157,29.254089121781004
3015158,2.0469145625376175
3015159,27.376864036243028
3015160,26.414987813628805
3015161,1.2061545671493088
3015162,164.40045885769007
3015163,13.205307859624783
3015164,17.079832578351688
3015165,6.92346103690133
3015166,102.87013114740651
3015167,7.283438659865042
3015168,271.45920021384234
3015169,140.4917223704933
3015170,4.475986031426055
3015171,9.902192284887583
3015172,289.49321263683834
3015173,59.78792430414824
3015174,2146.006078918574
3015175,0.1358291044713875
3015176,23.93998534962771
3015177,1.1752303561325974
3015178,0.0
3015179,1.7511550407285832
3015180,981.7860671974212
3015181,0.0
3015182,78.14352518013301
3015183,3.0090824097915845
3015184,600.1902300758676
3015185,196.96943343105863
3015186,184.962152815934
3015187,19.998295395289926
3015188,23.317847963794083
3015189,1978.8067967450172
3015190,6.724937927743664
3015191,0.31409388612426953
3015192,10.245829163938916
3015193,6.351996341401883
3015194,0.16342744309519652
3015195,121.5275586414981
3015196,0.380438311554578
3015197,0.0
3015198,1.4321870092136781
3015199,13.023693342875195
3015200,0.1756435360589657
3015201,195.28269232345312
3015202,119.26748619105554
3015203,0.3144952484245771
3015204,2.6478861231352133
3015205,113.87458615284201
3015206,16.113599049408045
3015207,191.5114927972713
3015208,0.446850343572274
3015209,0.1639477795462043
3015210,5.6943888644898895
3015211,0.11180926272018998
3015212,2.258770924018766
3015213,3734.772996851403
3015214,0.0
3015215,574.3216138024442
3015216,11.213460199864727
3015217,1198.9822474270816
3015218,492.6224098918929
3015219,393.13355548715253
3015220,179.6386301388184
3015221,70.63155516363854
3015222,5557.627717212768
3015223,36.746590016669856
3015224,1.1671134258197338
3015225,11.654187073814056
3015226,12.66923060746653
3015227,0.3002623691184956
3015228,359.484807042507
3015229,10.777872543501104
3015230,0.7745942493317458
3015231,8.209377873046027
3015232,55.667324100970056
3015233,2.2811596681673465
3015234,860.2808474513254
3015235,227.80125262634678
3015236,2.1572788364727815
3015237,12.580730945545497
3015238,230.33635262716848
3015239,94.97046763824589
3015240,1003.0591060984066
3015241,7.546273824408293
3015242,7.333441298455865
3015243,4.000500790663124
3015244,0.0
3015245,1.0625588771957664
3015246,1423.7507802089922
3015247,0.0
3015248,133.06112903718213
3015249,9.22324495839524
3015250,801.8940008296242
3015251,356.8975518786686
3015252,186.52748029718984
3015253,41.144341250692186
3015254,34.82535343621109
3015255,2608.254675568039
3015256,8.48817963531296
3015257,0.49634350843848685
3015258,15.528107307008868
3015259,14.30689354809662
3015260,0.5450246051549641
3015261,149.10824319081456
3015262,8.897143831661323
3015263,0.0
3015264,5.421998815157179
3015265,48.10091876877601
3015266,1.558966624883232
3015267,241.40981520388328
3015268,138.50850208109787
3015269,1.3565429349620017
3015270,6.001750560668596
3015271,163.6071078888655
3015272,30.25562949947036
3015273,330.8223288899865
3015274,1.1362882055997618
3015275,4.227459166512802
3015276,3.896483348429825
3015277,0.0
3015278,4.419924157843099
3015279,1325.9209785126006
3015280,0.0
3015281,95.4273943988877
3015282,6.127365502647881
3015283,743.2512001858438
3015284,211.95026607176558
3015285,108.6725454001615
3015286,41.69854409335805
3015287,26.506713667543785
3015288,2310.1734792530565
3015289,14.326669874590513
3015290,0.0
3015291,10.010967851319945
3015292,7.780948325232248
3015293,0.046132023837785
3015294,106.13335663993446
3015295,3.231842631557391
3015296,0.0
3015297,2.9855699512996297
3015298,35.47565495797164
3015299,0.9638050355642674
3015300,174.6417411213427
3015301,112.96705954881939
3015302,0.5773116860230587
3015303,4.74247487751989
3015304,89.15713246832715
3015305,13.707656626504235
3015306,162.08694690465248
3015307,0.8292139318942418
3015308,2.3785295606016135
3015309,1.9668237885471243
3015310,0.0
3015311,3.072371086563359
3015312,1217.078952013801
3015313,0.0
3015314,131.26711998312547
3015315,9.714558376562044
3015316,1331.4714832769891
3015317,314.6914003340996
3015318,234.4964235449907
3015319,23.052761635841158
3015320,46.427797422432846
3015321,2587.1325117330775
3015322,13.931300090755443
3015323,0.6651127552460501
3015324,15.534493509701246
3015325,21.93499183271518
3015326,0.016075251688340796
3015327,172.81454093299567
3015328,2.4841559678763656
3015329,0.0
3015330,3.1235851015201685
3015331,16.021091869651784
3015332,2.0557088767618237
3015333,392.58421270631624
3015334,197.47343089011204
3015335,1.3815659669937992
3015336,2.389547355766712
3015337,79.65245116265514
3015338,87.15232982549234
3015339,378.4256535814621
3015340,1.2477048149082657
3015341,4.472092652786247
3015342,2.3331929797364857
3015343,0.642231973009349
3015344,3.9255034055797813
3015345,1563.0981662051042
3015346,0.0
3015347,149.15129750844815
3015348,1.1369809294328006
3015349,918.1003707290257
3015350,302.3975751683292
3015351,247.75336440347874
3015352,76.90377945089085
3015353,67.72569235049762
3015354,2538.662179776383
3015355,10.810865876139268
3015356,0.7849322146592755
3015357,12.943871528104616
3015358,18.006898847842333
3015359,0.0828275725889413
3015360,193.506996585049
3015361,9.604971230270776
3015362,0.0
3015363,4.611812026569626
3015364,29.738154205219928
3015365,1.6688853545284865
3015366,150.76685867669514
3015367,163.44508430621494
3015368,0.47849169241628214
3015369,3.8733463337304026
3015370,104.32611867704658
3015371,41.86657373334869
3015372,540.9692479721796
3015373,0.7003318590569145
3015374,4.626337327677351
3015375,2.8768952145203466
3015376,0.20634652450963917
3015377,1.8867323273486267
3015378,978.3660039086103
3015379,0.0
3015380,117.20976366528474
3015381,4.938687714383674
3015382,955.0285370338298
3015383,191.69007898806976
3015384,114.1785611079102
3015385,105.56737406266554
3015386,29.693825797923196
3015387,1674.2252572123236
3015388,9.27671236159352
3015389,0.4442151461685447
3015390,7.375963283983843
3015391,12.502860489176923
3015392,0.15960932080266507
3015393,130.64826722589908
3015394,0.0
3015395,0.0
3015396,2.263617146817417
3015397,47.027930301842915
3015398,1.4023605976345428
3015399,49.28357777883548
3015400,102.55600227210695
3015401,0.740672080099669
3015402,3.1807785450070325
3015403,52.886145462126855
3015404,27.849787994209137
3015405,382.2817175165885
3015406,7.819920824241698
3015407,1.404881458733943
3015408,6.21311724425159
3015409,0.4109515885956256
3015410,2.554599278794916
3015411,2277.2477534800305
3015412,0.0
3015413,241.02108617454564
3015414,4.2566133806658595
3015415,708.5422551806003
3015416,535.2814260921758
3015417,388.0835206881584
3015418,133.36125308012734
3015419,84.56020197294394
3015420,3202.059530757797
3015421,15.311365815043896
3015422,0.6458074293541747
3015423,18.910556016283298
3015424,13.22280262744614
3015425,0.2840153198300942
3015426,203.26162836716185
3015427,1.7006862620562866
3015428,0.0
3015429,5.679597190636585
3015430,34.227397554911825
3015431,3.195378017300258
3015432,285.82664186376684
3015433,166.15255733173848
3015434,1.8708658111327041
3015435,5.644043827512587
3015436,273.4556906198193
3015437,38.29331340586329
3015438,1039.8294085352659
3015439,2.2432391302790875
3015440,11.939955964316098
3015441,3.619246867049858
3015442,0.2243081742550642
3015443,2.47405324697588
3015444,1476.6650838753728
3015445,0.0
3015446,525.8361019416103
3015447,9.032013499757447
3015448,443.8218114816904
3015449,478.6968222162909
3015450,169.23715463254413
3015451,114.68805824092661
3015452,43.08974611379664
3015453,2170.931395960595
3015454,11.062838990749926
3015455,0.7796668309390363
3015456,3.1280194599874127
3015457,11.97541890235847
3015458,0.469679996778494
3015459,140.1595921409502
3015460,8.305267741156069
3015461,3.7731546586625226
3015462,3.4384127102912476
3015463,82.68032782640302
3015464,2.4937463426412227
3015465,267.3599967847904
3015466,82.89285440438194
3015467,4.830690470283727
3015468,4.211557702582964
3015469,133.67268973413158
3015470,44.10471727727726
3015471,1125.0365262320636
3015472,10.286416336464375
3015473,12.26270273342191
3015474,3.4177772647930142
3015475,0.383642727244282
3015476,2.1857045924161302
3015477,2102.0792260613293
3015478,0.0
3015479,122.13114528974806
3015480,7.097442305047496
3015481,680.408309566176
3015482,237.3205408313257
3015483,203.25771127131034
3015484,49.75548188575761
3015485,37.1325606209336
3015486,2549.5913071627656
3015487,32.025413297269345
3015488,1.6009535595603919
3015489,18.43068742938719
3015490,11.442354874753628
3015491,0.1635343147255309
3015492,119.82419030489609
3015493,6.393830356936683
3015494,0.0
3015495,2.7601691349778044
3015496,42.69919064158215
3015497,1.8582219151156028
3015498,124.43310931406218
3015499,124.51120254009378
3015500,0.8778781195481823
3015501,3.1462604938614596
3015502,197.15321449096513
3015503,18.335094048121665
3015504,349.92890827554845
3015505,0.939194334219237
3015506,2.729306726417789
3015507,5.451493856476903
3015508,0.10695160552391886
3015509,3.9718168223960397
3015510,2488.8060886333456
3015511,0.0
3015512,505.80006389133877
3015513,9.751779070648453
3015514,800.7850105815053
3015515,663.443802306616
3015516,167.02662924789988
3015517,136.9869902658549
3015518,81.71721910105805
3015519,3115.401617128627
3015520,41.726902908707864
3015521,1.5768567220609269
3015522,13.160864253737726
3015523,38.016897483056994
3015524,0.7086605527696463
3015525,190.02490537399927
3015526,16.78861549878809
3015527,11.60540150724378
3015528,6.913411367329129
3015529,86.67987077606968
3015530,7.321184075452273
3015531,406.1507957609988
3015532,169.51923670751242
3015533,9.662713053276928
3015534,7.82572297173623
3015535,351.971019978317
3015536,75.07340459995747
3015537,1716.6016573563736
3015538,0.0
3015539,26.651283834760438
3015540,7.783590028350448
3015541,0.0
3015542,3.7748793752389194
3015543,2504.9029460380393
3015544,0.0
3015545,357.07373939771446
3015546,6.469001745884147
3015547,1070.3143782221148
3015548,486.1406105025245
3015549,481.09450079906486
3015550,74.25935682369861
3015551,57.66906974430984
3015552,4254.296815679544
3015553,16.581561348621438
3015554,0.5933197160497699
3015555,9.886281271207604
3015556,13.52686254805579
3015557,0.0758130992310297
3015558,270.49953794731863
3015559,1.4507098698092915
3015560,4.20193971742157
3015561,3.2057383009842155
3015562,50.29902345801078
3015563,0.43445597980122125
3015564,639.9096308075128
3015565,215.5247694267647
3015566,3.5792865834149405
3015567,2.085686384712914
3015568,225.70477311493786
3015569,33.92096331084343
3015570,690.7521429699483
3015571,12.568843423934085
3015572,10.063300782458821
3015573,8.445680966966055
3015574,0.0
3015575,4.114294362319295
3015576,2187.0536006376024
3015577,0.0
3015578,317.0658294599126
3015579,6.97887148882602
3015580,1400.754254545661
3015581,413.20376788656023
3015582,238.2485608197166
3015583,211.9342573795555
3015584,105.55552265720587
3015585,2979.4342944617874
3015586,15.49571965353041
3015587,0.945355634588759
3015588,25.597464160914008
3015589,21.145479499407614
3015590,0.3513126809763722
3015591,215.10656252326194
3015592,4.9855659814636955
3015593,0.6491488304334206
3015594,12.48513287187112
3015595,90.00852318616158
3015596,0.9636103134514691
3015597,113.88642499088547
3015598,179.0243709869245
3015599,1.933671313394093
3015600,2.2337133493673336
3015601,123.47055584873343
3015602,136.52898094436114
3015603,969.0391137542997
3015604,11.05558215430997
3015605,5.676642466310479
3015606,3.6737498890716114
3015607,0.03129770688588213
3015608,2.6647608741798017
3015609,1438.7535965341024
3015610,0.0
3015611,113.60730668336589
3015612,7.024776155251593
3015613,556.2534767252254
3015614,265.97421271286004
3015615,110.93445782437233
3015616,48.66897511357899
3015617,55.449303575858224
3015618,2205.6475117037953
3015619,12.469024905628395
3015620,0.2342483311187847
3015621,12.189341071789753
3015622,12.085452326523539
3015623,0.0
3015624,128.7592762195583
3015625,3.974815930006711
3015626,0.0
3015627,2.0652904082939654
3015628,74.23300890563713
3015629,1.4382844181496313
3015630,99.38644780995413
3015631,112.65999023331987
3015632,1.2238284944320008
3015633,3.6486573094354084
3015634,137.97251854313984
3015635,24.13944829197779
3015636,395.3580398988181
3015637,0.9950339006996176
3015638,2.4381239964829216
3015639,2.1039160392099903
3015640,0.0
3015641,1.2108464038411966
3015642,1217.0690113207247
3015643,0.0
3015644,235.1957797935348
3015645,11.41447271449184
3015646,466.3653287552679
3015647,445.1203852709186
3015648,109.36846551307333
3015649,44.8799447247548
3015650,76.55693891067759
3015651,1961.8580275890372
3015652,32.51030188465499
3015653,0.530064339703629
3015654,14.319554159020976
3015655,10.804387657329094
3015656,0.182272514471348
3015657,107.46745096333963
3015658,7.208383558620324
3015659,0.6565876901657036
3015660,1.8516364425118592
3015661,67.81780664246365
3015662,4.260021553153345
3015663,865.4464249125261
3015664,124.49239592700197
3015665,3.8118840711838344
3015666,5.082900349381342
3015667,253.2790131246308
3015668,26.69657465583885
3015669,959.6682293544598
3015670,0.006059719599791661
3015671,7.670311028021568
3015672,3.9311777255483404
3015673,0.12947045632541282
3015674,2.372350833978018
3015675,3105.8984354760796
3015676,0.14530408778855974
3015677,639.4465134895978
3015678,18.001845352513286
3015679,1031.9968818346476
3015680,1072.9860144574398
3015681,232.9461258676826
3015682,193.4617958927556
3015683,140.6138104850308
3015684,3707.881539711264
3015685,40.2954734215823
3015686,1.6729717573605638
3015687,17.112646991516968
3015688,36.22224878691796
3015689,0.05059722376147023
3015690,225.58204058979175
3015691,12.419185610872942
3015692,35.840867925891764
3015693,8.575943550557117
3015694,90.4660540593903
3015695,13.539383768593215
3015696,330.5288620637836
3015697,215.26934115219296
3015698,15.404225889418438
3015699,9.528351695486066
3015700,441.3532828004891
3015701,89.60974163062608
3015702,2930.928558362372
3015703,3.7717830508241996
3015704,18.411860924778182
3015705,2.677933808689544
3015706,0.09967249333141107
3015707,1.7372269451432063
3015708,1426.9972871478337
3015709,0.0
3015710,278.8208277129308
3015711,4.4105195430043285
3015712,303.5448803107011
3015713,404.2607370763525
3015714,102.98541844370362
3015715,97.92554316734804
3015716,0.0
3015717,1347.2043946182046
3015718,15.66851388932442
3015719,0.2460655159284983
3015720,7.041640199092129
3015721,16.839553149835766
3015722,0.3247811789975974
3015723,77.87405511670148
3015724,0.0
3015725,14.103084449636414
3015726,1.2976843970994818
3015727,91.35812659501319
3015728,5.682718450870898
3015729,160.41502728205356
3015730,60.895449021468934
3015731,5.346615405947193
3015732,4.472990222831269
3015733,127.01530869811745
3015734,22.29383630260387
3015735,1097.9805224373472
3015736,0.12228923423951557
3015737,1.5475269346189753
3015738,3.1883197473842886
3015739,0.0
3015740,0.446318222494408
3015741,668.9977440345132
3015742,0.0
3015743,179.9116337925266
3015744,5.1365962865244
3015745,334.11077831540274
3015746,202.27202427399584
3015747,66.35964900843194
3015748,29.34193910882901
3015749,25.834931370562003
3015750,1371.157739103397
3015751,11.373280938604218
3015752,0.7607299213809546
3015753,5.543885349834705
3015754,8.2250341305711
3015755,0.5690404522547852
3015756,68.45787491256391
3015757,0.18998753014197198
3015758,3.5294700209716066
3015759,1.0159961258420107
3015760,23.753814363336698
3015761,0.1236523508370516
3015762,232.6579947977608
3015763,214.3489440309764
3015764,2.2889668222191526
3015765,1.3457752460128733
3015766,118.2374299454735
3015767,15.709255994579198
3015768,354.2534813905913
3015769,1.9427894254876716
3015770,0.9481393324817887
3015771,4.268295127901072
3015772,0.0
3015773,0.822028628586328
3015774,2405.328735650072
3015775,0.0
3015776,422.36809654035136
3015777,16.286676472008942
3015778,631.6646910305974
3015779,695.7333459431986
3015780,231.6261881706106
3015781,192.9365147638564
3015782,96.95031572422175
3015783,2955.4751693087373
3015784,20.156440481346873
3015785,2.925070396895442
3015786,18.641248617907443
3015787,20.64810437852781
3015788,0.06819080170878951
3015789,179.11818389820885
3015790,1.8669150954183402
3015791,22.272552493795295
3015792,6.246450870766797
3015793,115.24906476779395
3015794,4.334218471937663
3015795,211.55682597623192
3015796,155.41829713895055
3015797,9.659240012379039
3015798,5.986977028353013
3015799,283.44049010717833
3015800,56.24644192624738
3015801,1928.652505684999
3015802,3.783885288024859
3015803,9.177332944761414
3015804,6.711320973248061
3015805,0.0
3015806,2.3767251065983555
3015807,2518.7211435701515
3015808,0.0
3015809,509.02598497706015
3015810,14.250573624970148
3015811,917.3611432513649
3015812,676.3939965545792
3015813,329.53960928615487
3015814,217.60440125116767
3015815,47.11390621106726
3015816,3885.2417490919756
3015817,13.122306606266855
3015818,1.0466979891678152
3015819,34.6761015306473
3015820,18.082767666924198
3015821,0.4897659562146033
3015822,227.64186280249828
3015823,0.0
3015824,6.213276966739048
3015825,5.684942378888097
3015826,55.32952388159681
3015827,0.5376983496937892
3015828,322.5863385593961
3015829,232.8793290651376
3015830,4.799935832944625
3015831,2.8176409346362226
3015832,185.94721657232415
3015833,79.75221374710766
3015834,1071.345479947225
3015835,11.924156562472868
3015836,0.43319639425229944
3015837,3.2631679548865784
3015838,0.23192252055446844
3015839,1.879373443854492
3015840,2367.6248017566973
3015841,0.0
3015842,502.1738540080748
3015843,13.394812844829667
3015844,743.5574725327706
3015845,522.2777334941197
3015846,225.3766340041234
3015847,184.8628140643949
3015848,53.556607605048384
3015849,3169.3234599817256
3015850,13.763026436434515
3015851,1.2164405553481865
3015852,24.40712744579454
3015853,9.27053356955428
3015854,0.023437333111921643
3015855,208.93510063023987
3015856,0.0
3015857,6.623424428351508
3015858,3.6679761373788824
3015859,90.95764397832261
3015860,1.8009425115273037
3015861,134.0783401819776
3015862,172.39040886859328
3015863,3.0596132507006626
3015864,2.1994328699912353
3015865,149.8745797876105
3015866,49.59869688814069
3015867,801.7884988880929
3015868,9.670331755948048
3015869,3.737399861193269
3015870,8.56265850540419
3015871,1.5280539298603575
3015872,8.733474896817512
3015873,6297.185272713053
3015874,0.0
3015875,976.5018289448789
3015876,73.29478954594033
3015877,1525.0295409886892
3015878,1581.667749465032
3015879,277.00205814001663
3015880,373.7473075420242
3015881,276.5911795396199
3015882,6251.2540038481475
3015883,83.75181123013
3015884,2.4660683140664132
3015885,43.25900720327513
3015886,45.215925732459276
3015887,0.7315200468481778
3015888,370.7711657633906
3015889,27.341065693059058
3015890,41.892312304541484
3015891,14.960926838527524
3015892,239.45199938933604
3015893,28.28901406193353
3015894,539.6801335781873
3015895,334.4535239566123
3015896,10.8663297562045
3015897,16.716295982633277
3015898,797.074434212843
3015899,174.33668668885076
3015900,5537.968131302323
3015901,1.2578493169574174
3015902,52.809232877690484
3015903,4.139549824735777
3015904,0.19401460135033455
3015905,1.1316416973073882
3015906,1392.2167540553073
3015907,0.0
3015908,140.75917853180178
3015909,4.416254501804851
3015910,1105.349957948247
3015911,243.51776023667264
3015912,92.66613543902308
3015913,118.6777218795711
3015914,45.21751933560746
3015915,2499.3165404889696
3015916,5.98428153272179
3015917,1.1816971958849989
3015918,9.515553156563714
3015919,6.207488451734542
3015920,0.3723943341415082
3015921,169.29369700387463
3015922,0.03373326864382479
3015923,0.0
3015924,2.6215796788111643
3015925,67.1095265609949
3015926,0.4593937373146309
3015927,152.80506975373913
3015928,78.78629083789615
3015929,1.9763695888059136
3015930,5.224092513425379
3015931,109.63418460714027
3015932,23.135004873582165
3015933,479.8685887556383
3015934,6.655637361348198
3015935,4.848274534007057
3015936,5.901788319589097
3015937,0.42015450456216724
3015938,2.4799948555649984
3015939,2588.2660807754937
3015940,0.0
3015941,429.0289298666509
3015942,8.197290953674464
3015943,1120.205639760897
3015944,522.0365287842566
3015945,216.18994401787558
3015946,277.0974833251085
3015947,91.56758823120774
3015948,3921.588767613671
3015949,15.2591361298877
3015950,0.5653044229056744
3015951,21.562972619207322
3015952,16.056041055051708
3015953,0.044114227059587605
3015954,247.47366487129702
3015955,2.413308741987923
3015956,2.280541047998303
3015957,9.74633337842144
3015958,14.545012994281974
3015959,1.4876537422436178
3015960,644.3857207921321
3015961,174.04997842660902
3015962,5.06664493825787
3015963,4.813721861054789
3015964,163.55441898078857
3015965,49.215226282341725
3015966,1184.1733676900556
3015967,16.82978664029648
3015968,4.795655283907137
3015969,1.3065079151437657
3015970,0.0
3015971,0.5613754089901847
3015972,625.2998884334446
3015973,0.0
3015974,119.2120353532143
3015975,2.3992435805451238
3015976,1180.3800046617544
3015977,130.50745371394228
3015978,92.2494520639486
3015979,197.0289737053749
3015980,10.779083500278334
3015981,1777.2353708037065
3015982,2.341249426263253
3015983,0.15546602188064895
3015984,10.02821548119048
3015985,2.182926199383778
3015986,0.17489704277798795
3015987,74.33333162199938
3015988,0.0
3015989,0.0
3015990,1.1235603651846584
3015991,16.143104770640797
3015992,0.16079821831143554
3015993,114.73155314544677
3015994,51.93901691366684
3015995,0.7753277713561428
3015996,1.2122286200412058
3015997,52.41675577272865
3015998,8.282274393911992
3015999,155.29216306775027
3016000,6.059901109805937
3016001,1.837579604130129
3016002,7.4080780432276505
3016003,0.0
3016004,3.094106740736955
3016005,1591.402229167424
3016006,0.0
3016007,179.4016219311925
3016008,6.86619729225934
3016009,701.2773684056901
3016010,321.2502546707528
3016011,149.1703684194616
3016012,138.70710618532334
3016013,68.4487645911689
3016014,2377.871607878008
3016015,3.299143697074127
3016016,0.579976593795192
3016017,17.070825852306914
3016018,12.638804487668303
3016019,0.28004096148908497
3016020,171.22521657842688
3016021,0.0
3016022,0.0
3016023,14.117558636890099
3016024,16.98750201085465
3016025,0.8772614966306714
3016026,393.98205642962415
3016027,144.87021011963844
3016028,1.7487616797032939
3016029,3.6387959623937443
3016030,196.1498858781024
3016031,22.598500398394684
3016032,1054.9865714228888
3016033,6.840430749287116
3016034,1.7362076017978996
3016035,3.322172856978038
3016036,0.0
3016037,2.050958022938213
3016038,1747.1927678125828
3016039,0.0
3016040,554.8952302115199
3016041,7.367923450264128
3016042,746.0973475659777
3016043,446.209625759707
3016044,201.72037430581418
3016045,97.81521749239127
3016046,62.094440731207904
3016047,3415.156025209357
3016048,4.8942862182177125
3016049,5.610567892581653
3016050,0.0
3016051,32.03797148977801
3016052,0.20164483982089942
3016053,167.65881549021492
3016054,2.495949275408913
3016055,2.3234320843762752
3016056,4.259632314670087
3016057,35.149326132997395
3016058,1.8271221915169038
3016059,237.29488237355963
3016060,192.80003467384063
3016061,3.4654390245838638
3016062,7.440559529933357
3016063,129.4066960460613
3016064,32.65994055179361
3016065,556.652288668716
3016066,14.015782408844993
3016067,4.570023367495542
3016068,4.12700129307217
3016069,0.0
3016070,0.6091539290524887
3016071,1249.1837458557404
3016072,0.0
3016073,80.73963462206954
3016074,1.654949047851833
3016075,404.3676141599758
3016076,159.51818749343795
3016077,82.5010769347438
3016078,122.74712253489895
3016079,25.095608855029262
3016080,1692.7379331466682
3016081,4.2673214582707395
3016082,0.3282054909383447
3016083,15.291210492135312
3016084,10.168328815317754
3016085,0.19870112230296746
3016086,94.47587322830817
3016087,0.0
3016088,0.0
3016089,0.9423472882616437
3016090,12.090682745290636
3016091,0.6989857675021273
3016092,326.17084767085345
3016093,89.40370755988408
3016094,0.37906794325902265
3016095,0.9183505316201478
3016096,68.77352845400577
3016097,16.86728401946969
3016098,334.5062802809923
3016099,5.083067669458761
3016100,0.7481997203482632
3016101,4.292654896945083
3016102,0.01821759088098759
3016103,1.0357719044240064
3016104,2591.07299928302
3016105,0.0
3016106,396.2031881253696
3016107,10.360126275948064
3016108,696.2159763972878
3016109,472.96955667736955
3016110,169.39530863914229
3016111,152.9018112753949
3016112,68.16663510708169
3016113,3274.7244927282454
3016114,6.729113265347341
3016115,0.4848765990882998
3016116,30.161647868138875
3016117,6.820924213471134
3016118,0.042212213333650134
3016119,158.29900555774196
3016120,0.0
3016121,31.922358068203575
3016122,3.774404984376162
3016123,12.109115425121088
3016124,0.8677322405285737
3016125,393.9077844128902
3016126,165.55584523861265
3016127,2.9367200846266432
3016128,1.3131579742954498
3016129,117.66987976794148
3016130,39.08373320395134
3016131,949.1397868394014
3016132,26.457480581007747
3016133,1.544765607070826
3016134,3.6827147671373868
3016135,0.0
3016136,4.850356225545644
3016137,2487.0779652767524
3016138,0.05607350308168692
3016139,453.7001016790344
3016140,9.309557137093906
3016141,894.1084146108235
3016142,789.8870000323245
3016143,143.47230305565756
3016144,120.56343299651166
3016145,118.87480311503342
3016146,3367.280368669454
3016147,59.1234303159221
3016148,1.6560246814782598
3016149,21.638153425735446
3016150,29.2216930309209
3016151,0.18146588886278686
3016152,208.76327252163202
3016153,16.371373693438077
3016154,21.214405146483273
3016155,1.655319375197286
3016156,101.59457232897843
3016157,10.583244139148874
3016158,212.97218363563758
3016159,176.27457830130237
3016160,10.393921164257442
3016161,13.232779360716556
3016162,248.99474176774643
3016163,57.20922246306947
3016164,2163.676238452946
3016165,0.0
3016166,11.316634188956515
3016167,7.879172930043393
3016168,0.0
3016169,3.0444511320144616
3016170,2238.077369461004
3016171,0.0
3016172,336.1978236433582
3016173,13.48294727518172
3016174,848.4276958622795
3016175,613.4645605862416
3016176,124.69057639139592
3016177,60.66840678847092
3016178,100.25356526876999
3016179,2901.2166612516244
3016180,22.56307184315796
3016181,1.6028507656520274
3016182,26.595776529226985
3016183,89.11887107077952
3016184,0.18253208235605226
3016185,252.5760146495098
3016186,11.338516035394514
3016187,12.473841627514787
3016188,9.3376319782936
3016189,118.0338310878202
3016190,9.47094059334576
3016191,119.94495834232946
3016192,240.57650786052972
3016193,7.611358840063838
3016194,9.733133435336422
3016195,103.38666297039833
3016196,46.86746319626927
3016197,1496.5020131980284
3016198,0.11918073106263717
3016199,19.66929949295095
3016200,6.817972299057008
3016201,0.0
3016202,2.1309047300284423
3016203,2978.8271657962314
3016204,0.0
3016205,575.372568263202
3016206,11.435029948298963
3016207,1498.3722952597589
3016208,520.3795896964208
3016209,177.31128635040798
3016210,194.6311418748018
3016211,57.407974626908704
3016212,4535.641276388945
3016213,37.339938243346715
3016214,0.559868544552609
3016215,9.008011225804848
3016216,10.46684573716381
3016217,0.38530867605879754
3016218,290.663836269277
3016219,5.74510920626337
3016220,13.784294007145395
3016221,6.162383221353339
3016222,64.80132897096668
3016223,2.5529928253589445
3016224,152.90320692106255
3016225,204.25133787939723
3016226,7.396149077624828
3016227,8.285605138142772
3016228,210.10886594502074
3016229,40.37813110200461
3016230,1306.431421834604
3016231,3.502663636649106
3016232,14.949339505024271
3016233,3.2730812599900587
3016234,0.10031767427088371
3016235,2.9463274101898493
3016236,1704.8470440237343
3016237,0.0029656584168942825
3016238,266.2045836945821
3016239,7.926837516554433
3016240,630.5732929742277
3016241,537.0176288726824
3016242,145.57377996667563
3016243,96.9994634273343
3016244,54.11819679176092
3016245,2384.7464912443356
3016246,17.216151333043726
3016247,1.148521084875515
3016248,8.150732771278491
3016249,14.582480889764337
3016250,0.5829625950983107
3016251,182.6922981670356
3016252,13.653413070769236
3016253,14.276502042126648
3016254,2.342778094386224
3016255,75.76416388313325
3016256,4.576018056488306
3016257,284.89938955969313
3016258,134.46336035733884
3016259,6.307988188208293
3016260,5.021037708992227
3016261,238.0557326753703
3016262,23.427119379166285
3016263,1377.2316568206224
3016264,0.0
3016265,13.350825603896267
3016266,3.913382859160575
3016267,0.13947858321863937
3016268,2.6800927753000674
3016269,3664.302626492593
3016270,0.0
3016271,327.9269059412002
3016272,7.9932295219586385
3016273,1411.486655808071
3016274,490.68605658980056
3016275,257.3852801425404
3016276,140.7057022640437
3016277,81.3093413358917
3016278,4518.621449234426
3016279,13.294508340893438
3016280,1.6690105630849064
3016281,25.98696348941498
3016282,20.76114146125975
3016283,0.2732717962574814
3016284,395.88434996195434
3016285,0.0
3016286,0.15613082796029498
3016287,9.943623566121685
3016288,19.02158203058845
3016289,1.7003192432502392
3016290,145.2526205824662
3016291,239.9791698608217
3016292,3.0061419944919705
3016293,10.067517042139134
3016294,154.9141904580518
3016295,45.334212410594795
3016296,903.939774656828
3016297,18.885297037417956
3016298,5.422857869232954
3016299,5.020008824403432
3016300,0.013732234396907163
3016301,6.167187825258058
3016302,2237.3033775730314
3016303,0.0
3016304,380.1480024232208
3016305,14.209499496925108
3016306,1406.5360703908527
3016307,588.8139327667483
3016308,204.5270953468344
3016309,114.80345117382701
3016310,139.21872382451474
3016311,3352.750555670758
3016312,33.00688769638129
3016313,0.9815034270566992
3016314,17.29942346633542
3016315,33.58386269768981
3016316,0.4650269341110397
3016317,208.16448664063034
3016318,14.278045664890168
3016319,18.248763456847154
3016320,8.414981186744836
3016321,112.36414833995467
3016322,9.856693395287854
3016323,176.80588774368948
3016324,365.9707120885086
3016325,11.441120299834564
3016326,7.206660129596029
3016327,168.90381409354544
3016328,41.262300213120476
3016329,1734.4016881946873
3016330,0.7687986383088016
3016331,6.536728284004122
3016332,2.5014543722991474
3016333,0.08334466180410857
3016334,3.439131857548038
3016335,2131.7577037901883
3016336,0.11255387555958417
3016337,383.81598649051125
3016338,8.73556361803208
3016339,614.5585514200105
3016340,695.715615421695
3016341,145.22047527394753
3016342,118.59810918022801
3016343,108.71022170744513
3016344,2719.539225001299
3016345,34.31163604187515
3016346,0.7689937339794055
3016347,19.824619539897302
3016348,22.246785376595408
3016349,0.3354359096561799
3016350,164.4089840746835
3016351,15.081976065052913
3016352,32.53622770740638
3016353,6.373407153080857
3016354,73.78171533437626
3016355,7.871177466171339
3016356,227.91051323588448
3016357,156.5492948739853
3016358,9.371280480308739
3016359,8.922006510856141
3016360,177.015267366999
3016361,43.771048826363156
3016362,1959.992907111687
3016363,0.0
3016364,11.02733677170663
3016365,2.624371786626694
3016366,0.16601482429940634
3016367,2.6112767881707137
3016368,4215.6675235438615
3016369,0.0
3016370,466.37888674976904
3016371,17.066266844985577
3016372,985.0122277153322
3016373,476.3134460423265
3016374,203.54142996306268
3016375,180.06201757638462
3016376,46.15665535565488
3016377,3878.611266809373
3016378,8.408899290026268
3016379,0.0
3016380,9.202529236567472
3016381,16.014452386177176
3016382,0.18381063229881275
3016383,187.17813705793705
3016384,0.0
3016385,9.633951577477884
3016386,0.28515591279105135
3016387,72.06828453564589
3016388,3.102928809904165
3016389,238.13991543061715
3016390,215.44636140953796
3016391,2.460466730051157
3016392,2.0806242055901656
3016393,208.4216601609213
3016394,144.32551059373412
3016395,1032.7405214429557
3016396,11.504899203897999
3016397,1.0119889265198685
3016398,15.477721988885417
3016399,0.0
3016400,12.56221755546679
3016401,6806.485393621297
3016402,0.0
3016403,1195.7059417643377
3016404,34.553197985969184
3016405,1941.809485501164
3016406,1696.8899975694278
3016407,405.59323571036003
3016408,422.39016514012616
3016409,347.3228782234628
3016410,6760.016710890135
3016411,89.59061241745276
3016412,3.6693136819294017
3016413,108.93821956551558
3016414,101.768672626391
3016415,0.0
3016416,503.68317367310084
3016417,25.279724938190007
3016418,17.67679317968919
3016419,19.33177901416409
3016420,369.31043581765385
3016421,25.63547927271522
3016422,628.7678398109132
3016423,282.0151680468262
3016424,32.14760554563402
3016425,25.89475441509219
3016426,764.5222159364483
3016427,219.11151845607458
3016428,5903.762866299217
3016429,75.34110883109055
3016430,55.46662489063974
3016431,11.109749389392272
3016432,0.0
3016433,8.204878054521636
3016434,5951.980378149469
3016435,0.0
3016436,873.8124288886863
3016437,31.086600300774936
3016438,1891.410521340269
3016439,1574.7377140288581
3016440,453.2493068189113
3016441,263.07032257367973
3016442,225.37272384973423
3016443,7517.980840102455
3016444,153.34534899619894
3016445,1.5218841580393259
3016446,25.22154338775437
3016447,70.86668382658705
3016448,0.5077926769606094
3016449,451.50129333401765
3016450,14.345821793441367
3016451,28.518156814323984
3016452,5.618766507830818
3016453,221.78432171029627
3016454,13.83867066605694
3016455,770.0632022759265
3016456,393.40772453988546
3016457,14.57876607687138
3016458,20.926695625287287
3016459,805.3845705114785
3016460,148.52237628942012
3016461,4043.4584330147427
3016462,145.68278581678499
3016463,48.97994053460641
3016464,10.339237593084498
3016465,0.0
3016466,11.62351391094084
3016467,4237.105752874143
3016468,0.0
3016469,651.0504952571116
3016470,13.895705351227335
3016471,1694.4108146354906
3016472,1170.3519587908943
3016473,537.6860256078082
3016474,110.43445896114437
3016475,176.95102741317228
3016476,6543.65189135431
3016477,47.10292169419172
3016478,1.6734922322943337
3016479,32.62256116451592
3016480,19.75990139488046
3016481,0.3611039350818529
3016482,431.71955572413754
3016483,14.199095024627992
3016484,17.58152934420861
3016485,6.997590194189256
3016486,123.97280859426102
3016487,7.335167705475151
3016488,786.5307008177025
3016489,402.80606903913315
3016490,17.381509890783846
3016491,41.645355885352615
3016492,462.4377196363093
3016493,77.22231202736442
3016494,1821.86108785141
3016495,71.30893381735049
3016496,29.104015389003344
3016497,11.773685408875172
3016498,0.0
3016499,10.223198055568545
3016500,5642.6412731112105
3016501,0.0
3016502,812.223772085227
3016503,22.88585546252669
3016504,1784.8435944666671
3016505,1526.0835031561671
3016506,473.22648189026233
3016507,235.7711141200657
3016508,176.25626421779188
3016509,7147.359512591002
3016510,51.86006580212099
3016511,1.8226818289174171
3016512,46.663026406298066
3016513,76.56293572840147
3016514,0.9029262402385406
3016515,466.0398701735723
3016516,25.837282996763946
3016517,26.68836605738177
3016518,5.11693985261578
3016519,201.73193977319315
3016520,11.589033486205718
3016521,640.6969450651164
3016522,355.3342278770702
3016523,20.331614779225465
3016524,16.771308883628695
3016525,750.4499198563129
3016526,119.58756378478697
3016527,3542.8998250599975
3016528,99.58549742518254
3016529,41.62278316036895
3016530,9.519120909789672
3016531,0.0
3016532,14.012448901140548
3016533,2777.023522149299
3016534,0.09573772559746849
3016535,546.6974306974926
3016536,16.230920607990583
3016537,1395.0156941417315
3016538,818.6606709938814
3016539,428.89465929419174
3016540,80.23943213606118
3016541,133.20959724185352
3016542,5453.962795014217
3016543,40.43508241196027
3016544,0.6880927357281433
3016545,14.641989533217673
3016546,40.24498025028866
3016547,0.6468334222176872
3016548,376.6650485135173
3016549,14.520515690896477
3016550,9.469857693383124
3016551,1.8054930831040503
3016552,119.32260428610671
3016553,3.01977558213969
3016554,661.0488794408071
3016555,367.16601983984896
3016556,15.036258945039295
3016557,13.09048530525643
3016558,609.631892595406
3016559,37.13135299877942
3016560,1171.7610661097594
3016561,85.33346662635135
3016562,11.9499253136179
3016563,9.708306041787482
3016564,0.0
3016565,6.210193538200705
3016566,4876.482480431837
3016567,0.0
3016568,870.6998249809155
3016569,24.67443616810937
3016570,1386.528338644005
3016571,1589.061815292014
3016572,343.97017977309275
3016573,368.90239871714516
3016574,257.95859401333644
3016575,5660.106817116132
3016576,76.93710632083106
3016577,1.8589395139398985
3016578,49.69438161437476
3016579,49.36428375865041
3016580,0.365558836297527
3016581,336.2529927188113
3016582,12.266152124675191
3016583,20.34326667965763
3016584,11.124720173390406
3016585,279.79743063723174
3016586,15.783373013125573
3016587,578.4982581247281
3016588,299.42199690941874
3016589,15.848071836384278
3016590,23.281276482637693
3016591,718.566243233981
3016592,120.2460948491953
3016593,5257.884564627567
3016594,64.76328514483814
3016595,50.22819399980929
3016596,6.511887279861586
3016597,0.04930538848308991
3016598,5.160878002578727
3016599,1580.7193145517633
3016600,0.0
3016601,279.4157734832303
3016602,23.30814143408686
3016603,921.7530156316818
3016604,456.5452047892596
3016605,191.36577098094185
3016606,67.62182527502074
3016607,85.36145769436399
3016608,2507.778307313871
3016609,52.105324915527696
3016610,1.5177572828355852
3016611,18.005366255466853
3016612,24.358095411029684
3016613,0.13091898251861858
3016614,185.44718917121003
3016615,11.7440532583208
3016616,5.123408547820946
3016617,9.793483093945449
3016618,57.229605865067555
3016619,7.24353048107309
3016620,198.04622094681662
3016621,164.61501256649495
3016622,1.9074460290836452
3016623,5.04270335390528
3016624,180.61591866020927
3016625,44.32660252904084
3016626,1255.0581729344765
3016627,2.5109314664592626
3016628,12.55201528851183
3016629,7.263617407359839
3016630,0.0
3016631,10.741443651896507
3016632,3373.075517553187
3016633,0.06941530296220028
3016634,402.62672733132257
3016635,17.434934956602188
3016636,1323.6633148910648
3016637,888.1278958313501
3016638,370.1504722215749
3016639,79.36767932469523
3016640,140.02988409779073
3016641,5069.890702994557
3016642,116.22130167856172
3016643,1.1967241485807871
3016644,55.953065796104944
3016645,63.567375806127124
3016646,0.7892169149597318
3016647,374.81608146940715
3016648,13.898398286765424
3016649,0.7994888410960768
3016650,2.8703112822795562
3016651,150.60517795733847
3016652,8.051019897487663
3016653,437.65668292837097
3016654,343.1572213852936
3016655,10.55498852033827
3016656,15.167967003727789
3016657,321.0046521377197
3016658,64.01366595131708
3016659,1600.7592673677293
3016660,77.96278406429502
3016661,18.207308675139675
3016662,8.504041150314896
3016663,0.0
3016664,3.520357758248236
3016665,3573.4655257441746
3016666,0.0
3016667,663.5975934149056
3016668,11.06160181792692
3016669,1103.4272741230595
3016670,1243.2727927285991
3016671,210.7861496445871
3016672,283.0126717958346
3016673,212.9033172916995
3016674,4074.5229403915773
3016675,40.487287716508504
3016676,1.3397199475805215
3016677,17.394437316783648
3016678,46.21639476231473
3016679,0.8394609451462206
3016680,264.5897041102974
3016681,3.783964961809232
3016682,34.01021760953199
3016683,5.108144991726332
3016684,140.43657879950138
3016685,8.103011315403894
3016686,476.41912582889023
3016687,196.90538548538453
3016688,16.25327574859514
3016689,4.865458318587387
3016690,434.1575023324493
3016691,96.00844750102466
3016692,4204.208876700932
3016693,24.013632872495194
3016694,33.2204371848989
3016695,16.907803032137735
3016696,0.0
3016697,10.39433978381829
3016698,5971.849661218587
3016699,0.0
3016700,1082.5291075005312
3016701,15.559831496098854
3016702,2262.5799200238403
3016703,1524.8154611409047
3016704,475.40865745049183
3016705,271.2977761321624
3016706,436.9708183183117
3016707,8223.703820161256
3016708,64.49617182457598
3016709,4.651714149683603
3016710,83.85280956900583
3016711,68.31387950402583
3016712,1.376163341257885
3016713,494.95070074127904
3016714,13.554992405353737
3016715,72.80899330444475
3016716,12.701169296596712
3016717,301.17511833949845
3016718,14.36066151870947
3016719,655.137592012836
3016720,475.37970542107183
3016721,19.89044895581547
3016722,38.17222448958387
3016723,636.0855953516005
3016724,171.3364401338415
3016725,6303.849276186806
3016726,28.447116127040594
3016727,13.654551334440502
3016728,7.826086814215323
3016729,0.038075087224766255
3016730,2.1135803124037085
3016731,1676.502933257776
3016732,0.0
3016733,357.210464001026
3016734,7.6481767021939175
3016735,695.8830892219722
3016736,389.31982007171126
3016737,188.06882928330367
3016738,74.100445658151
3016739,102.21596317823132
3016740,2522.575499505912
3016741,12.194132254697722
3016742,1.378085181184594
3016743,18.17494459157891
3016744,22.192056728131483
3016745,0.0
3016746,143.11541827533085
3016747,4.170104003363476
3016748,4.693633551974946
3016749,7.189200664380923
3016750,82.16600957994014
3016751,2.784798844950584
3016752,218.27505673195859
3016753,162.52855769949974
3016754,4.840223869175305
3016755,5.440231326361785
3016756,149.8544672900244
3016757,41.545057180787495
3016758,1429.7954115282134
3016759,0.7533962087472595
3016760,1.8803386621410327
3016761,2.4798378365263942
3016762,0.0
3016763,1.4742310352723063
3016764,2960.262058473501
3016765,0.0
3016766,160.2508022397791
3016767,2.988637723345208
3016768,678.2980678273185
3016769,169.0479910421817
3016770,164.2368979260035
3016771,55.70866389394642
3016772,27.13584440398202
3016773,2250.131782834714
3016774,6.780854189571362
3016775,0.34740112461888867
3016776,16.43043709505965
3016777,10.910853681741502
3016778,0.29127130698711745
3016779,156.57515646428723
3016780,0.0
3016781,0.0
3016782,2.6999395392010825
3016783,28.15066401363768
3016784,0.6149255575971577
3016785,62.489656724404746
3016786,109.43453200008169
3016787,0.0
3016788,0.40935076086413186
3016789,54.0592239559445
3016790,81.17107239016902
3016791,481.024724300643
3016792,4.293028109752832
3016793,3.4299748596677375
3016794,4.446140019235
3016795,0.15845022482739882
3016796,4.2293762693688866
3016797,2400.2549878456193
3016798,0.0
3016799,415.1104289040782
3016800,16.859064613734798
3016801,997.1941654501
3016802,695.90861149394
3016803,264.2706381153693
3016804,126.97384323335108
3016805,115.54792837268289
3016806,3720.5605388667345
3016807,38.62762826759973
3016808,1.1399254614615104
3016809,14.063038723215778
3016810,51.58309383129799
3016811,0.28238524969951206
3016812,257.9443713732144
3016813,15.057059935332967
3016814,8.494445745680439
3016815,7.612844797412116
3016816,80.34122075850658
3016817,5.5661214984322775
3016818,351.55980034230646
3016819,190.95282065500734
3016820,7.808361279681949
3016821,11.080761660874389
3016822,361.45463071757905
3016823,51.515045093530354
3016824,1718.3194246156495
3016825,0.0
3016826,20.363047719718825
3016827,6.452359191291017
3016828,0.051455877966246504
3016829,5.255052177901387
3016830,3442.083555542657
3016831,0.0
3016832,631.869980380884
3016833,19.38893956419334
3016834,989.8708082747663
3016835,1128.0282753049607
3016836,161.80160151553204
3016837,239.90269873240686
3016838,194.5984243836268
3016839,3477.306505651297
3016840,44.47448725600166
3016841,2.1895444712684196
3016842,29.067995364852532
3016843,27.55036915877845
3016844,0.642093659182406
3016845,203.79175333793174
3016846,16.030487629513445
3016847,36.817664387317095
3016848,8.432863732829487
3016849,175.73081132573313
3016850,10.831928918903698
3016851,383.11300509549335
3016852,193.68070291844126
3016853,8.982613421300535
3016854,11.905417240368886
3016855,516.5388992222802
3016856,97.82032920850757
3016857,4085.970711150982
3016858,0.45939872823411837
3016859,32.347291335704085
3016860,3.0146904705220963
3016861,0.24411611265617278
3016862,6.225260010228329
3016863,3330.1773021526137
3016864,0.0
3016865,650.3994617571184
3016866,24.964894899041887
3016867,988.328878177589
3016868,1101.4279037858955
3016869,214.02100267463905
3016870,234.59467345774823
3016871,127.81540119715254
3016872,3898.3766552524553
3016873,34.707905314298515
3016874,2.4438071969089172
3016875,24.565076840305938
3016876,39.32188303631457
3016877,1.2132790896809158
3016878,254.07371158290283
3016879,16.566397431130376
3016880,30.509736685659455
3016881,23.371253559447563
3016882,148.4881163152888
3016883,20.756055350599024
3016884,319.1807491057694
3016885,220.59878219306748
3016886,16.334483047190126
3016887,15.47666556614417
3016888,399.5393873050894
3016889,120.67262347641538
3016890,3097.8564293420895
3016891,0.521070984645092
3016892,28.084751201213187
3016893,15.363393992579038
3016894,0.33770430443463634
3016895,4.960983895372628
3016896,2205.848391544751
3016897,0.0
3016898,395.845563872296
3016899,16.201907439771933
3016900,1144.952652445876
3016901,559.9540750811515
3016902,400.27654174975964
3016903,125.68929363362003
3016904,67.90639806583643
3016905,4797.192504087933
3016906,16.738629161439547
3016907,1.5405680957527257
3016908,0.0
3016909,27.87870076622668
3016910,0.3026318008881388
3016911,330.81346464830864
3016912,14.6990484665454
3016913,2.7708917761845133
3016914,3.7098477577622853
3016915,48.674279356598895
3016916,2.2162276582434237
3016917,481.9331594614231
3016918,279.9409955933086
3016919,6.01673693104027
3016920,5.714669651861101
3016921,286.0134790244736
3016922,89.92552953681417
3016923,1065.0827938148552
3016924,33.649725632505366
3016925,15.755168138463816
3016926,7.358088348774167
3016927,0.0
3016928,3.245775080687913
3016929,2248.633266029019
3016930,0.06153239304726476
3016931,342.62777978949293
3016932,23.209950247098117
3016933,704.4095120754483
3016934,734.7946991057291
3016935,162.30697169631142
3016936,151.19573669838766
3016937,151.0358900108156
3016938,2648.040134632564
3016939,26.480632768678866
3016940,1.6245593949702803
3016941,23.75370529863421
3016942,24.61529569488984
3016943,0.804049372721393
3016944,164.27003690589942
3016945,12.096297721689359
3016946,25.746799303942737
3016947,7.6518809972876785
3016948,141.9069475430074
3016949,7.878111218791586
3016950,650.6188060360514
3016951,126.02005902562263
3016952,4.90748445378254
3016953,9.333476932215008
3016954,498.09357556208266
3016955,62.58909185990355
3016956,2286.388053204015
3016957,0.03460694778086614
3016958,41.402992829000375
3016959,1.1797007283673193
3016960,0.0
3016961,1.9302593686963274
3016962,967.2570453896006
3016963,0.0
3016964,62.92477482822036
3016965,3.386800137317967
3016966,616.0482782961208
3016967,171.69882537906915
3016968,252.55217534759007
3016969,18.4211410059894
3016970,20.555115528316048
3016971,1898.2944069305402
3016972,8.624275086249682
3016973,0.27909925219201537
3016974,10.66908002762655
3016975,6.660961219480984
3016976,0.1366631721975142
3016977,101.3409612193351
3016978,0.0
3016979,0.0
3016980,1.3486074300334672
3016981,19.768660724989843
3016982,0.0
3016983,116.60099351651098
3016984,103.69325258366048
3016985,0.5182619689733537
3016986,2.1830574391015394
3016987,119.25809824773923
3016988,13.925572840141736
3016989,196.67004345044074
3016990,0.36116571388580815
3016991,0.005730708649583271
3016992,7.418975134551794
3016993,0.0
3016994,2.015887403895473
3016995,4546.0976257576485
3016996,0.0
3016997,561.772501175144
3016998,14.07268014938108
3016999,1241.6896742803583
3017000,504.44373106916106
3017001,527.4692199654743
3017002,224.20128474799182
3017003,89.75063972432913
3017004,5760.674478331741
3017005,37.46022945245352
3017006,0.9812055189241298
3017007,13.763322914226588
3017008,10.395584931403182
3017009,0.1345248546862212
3017010,312.42972111769444
3017011,13.85934126439119
3017012,1.651394108649761
3017013,8.187305926672614
3017014,69.13733882449944
3017015,2.410267748241971
3017016,480.8678483244115
3017017,192.29949277502973
3017018,1.9249868952948561
3017019,8.001898253452932
3017020,478.4807063434611
3017021,95.60419336505632
3017022,1462.0297370314918
3017023,5.860116297447866
3017024,8.422108883624622
3017025,3.6406388842055937
3017026,0.006035074311309489
3017027,1.06009682345674
3017028,1429.8914550903417
3017029,0.0
3017030,137.91697196495585
3017031,10.464745032534447
3017032,731.8254702247121
3017033,331.0577111997988
3017034,246.6279095170342
3017035,29.36962435572108
3017036,40.066876699877994
3017037,2593.3206284477396
3017038,10.609348401446189
3017039,0.5352825434446645
3017040,16.27250516418931
3017041,14.227558572225721
3017042,0.47128597171791436
3017043,146.50872248128204
3017044,8.603864151439845
3017045,0.0
3017046,6.270882889769543
3017047,63.599310601947096
3017048,1.7119102099004717
3017049,116.62480152292933
3017050,123.32433359024554
3017051,1.030982950319891
3017052,5.424107974948923
3017053,167.3502259624291
3017054,24.314393858691204
3017055,307.54526658738695
3017056,1.141786630919054
3017057,2.6363172737672422
3017058,4.07656472771613
3017059,0.0
3017060,4.522012969931816
3017061,1454.0223830243885
3017062,0.0
3017063,90.25317064076044
3017064,5.897886387398518
3017065,638.3138151783646
3017066,206.51796657851838
3017067,165.97734761615013
3017068,46.89490302955895
3017069,31.029709444968567
3017070,2382.5782153746795
3017071,18.5369248392547
3017072,0.0
3017073,11.487107277618938
3017074,6.361765670754685
3017075,0.06057025729702562
3017076,111.66434033686362
3017077,3.086712340882685
3017078,0.0
3017079,2.92940217092827
3017080,63.11899284679443
3017081,0.7890242042554875
3017082,135.67368809205865
3017083,127.5810376694359
3017084,0.5773642256252455
3017085,3.875658496686863
3017086,83.6679695281228
3017087,8.882187631053117
3017088,161.8525441737362
3017089,0.7194075849140934
3017090,4.830240152417592
3017091,2.4698020129031675
3017092,0.0
3017093,2.7361982314174202
3017094,1272.8999718809548
3017095,0.0
3017096,120.36947230750653
3017097,10.665698215101832
3017098,1601.0925630660868
3017099,278.47785238312736
3017100,304.2534898721594
3017101,30.11787407777317
3017102,51.39530978452365
3017103,2767.0191157638
3017104,13.827427100646373
3017105,0.11255874257119984
3017106,0.0
3017107,23.791659681333606
3017108,0.022065868020385654
3017109,171.911675730783
3017110,2.431551145137178
3017111,0.0
3017112,3.0486341114236977
3017113,31.76950496867559
3017114,2.244802069425839
3017115,193.40428879006166
3017116,220.05967980613752
3017117,1.9386993859684711
3017118,2.8969914260372622
3017119,87.22796328029786
3017120,74.65743704840223
3017121,344.1805290333024
3017122,0.8004522551209071
3017123,5.345450252985015
3017124,3.546106663086585
3017125,0.9371536604252023
3017126,3.8698323014604012
3017127,1426.235159688619
3017128,0.0
3017129,133.79133142895705
3017130,3.816628879970915
3017131,861.912822129738
3017132,271.1390835388131
3017133,311.4521892934331
3017134,66.7028901603057
3017135,65.15568669811819
3017136,2267.6959027455596
3017137,12.329293646501725
3017138,0.7567530956712244
3017139,12.230624674554278
3017140,14.220592209386854
3017141,0.18355825931352027
3017142,179.10704753734584
3017143,8.695732390993486
3017144,0.0
3017145,5.099877376316789
3017146,42.051236368030246
3017147,2.605166935549497
3017148,127.85713993335351
3017149,133.5743257687686
3017150,0.11773503713135472
3017151,4.546970315884448
3017152,130.14259441797958
3017153,50.40014426662353
3017154,529.5111095079666
3017155,0.7972911372226172
3017156,4.353596606393044
3017157,3.9054673388427736
3017158,0.18911842111894303
3017159,2.006313904350853
3017160,1110.3777573902848
3017161,0.0
3017162,119.09247511024672
3017163,6.482745778589532
3017164,1454.4604393014088
3017165,200.23057904891164
3017166,143.74293765435897
3017167,90.55746496766425
3017168,39.82843359987282
3017169,1738.487787959788
3017170,8.98431481774439
3017171,0.3866574351592845
3017172,8.359792664072994
3017173,16.94112106569263
3017174,0.1580586641942879
3017175,120.4985927499735
3017176,0.0
3017177,0.0
3017178,2.456035237032732
3017179,38.1915992235418
3017180,1.187645014180254
3017181,45.560598114462564
3017182,99.77034324191779
3017183,1.1958566092304794
3017184,2.6529890357067134
3017185,66.63706416017182
3017186,29.044703487172455
3017187,464.71349224710883
3017188,12.005428899782931
3017189,1.7912385201440386
3017190,5.685917056394924
3017191,0.5852886630501614
3017192,2.719293236696108
3017193,2325.121069562547
3017194,0.0
3017195,207.96363658204768
3017196,7.45129394999224
3017197,687.7412539681607
3017198,489.2274531518847
3017199,541.5262937040957
3017200,129.2095147257991
3017201,90.27308903641331
3017202,3178.8478615680624
3017203,17.19024225010545
3017204,1.0667938164925441
3017205,19.814553226438054
3017206,3.508899154483441
3017207,0.15778316596742636
3017208,196.54006324189388
3017209,1.9253390986646846
3017210,0.0
3017211,3.6242195897649903
3017212,58.557646349552016
3017213,3.8304832268707325
3017214,199.15024904640927
3017215,155.40662271712105
3017216,1.509919767982999
3017217,5.257264976639687
3017218,307.129324212548
3017219,35.601293799273485
3017220,958.2247379754166
3017221,2.4368420046719548
3017222,12.226347363299087
3017223,3.4944226303542534
3017224,0.12300872847239683
3017225,2.4419467022438583
3017226,1559.682537154308
3017227,0.0
3017228,467.52047381687106
3017229,12.086256129070916
3017230,454.0669515575586
3017231,453.89669247393647
3017232,215.5177915753626
3017233,116.00918783725528
3017234,41.17235374026302
3017235,2013.738592339207
3017236,10.139012516004797
3017237,0.7551747452895133
3017238,9.217653566318154
3017239,12.865326991211965
3017240,0.21491205151746498
3017241,132.93852722401667
3017242,6.41723418465245
3017243,2.7136597655603123
3017244,3.216644293900453
3017245,100.89108908530618
3017246,2.5758084310505915
3017247,70.80678014698672
3017248,89.30579291439727
3017249,4.201457634161145
3017250,4.860889833864412
3017251,195.69332725062048
3017252,40.75359954766577
3017253,1072.4761827284553
3017254,8.684817162271266
3017255,10.260615423257965
3017256,4.100802549800597
3017257,0.2727928534729425
3017258,3.0128375176138773
3017259,2532.687945088941
3017260,0.0
3017261,115.09419853057452
3017262,6.643026720863486
3017263,795.7474713736018
3017264,251.53605119213472
3017265,260.72745643661415
3017266,45.44843100928759
3017267,40.79961819083199
3017268,2953.1816296596926
3017269,39.80896667392637
3017270,1.5621903322164596
3017271,12.697968725769561
3017272,13.209506892639084
3017273,0.3031087836770285
3017274,133.1845084566734
3017275,6.022924502554904
3017276,0.0
3017277,4.511466711874072
3017278,67.50063190731422
3017279,2.4261805661990277
3017280,113.47820868856567
3017281,168.6294083982399
3017282,1.111142534188441
3017283,2.3497856236121506
3017284,122.26592735624651
3017285,16.649753869524748
3017286,361.9927878014307
3017287,0.9087362168352215
3017288,1.5602440308195182
3017289,5.896020264090469
3017290,0.0
3017291,3.533269591434989
3017292,2929.47440091059
3017293,0.0
3017294,617.8921971768465
3017295,14.729097766382377
3017296,926.749933775818
3017297,830.4656497924599
3017298,237.10357014478137
3017299,182.98713684463476
3017300,122.95245112584286
3017301,3717.553468802763
3017302,42.40255363342768
3017303,2.154916090567197
3017304,20.803203473539142
3017305,27.820987558973957
3017306,0.6702058582978871
3017307,222.3075687843258
3017308,18.146913412217216
3017309,15.346218192898414
3017310,4.755601743400099
3017311,130.16029301584393
3017312,9.417750906711486
3017313,1246.5951170577837
3017314,196.51230168212214
3017315,10.698793039441542
3017316,10.157354646373292
3017317,614.8327024562772
3017318,72.59974848235044
3017319,2002.134117150957
3017320,0.0
3017321,43.631934563194825
3017322,6.4221889946742055
3017323,0.0
3017324,2.3890268940391146
3017325,2440.4992266951162
3017326,0.0
3017327,318.9056493443155
3017328,9.843078044447726
3017329,1075.5210988992937
3017330,421.7703971214915
3017331,894.7342449392931
3017332,73.6527157805986
3017333,67.66344428595879
3017334,4059.7456174998642
3017335,15.160072321839495
3017336,0.2739582850446442
3017337,25.869236756421724
3017338,13.447471979749341
3017339,0.010028590338391685
3017340,237.54338565652213
3017341,1.8026136949586589
3017342,3.8997350285438217
3017343,3.3732399731952523
3017344,73.33432406231361
3017345,0.6480021476726627
3017346,221.58434231145367
3017347,179.17390622417605
3017348,3.3732676414423985
3017349,2.0599688524869606
3017350,479.90438720509104
3017351,39.26927761744657
3017352,567.4501234431415
3017353,12.670473900409593
3017354,8.529059371020804
3017355,7.4652604958165405
3017356,0.0
3017357,3.779544737979064
3017358,2413.0517338302748
3017359,0.0
3017360,331.95101351047487
3017361,7.027793132431923
3017362,1439.6497525539635
3017363,407.5080903506096
3017364,292.9244069363117
3017365,173.5740760124372
3017366,136.10027927641968
3017367,3118.3432468973274
3017368,15.149491686034375
3017369,0.4618634143734766
3017370,33.13167184576482
3017371,23.521923121380716
3017372,0.3704433538743374
3017373,213.32096108270622
3017374,4.535966254747134
3017375,0.6284441410584941
3017376,15.555853911218303
3017377,146.8425034510094
3017378,1.146522886953455
3017379,88.02332490770273
3017380,198.32677610470955
3017381,1.950359871348015
3017382,1.6145058724241799
3017383,145.00054903695207
3017384,149.80265168576335
3017385,1017.9428331733806
3017386,13.968472390582484
3017387,5.167206502536666
3017388,3.3461966623758936
3017389,0.02282490860130798
3017390,2.884443393007169
3017391,1507.806997846131
3017392,0.0
3017393,129.39847348639955
3017394,5.473545870032112
3017395,572.7678202906553
3017396,268.8254932918487
3017397,136.9601115126101
3017398,52.14557074434124
3017399,68.00938085347188
3017400,2192.5243505787193
3017401,14.898986718727269
3017402,0.4625792261573648
3017403,17.734666620457975
3017404,15.61269073803546
3017405,0.0
3017406,142.57098767859165
3017407,3.9470973738812267
3017408,0.0
3017409,4.412824693759667
3017410,106.11485325177912
3017411,1.3234939836683168
3017412,94.90556807975454
3017413,126.29939199852129
3017414,0.7717740978779145
3017415,3.5826465390123756
3017416,251.24314514891492
3017417,19.492529180088955
3017418,457.65671342609653
3017419,1.4336160230189112
3017420,2.616603870317128
3017421,2.034110361206163
3017422,0.0
3017423,0.6001487989444758
3017424,1346.4497290158376
3017425,0.0
3017426,257.875022384696
3017427,11.61381598809155
3017428,515.51058121016
3017429,519.8674099279308
3017430,139.49892499418408
3017431,54.528327052925675
3017432,85.18440095894391
3017433,2137.209310817054
3017434,34.434226695763535
3017435,0.6278029773106267
3017436,17.40760105551853
3017437,16.723249252926117
3017438,0.12039992300984471
3017439,106.2035786632216
3017440,7.722071765150476
3017441,1.3892557041738036
3017442,3.1952452826596325
3017443,99.75044381740273
3017444,5.239917887821479
3017445,476.3911380148867
3017446,125.72510175686048
3017447,3.983031470161977
3017448,5.472150249600997
3017449,409.07788076156584
3017450,39.08481530947668
3017451,1175.5403362767727
3017452,0.0
3017453,10.61536996255113
3017454,3.450738003746471
3017455,0.1372226345260809
3017456,3.229984299182651
3017457,3844.1107656926974
3017458,0.3908780748155178
3017459,771.7876658367833
3017460,23.686222714347203
3017461,1219.3015798175713
3017462,1320.382346442963
3017463,320.8398019688993
3017464,261.26387807697495
3017465,212.25444306572945
3017466,4432.634410474675
3017467,41.08175149560471
3017468,1.5828904890847024
3017469,16.894511664517047
3017470,30.946952154108317
3017471,0.40405245618635455
3017472,257.850533324766
3017473,11.588805768414543
3017474,48.98070279572619
3017475,10.2447951751952
3017476,148.40137605770116
3017477,16.199664143713907
3017478,704.941233286574
3017479,244.9803431153447
3017480,16.19057059477474
3017481,11.158645937997509
3017482,810.4083521914368
3017483,124.17832623115306
3017484,3595.4411666343444
3017485,3.139106409694323
3017486,42.39906680202143
3017487,2.4946036664885205
3017488,0.10452149076794968
3017489,4.546844186108746
3017490,3139.740028560396
3017491,0.0
3017492,457.58958871890223
3017493,6.904223580587489
3017494,560.9276084204165
3017495,774.5750413639872
3017496,191.1336003437523
3017497,175.3641921711128
3017498,156.99139508142943
3017499,2317.8882599955964
3017500,26.86452647765588
3017501,1.3375034386398776
3017502,15.722934141386279
3017503,24.409304298491286
3017504,0.19286866587334078
3017505,124.0687248328638
3017506,0.0
3017507,33.30405561747418
3017508,5.198524568340076
3017509,322.5099421462543
3017510,13.668690261114056
3017511,403.0601311711559
3017512,115.61750134351944
3017513,6.739588677703815
3017514,10.236478624374856
3017515,300.74251466799285
3017516,46.67521186937891
3017517,2207.696793306266
3017518,0.9196007997426615
3017519,10.910206258401837
3017520,3.645283528500804
3017521,0.0
3017522,0.5548504905196916
3017523,1132.7828202099536
3017524,0.0
3017525,223.33034091580333
3017526,5.990376687484798
3017527,401.8934853448023
3017528,239.31470943833966
3017529,103.62466228338666
3017530,37.6317509358355
3017531,34.778540209727424
3017532,1604.2037298029336
3017533,13.186191993607506
3017534,0.8571242495502462
3017535,9.748980919281722
3017536,9.209519054362627
3017537,0.29060303427486306
3017538,72.644749042473
3017539,0.42685115626382514
3017540,6.290758642926518
3017541,0.7566207002278479
3017542,39.650904631789
3017543,0.4704816176141465
3017544,425.1937882770353
3017545,142.2214157963951
3017546,2.638210856596824
3017547,0.9896123387839303
3017548,210.14477563463782
3017549,26.401687973219094
3017550,468.8448109449701
3017551,1.4270345890023406
3017552,2.270551989685085
3017553,5.514132056379287
3017554,0.11803754107972717
3017555,0.8432215532850913
3017556,2847.7214530961037
3017557,0.0
3017558,500.1563233099774
3017559,20.474849326512782
3017560,778.1256812016172
3017561,843.1018950824136
3017562,329.3071480296812
3017563,243.55381549085612
3017564,167.67331040721766
3017565,3451.268405861197
3017566,23.128756561479534
3017567,2.6820941172404247
3017568,25.582249791270627
3017569,20.03503973301278
3017570,0.23632305557986238
3017571,205.28073588488937
3017572,2.8763389184232655
3017573,33.41099675846468
3017574,6.947702592471444
3017575,214.9686648936225
3017576,4.229872150105979
3017577,411.1672887664869
3017578,170.50584658883685
3017579,10.868336969624727
3017580,7.080927004642829
3017581,472.6321570931421
3017582,72.56445996338613
3017583,2237.539575198536
3017584,4.458909918540224
3017585,18.563350339099223
3017586,7.45500349788737
3017587,0.0
3017588,1.9467721152157267
3017589,2520.869643100795
3017590,0.0
3017591,499.7001036262495
3017592,16.95629571226657
3017593,957.1953213622951
3017594,652.5269112940771
3017595,421.9227961683617
3017596,204.78441371075544
3017597,72.4953926016225
3017598,3691.4555983459086
3017599,13.740409932137023
3017600,1.134342617497128
3017601,32.56923409357009
3017602,15.409183923927161
3017603,0.5675312923315339
3017604,203.91707956813303
3017605,0.0
3017606,6.083882144604406
3017607,6.551464647573277
3017608,95.81050470402784
3017609,0.6929905054950202
3017610,112.57765197613537
3017611,214.24611740159597
3017612,4.110115346909458
3017613,2.5997235722652765
3017614,218.44806434451598
3017615,77.48327200191822
3017616,950.6995472869229
3017617,13.207796016958058
3017618,0.7594014129575658
3017619,4.437871601022809
3017620,0.0
3017621,1.929478041119294
3017622,2248.2649427509937
3017623,0.0
3017624,462.89557728786224
3017625,14.997086117346935
3017626,796.211148025865
3017627,494.95455414239495
3017628,299.915564930274
3017629,142.3420773177455
3017630,76.47724232290356
3017631,3051.457658794727
3017632,13.131419765022995
3017633,1.3700320271866953
3017634,23.445429681022333
3017635,8.966749726174152
3017636,0.018442397788555314
3017637,198.4748593087673
3017638,0.0
3017639,5.920890452388879
3017640,3.5908387632425476
3017641,151.83819316028692
3017642,1.628489925697708
3017643,89.30431311133512
3017644,183.83215140476491
3017645,2.889144438679217
3017646,2.7536601368223153
3017647,222.31394809263105
3017648,51.76541555263047
3017649,675.9584352018297
3017650,10.184359042928495
3017651,4.401950118441331
3017652,11.241521244665572
3017653,1.699929740303571
3017654,11.132104590628694
3017655,7837.4979930546215
3017656,0.0
3017657,1168.899208632085
3017658,59.629321859197276
3017659,1840.0370175065038
3017660,2098.87290550564
3017661,417.9595074127872
3017662,505.94528322531124
3017663,399.8406120669441
3017664,7767.214590936457
3017665,95.07837482657473
3017666,2.7076184673140036
3017667,47.106030059885946
3017668,54.79616068041474
3017669,1.4521486583749759
3017670,460.53449916543315
3017671,28.290623695715375
3017672,68.1865321122241
3017673,18.1521823729558
3017674,373.44597954510596
3017675,33.573788987172435
3017676,1407.4941823209856
3017677,416.1896617476222
3017678,15.81951343135612
3017679,18.68274814981903
3017680,1572.6904252485713
3017681,225.22859330113005
3017682,6784.413703227936
3017683,0.8513668041942815
3017684,121.23322902141568
3017685,3.3718344772442883
3017686,0.3278270480491853
3017687,1.1141713473132966
3017688,1233.7845209109282
3017689,0.0
3017690,125.9383679134174
3017691,4.875177073817925
3017692,1344.7007792364975
3017693,223.75819440432787
3017694,142.8434199159613
3017695,106.22484784294663
3017696,51.08115970538213
3017697,2007.1493891387015
3017698,6.103076680734213
3017699,0.6636936896267385
3017700,10.955984868100295
3017701,6.520059599736344
3017702,0.4240007170622937
3017703,148.43725051342133
3017704,0.28870655881898727
3017705,0.0
3017706,3.890510396687644
3017707,87.20776724868368
3017708,0.49900499429685674
3017709,46.769724459225195
3017710,84.72309116203057
3017711,2.4494057538695087
3017712,4.31862678403235
3017713,130.68862967022415
3017714,16.060548886489656
3017715,382.8968514712679
3017716,7.277320434957317
3017717,4.077912038935208
3017718,6.78507138441891
3017719,0.6522783742948388
3017720,2.5102196921343127
3017721,2971.2564108042534
3017722,0.0
3017723,447.91818364755056
3017724,12.703975596899797
3017725,1152.3955707547702
3017726,555.3656858031546
3017727,277.9959606604849
3017728,292.5133685123397
3017729,112.23490088305257
3017730,3998.98865908187
3017731,12.12434504226851
3017732,0.4636809107783117
3017733,26.559223763680816
3017734,16.536819568619748
3017735,0.0
3017736,262.09449704450304
3017737,1.9984029131089276
3017738,2.08391532265566
3017739,7.684287511594842
3017740,20.122835469583674
3017741,2.2746150894612915
3017742,324.83896962326907
3017743,202.44371797444018
3017744,4.78375963693448
3017745,6.099079821758925
3017746,160.9053189287164
3017747,53.00094640434974
3017748,1200.1890792078395
3017749,10.53000764854127
3017750,3.6909557618754807
3017751,0.9042836546796914
3017752,0.0
3017753,0.6903647733936933
3017754,656.3263944799032
3017755,0.0
3017756,94.03081452112308
3017757,2.6712938621241937
3017758,860.7424051175107
3017759,116.4381629564058
3017760,146.18534178481718
3017761,171.86550810721553
3017762,13.227993196400199
3017763,1154.507673953346
3017764,3.464048475785154
3017765,0.36686886641129246
3017766,8.966697652427252
3017767,2.347562735301041
3017768,0.20837630632334883
3017769,67.94062212708472
3017770,0.0
3017771,0.0
3017772,0.8005277509680911
3017773,87.55450826175071
3017774,0.09156624525756588
3017775,58.18675962068892
3017776,54.72467069618232
3017777,0.8529161538554201
3017778,1.197548076542727
3017779,73.6205166729892
3017780,8.59716924513423
3017781,165.77805164156723
3017782,3.7291407255101268
3017783,2.2672630471561406
3017784,7.720162970454794
3017785,0.0
3017786,2.8732678112095016
3017787,1566.68327449921
3017788,0.0
3017789,163.86532780268521
3017790,3.918853702047537
3017791,687.7043406680394
3017792,306.460757683643
3017793,194.67343644278324
3017794,122.37634515141906
3017795,99.23031175279935
3017796,2550.168383093332
3017797,3.3566666636742424
3017798,0.47042952805836097
3017799,17.907802636443456
3017800,15.381151349828896
3017801,0.30034272243941285
3017802,161.2384453002359
3017803,0.0
3017804,0.0
3017805,12.862142585318526
3017806,58.770174267954474
3017807,1.8447987360014872
3017808,192.29970875880534
3017809,144.9113165075596
3017810,2.1057362247305926
3017811,3.7028543081280856
3017812,278.08472074814733
3017813,22.92936624527025
3017814,1038.824487154068
3017815,7.023689868156303
3017816,1.2533704597889275
3017817,3.136395885598151
3017818,0.11508030592366852
3017819,1.582233420219513
3017820,2177.779807289816
3017821,0.0
3017822,595.7079137298716
3017823,9.44052644939096
3017824,872.7007878954108
3017825,553.5712826892031
3017826,253.4954097327058
3017827,119.87016141977463
3017828,68.62774400606989
3017829,4039.4603788265185
3017830,6.82129775366693
3017831,4.9765485978017585
3017832,28.977523729392278
3017833,36.4338095593797
3017834,0.26119493909806035
3017835,194.49689590868547
3017836,1.9830146508117823
3017837,5.49043424655223
3017838,3.6215963021127195
3017839,61.023911263585845
3017840,1.7330338785208816
3017841,165.6803610068419
3017842,228.22312698519582
3017843,3.7885375265751846
3017844,5.814968049499116
3017845,166.83713752603083
3017846,36.6500191739438
3017847,563.360063712094
3017848,14.399937444088133
3017849,2.4573332297347776
3017850,5.202766198694037
3017851,0.07129779885807658
3017852,0.6214302663929419
3017853,1369.9165120798057
3017854,0.0
3017855,83.18195291697626
3017856,4.185640100991119
3017857,445.388221369969
3017858,160.12027100046373
3017859,117.6943197640691
3017860,159.44196352721377
3017861,56.36264448063125
3017862,1739.1910099197155
3017863,6.226299308216276
3017864,0.37662151731901683
3017865,13.311586790798502
3017866,9.481868075908489
3017867,0.0
3017868,100.739486315774
3017869,0.0
3017870,0.0
3017871,0.8447845771899022
3017872,50.586079415620326
3017873,1.0702708166539854
3017874,163.53983999208768
3017875,87.2677114462253
3017876,0.5481130570929809
3017877,1.11067167720027
3017878,76.4826484136404
3017879,19.900194915187708
3017880,320.90789259603366
3017881,5.2716495923856685
3017882,0.7462020333653192
3017883,5.834413395446079
3017884,0.0
3017885,1.531993111968062
3017886,2843.7873504067525
3017887,0.0
3017888,414.9475199146269
3017889,8.430901189454358
3017890,748.5838303726529
3017891,470.46747141993643
3017892,221.81251299618987
3017893,130.08626133814786
3017894,97.57711757773635
3017895,3294.883967722556
3017896,8.093381687650167
3017897,0.838438358806718
3017898,33.561335308348845
3017899,6.971023951207461
3017900,0.1412580421259926
3017901,172.75577216669444
3017902,0.0
3017903,43.529613902801536
3017904,3.468719441053378
3017905,44.16921975985244
3017906,1.1803103697661965
3017907,185.15065501786262
3017908,154.37101358688693
3017909,3.092305832431314
3017910,1.9470175430795313
3017911,128.24352469230982
3017912,37.79142922435147
3017913,996.1289809241705
3017914,28.720387567028904
3017915,1.7576708311083284
3017916,3.4179756736750107
3017917,0.04833503836399098
3017918,4.5369265333027755
3017919,2879.686456045021
3017920,0.0
3017921,511.6357317283984
3017922,10.544072290542612
3017923,976.7205981382355
3017924,904.6542128652144
3017925,173.70622120116758
3017926,139.182881920075
3017927,154.17376844618488
3017928,3639.975562702691
3017929,62.40307228294851
3017930,2.2248458650929885
3017931,31.193382447852844
3017932,21.88568143872278
3017933,0.2520761315341097
3017934,214.3124702632741
3017935,15.573624351903128
3017936,26.68307090929689
3017937,2.120733362960328
3017938,154.8755505797698
3017939,10.242672818612046
3017940,332.8616080350111
3017941,191.34135302821812
3017942,10.093395990029096
3017943,15.355535467148977
3017944,320.068229142791
3017945,81.43851795157771
3017946,2477.6398504668764
3017947,0.24217172239833673
3017948,17.246974536174424
3017949,8.6277194436057
3017950,0.0
3017951,2.877154386702018
3017952,2320.863726426785
3017953,0.0
3017954,363.3048461295091
3017955,16.238563545739922
3017956,1023.0388870741363
3017957,768.9471310104283
3017958,169.6376105541431
3017959,77.22341924154664
3017960,118.65143441483698
3017961,3318.9694841024348
3017962,25.12089889700874
3017963,1.4342435957483695
3017964,28.862353949815382
3017965,95.49994589779655
3017966,0.1515529208031176
3017967,282.11645507264336
3017968,15.381628054337595
3017969,16.836510426019913
3017970,9.64591975353643
3017971,139.01879066728057
3017972,11.058697379784428
3017973,220.33566963775087
3017974,284.4156819101301
3017975,7.891725775314832
3017976,8.948763629685274
3017977,180.40254483439335
3017978,66.2290206978282
3017979,1764.125217047962
3017980,0.24974489561098764
3017981,21.05010647998704
3017982,7.740166640744732
3017983,0.0
3017984,2.066153186866286
3017985,3149.5744758091546
3017986,0.0
3017987,619.2269109223788
3017988,10.713354604232684
3017989,1578.2534110699385
3017990,539.9638866088579
3017991,213.27078521224158
3017992,215.83590492670936
3017993,79.63457481355289
3017994,4745.555726908974
3017995,37.08016248410824
3017996,1.0292329161472253
3017997,21.4461399568663
3017998,12.013285540197826
3017999,0.1241397757756773
3018000,300.847476458351
3018001,6.180855334339933
3018002,17.99147637387821
3018003,8.594916717733012
3018004,91.05395324845823
3018005,4.211521233636594
3018006,177.10255097552488
3018007,194.6833114453526
3018008,7.1479061196495675
3018009,9.757673707983836
3018010,283.60644911739575
3018011,48.01797808298778
3018012,1408.490986328646
3018013,2.8423396777482117
3018014,17.09028264685634
3018015,3.8605432805018842
3018016,0.17339782029838507
3018017,4.476660620072324
3018018,2370.0059795018306
3018019,0.0
3018020,321.79656898487264
3018021,10.326397629147564
3018022,818.4573642475093
3018023,658.3109935960974
3018024,208.00180069587682
3018025,129.34876478215293
3018026,92.22767286494334
3018027,3165.977495397873
3018028,21.423342551071933
3018029,0.8593697392869634
3018030,16.654696895514306
3018031,8.647823588175129
3018032,0.5621982001620364
3018033,208.07655815604176
3018034,15.251054112959409
3018035,25.95859359945053
3018036,2.12227920070153
3018037,134.64001454812936
3018038,7.375748211392988
3018039,591.097063776336
3018040,177.66939320907233
3018041,6.098621557654631
3018042,7.579728911938414
3018043,475.2079122924279
3018044,38.21728291556489
3018045,1696.9551889286192
3018046,0.0
3018047,26.010160549008436
3018048,3.864243280002354
3018049,0.029508020497700557
3018050,2.820636598892689
3018051,4224.244357487873
3018052,0.0
3018053,319.22648027232583
3018054,12.8694566219984
3018055,1570.8873130740062
3018056,476.9791133683006
3018057,368.01220967910115
3018058,145.80037266838573
3018059,92.88229185386545
3018060,4668.240054613222
3018061,14.320254446588649
3018062,2.0975129015814216
3018063,23.729513636617394
3018064,22.89939957923058
3018065,0.3062486079746087
3018066,361.03351063435633
3018067,0.0
3018068,0.36099762854452905
3018069,8.275115557753377
3018070,73.30168362902579
3018071,1.9049978400913097
3018072,125.15201500394481
3018073,245.8342695586452
3018074,4.203763315722407
3018075,8.747462283250712
3018076,251.0423369103997
3018077,45.66294703466914
3018078,925.1932104623531
3018079,15.651599478723027
3018080,5.729317222208275
3018081,6.873721202019413
3018082,0.026474098595221228
3018083,6.923796190503984
3018084,2408.3631384604905
3018085,0.0
3018086,428.0918207383187
3018087,15.517131506931115
3018088,1651.0302553243255
3018089,683.2874463028332
3018090,250.30179588783994
3018091,130.86997905653868
3018092,200.0368163200452
3018093,3726.8506899561053
3018094,33.506386423672744
3018095,1.201195112272834
3018096,25.72252487595486
3018097,30.429628710277424
3018098,0.7237435957790083
3018099,231.41141600584106
3018100,15.000107932746934
3018101,18.764144543030813
3018102,9.718402820434056
3018103,160.03113402967335
3018104,12.686971875858081
3018105,337.4908539264988
3018106,387.64288040741224
3018107,13.687948450781604
3018108,7.868905107306145
3018109,239.63743041744956
3018110,50.061706153951704
3018111,1964.0761652191225
3018112,0.0
3018113,6.794071191091024
3018114,2.4129428533766744
3018115,0.16373955951520547
3018116,3.313125411615994
3018117,2531.562004922486
3018118,0.1277238542539247
3018119,434.9174833380252
3018120,12.794070756377653
3018121,709.1552263747213
3018122,827.4542523473624
3018123,197.01209139576866
3018124,141.59549949317298
3018125,136.71825973672094
3018126,3052.25274233324
3018127,37.410247886621605
3018128,1.0474014285367796
3018129,23.433927857636423
3018130,19.299659228503906
3018131,0.10298961356612926
3018132,171.60701994774467
3018133,15.409317362222993
3018134,42.41186081632785
3018135,6.341828160933901
3018136,105.39377414530541
3018137,8.89395866730882
3018138,327.46436468478896
3018139,164.72141376565776
3018140,9.705592396350157
3018141,9.96048228058583
3018142,280.51501872557577
3018143,54.065083024836234
3018144,2265.3560421528223
3018145,0.0
3018146,16.879271518078014
3018147,3.4693558045688286
3018148,0.12059253588116242
3018149,3.7202777732469485
3018150,4637.476667162781
3018151,0.0
3018152,467.7074539222474
3018153,22.42202565552662
3018154,1120.8269735501697
3018155,503.3375709441188
3018156,280.8808003151067
3018157,181.64833471440258
3018158,69.16097325716196
3018159,4228.204490215414
3018160,10.684946944782086
3018161,0.0
3018162,12.853703309709733
3018163,15.594569589195736
3018164,0.10475947159628303
3018165,202.94576446284603
3018166,0.0
3018167,10.12885759402134
3018168,1.045182006451766
3018169,110.36472054369183
3018170,4.916162586502753
3018171,196.84845822638457
3018172,229.98534116292487
3018173,2.341710773316612
3018174,1.8571662234857946
3018175,296.84800939678905
3018176,124.04884435024775
3018177,1073.9416735480881
3018178,16.871708183343962
3018179,0.716328936404478
3018180,16.68616891053955
3018181,0.0
3018182,17.691815089652128
3018183,8987.98288034783
3018184,0.0
3018185,1631.7110806479818
3018186,42.65335622637131
3018187,2391.764339004787
3018188,2474.230531445267
3018189,674.8525559382639
3018190,643.3271609849157
3018191,479.6455684066715
3018192,9297.983196455985
3018193,105.58634384613653
3018194,4.260605843833607
3018195,105.90195884972981
3018196,106.4596106276759
3018197,0.8069526014862587
3018198,640.1572663933251
3018199,28.046398720620207
3018200,28.038693729351355
3018201,18.802676742455052
3018202,548.6898021370797
3018203,31.50708618540203
3018204,1525.8514116876408
3018205,399.28461748471227
3018206,33.178719190825625
3018207,31.71603992255076
3018208,1654.0443447380687
3018209,204.51548711026413
3018210,7798.855631393779
3018211,80.46982913334821
3018212,120.11219686038704
3018213,12.114574948756914
3018214,0.0
3018215,8.747154812623888
3018216,8503.37596756898
3018217,0.0
3018218,1247.657757767575
3018219,40.70670924533315
3018220,2570.8664883926194
3018221,2235.3220938982486
3018222,798.3551672388164
3018223,397.6266591669854
3018224,402.1695890527329
3018225,10248.291552047358
3018226,174.88682283876835
3018227,1.6871105737004568
3018228,33.34836186075434
3018229,100.31645814720693
3018230,0.72743130847578
3018231,607.1975932264552
3018232,19.54463533946379
3018233,45.68197738610547
3018234,5.878668663474296
3018235,365.6448790389286
3018236,20.547230221293702
3018237,1915.9304811836887
3018238,540.7712640547948
3018239,20.576067103451738
3018240,26.444312643468272
3018241,1758.1302279744332
3018242,225.32528316354768
3018243,5495.936114445205
3018244,165.38356447182176
3018245,119.0387184889653
3018246,10.20263051572722
3018247,0.0
3018248,13.49964817794477
3018249,5371.04565494605
3018250,0.0
3018251,788.9452860371617
3018252,19.6680843782855
3018253,2077.534563946774
3018254,1461.782932678022
3018255,729.8807145836901
3018256,141.38221359054404
3018257,254.20804754040998
3018258,8395.544206241168
3018259,47.806858343038336
3018260,2.704945611150618
3018261,44.29935489262737
3018262,26.556960132965262
3018263,0.4385386425374133
3018264,505.7633908686253
3018265,14.838232960671093
3018266,26.23448731411527
3018267,6.718575856818299
3018268,182.08839609648214
3018269,8.402586926156452
3018270,1838.0306138201993
3018271,537.4363900773146
3018272,17.87232290063314
3018273,44.439585339569696
3018274,1000.7552475967062
3018275,118.53909850512117
3018276,2220.7696435023277
3018277,71.58979810200968
3018278,50.584344469495235
3018279,13.602272866343025
3018280,0.0
3018281,12.85821726544112
3018282,7494.055816227607
3018283,0.0
3018284,1106.8419622876409
3018285,32.57613206584424
3018286,2185.946651497814
3018287,2014.960838757754
3018288,759.7647935900203
3018289,348.2474721410491
3018290,274.2666781045475
3018291,8975.167729965306
3018292,69.5767434951889
3018293,1.9725369944507156
3018294,50.31651620442166
3018295,84.14350236978368
3018296,1.615680835665145
3018297,546.6393193943474
3018298,25.51763836348323
3018299,38.40380784767023
3018300,5.249740856137864
3018301,325.5251692067457
3018302,15.606738508371249
3018303,1740.2362494795925
3018304,465.01907744082695
3018305,18.902436173475202
3018306,18.966018127897193
3018307,1503.7720621676042
3018308,172.25803061004646
3018309,4633.163571874784
3018310,106.65111630489548
3018311,83.13833591042635
3018312,10.572285589293365
3018313,0.0
3018314,14.913136634704781
3018315,3614.268472910258
3018316,0.048919184547654704
3018317,685.1236655783374
3018318,22.649878227304896
3018319,1695.8649367018843
3018320,1005.3162914243059
3018321,610.4068091423793
3018322,103.84300638670682
3018323,183.83288903438086
3018324,6612.358057089705
3018325,42.446469393575725
3018326,0.8432606424871497
3018327,28.6678246463845
3018328,41.24138450469229
3018329,1.1884702873794437
3018330,449.70868839022563
3018331,13.50339652078396
3018332,9.92497675037762
3018333,1.6170754691198472
3018334,177.6486173589174
3018335,4.327163493247096
3018336,1614.3540661275006
3018337,440.8825400021421
3018338,18.13735265993275
3018339,15.796213322463544
3018340,982.2663407267886
3018341,56.542179344909485
3018342,1438.0767933019656
3018343,87.92633332813108
3018344,28.87246376547206
3018345,11.248974920038018
3018346,0.0
3018347,5.936745382901453
3018348,6759.492449257793
3018349,0.0
3018350,1207.7535178693583
3018351,38.77879353442695
3018352,1809.408863268728
3018353,2222.787014682086
3018354,533.4941129090953
3018355,532.9767257970758
3018356,426.6876899895317
3018357,7487.022420098165
3018358,88.00719614921398
3018359,1.191339983556668
3018360,52.83136659761097
3018361,60.88541131648937
3018362,0.5612574464095306
3018363,427.2820967346637
3018364,15.215898732471224
3018365,38.441782169153186
3018366,21.270383226445652
3018367,434.22724081255035
3018368,21.210434271936727
3018369,1465.4970382384608
3018370,400.51542606322465
3018371,20.17056035673348
3018372,29.63753886528688
3018373,1479.9700905523716
3018374,210.74938422502072
3018375,7026.668236387873
3018376,73.63275018391708
3018377,108.67180009216666
3018378,7.028249697536071
3018379,0.0
3018380,5.092474243588294
3018381,1798.1708880838437
3018382,0.0
3018383,327.4145478672238
3018384,28.47855375811813
3018385,935.0098456504656
3018386,503.3385901967153
3018387,251.63636197262858
3018388,91.69448588854787
3018389,122.5080799983777
3018390,2871.6442604063095
3018391,52.05178887081677
3018392,1.9913926944449598
3018393,19.055190029803985
3018394,18.34514768167501
3018395,0.25392872848865683
3018396,206.27286455712618
3018397,10.471298008795905
3018398,6.218416144201838
3018399,10.093461966993855
3018400,83.75280602781392
3018401,8.628323707104544
3018402,312.5957198692397
3018403,180.2913533581486
3018404,3.098080471226096
3018405,5.886656193943739
3018406,300.19346055050846
3018407,52.68100448877902
3018408,1501.1806323303144
3018409,3.0763643963446614
3018410,12.224005731707251
3018411,9.65587800666519
3018412,0.0
3018413,11.06802086357261
3018414,4229.212245243553
3018415,0.0
3018416,576.7672682544138
3018417,32.146055011037184
3018418,1639.7009246909165
3018419,1095.686589442055
3018420,515.4594389183079
3018421,97.58252920915466
3018422,202.53852487426235
3018423,6317.010472130569
3018424,149.11950861722195
3018425,1.948512541865473
3018426,62.48920477369983
3018427,72.55776823380383
3018428,0.8399110059845684
3018429,442.13630275521956
3018430,19.084470034716734
3018431,2.920717103842189
3018432,3.719364047477519
3018433,207.51056894955136
3018434,9.39440097426391
3018435,881.0799545158224
3018436,412.0988165618175
3018437,12.023427578894957
3018438,19.246191426280184
3018439,508.6799504305796
3018440,79.15874720262956
3018441,1957.047461729048
3018442,84.19628734844582
3018443,26.730891308314565
3018444,9.230873045248295
3018445,0.0
3018446,4.652885871844864
3018447,4833.377946048261
3018448,0.05307998939374559
3018449,916.0819592556917
3018450,12.308960231627395
3018451,1481.6331429786665
3018452,1737.9074241354092
3018453,337.74670315943837
3018454,421.84805770925254
3018455,341.8258071746998
3018456,5331.966395768312
3018457,45.295612539365855
3018458,2.4007708860321637
3018459,30.98041202066604
3018460,40.90672732458374
3018461,1.105314846127625
3018462,342.25176434584233
3018463,2.914832788284797
3018464,55.57615108895038
3018465,7.508350486378306
3018466,243.72933655229855
3018467,12.253569237734345
3018468,1108.3213563261406
3018469,244.9280380581784
3018470,21.366541105811933
3018471,9.16046503434259
3018472,3478.265274291676
3018473,122.27466624593579
3018474,5416.352197558847
3018475,23.65449725312315
3018476,75.68752160672567
3018477,17.157170367848178
3018478,0.0
3018479,11.865965053053127
3018480,6493.978482563681
3018481,0.0
3018482,1199.367936815687
3018483,16.778757201661623
3018484,2425.8135985019194
3018485,1678.9205262213964
3018486,545.976934573424
3018487,307.8459849724321
3018488,557.3264508052605
3018489,8859.80494981119
3018490,72.4811906995444
3018491,4.538928863276139
3018492,84.30670147926226
3018493,71.03018724659132
3018494,1.0711307482031713
3018495,530.1953205856621
3018496,13.44160975772009
3018497,82.70945680299852
3018498,12.53841288541025
3018499,361.96821471694557
3018500,14.559148038897247
3018501,893.9642707160182
3018502,513.2912165650539
3018503,21.00728260635384
3018504,41.98007533256153
3018505,782.1033358602203
3018506,193.10725595675027
3018507,6924.183496181647
3018508,21.32050976754499
3018509,14.079637132289765
3018510,9.524313284061757
3018511,0.08547182557068227
3018512,2.5800351766177148
3018513,2087.767170995763
3018514,0.0
3018515,436.67086103997536
3018516,7.713377124275989
3018517,902.5388180967177
3018518,461.3984240190619
3018519,251.53154167963808
3018520,92.85605515983625
3018521,184.3288867085934
3018522,2959.560259322114
3018523,17.478525698697936
3018524,0.8030638290724548
3018525,23.863243958663027
3018526,18.512424657052872
3018527,0.0964899387703221
3018528,170.9330403614186
3018529,3.5385754100085682
3018530,12.647264602555875
3018531,6.454550341240133
3018532,138.19517934378226
3018533,3.102666127658611
3018534,470.610243268642
3018535,184.66504342852159
3018536,5.000255286926502
3018537,4.49430972649182
3018538,259.10487316109175
3018539,55.65566099748174
3018540,2043.3927780936463
3018541,3.31224029778188
3018542,5.644581100737497
3018543,3.1719951777682707
3018544,0.017081601547177958
3018545,1.640197543110582
3018546,3761.031714561221
3018547,0.0
3018548,170.89675785593863
3018549,2.2366967148392787
3018550,1050.975819421291
3018551,177.14969511574608
3018552,238.69566624309013
3018553,64.2035222224922
3018554,33.3462628011411
3018555,2824.571424248737
3018556,5.882370155795153
3018557,0.6542941160672773
3018558,16.9359095243826
3018559,10.502799672818
3018560,0.385257092721923
3018561,187.48068040368153
3018562,0.0
3018563,0.0
3018564,3.4534770167778657
3018565,34.44358635527048
3018566,1.2130043632548992
3018567,55.645825689156965
3018568,131.22842759454596
3018569,0.0
3018570,2.1743796590227245
3018571,64.62756096727368
3018572,85.28120988332692
3018573,580.9008485689789
3018574,4.509042667019291
3018575,2.1532918084936044
3018576,4.975397197088495
3018577,0.11892258355967017
3018578,4.745120746130843
3018579,3056.9111605635085
3018580,0.0
3018581,465.45138770493577
3018582,19.98316829959042
3018583,1203.791125992017
3018584,873.0922693083749
3018585,366.969572782719
3018586,167.88585690438651
3018587,168.51175011110624
3018588,4439.896874989129
3018589,41.99539052588324
3018590,1.2604390848292515
3018591,20.423700509923297
3018592,55.31807007879793
3018593,0.2874900190469132
3018594,301.3315959081861
3018595,17.94175847207519
3018596,20.35075799412238
3018597,9.948918057537979
3018598,132.5867220402481
3018599,7.64082145336852
3018600,670.5062485871287
3018601,230.3365604359626
3018602,9.26299681755302
3018603,12.024147163304603
3018604,708.3045379700555
3018605,77.95896145156131
3018606,2089.1864293764993
3018607,0.0
3018608,47.7006223081083
3018609,7.026342983115841
3018610,0.056323595612177625
3018611,4.55729838929167
3018612,4163.852707684014
3018613,0.15183868497909622
3018614,714.600239754778
3018615,26.421653957166587
3018616,1111.2528744748938
3018617,1359.1236056387304
3018618,218.11137806842598
3018619,307.73522146348313
3018620,309.0166482645692
3018621,3954.9594118510167
3018622,41.13846742130339
3018623,2.573213470541873
3018624,34.27994295907729
3018625,30.368683050049288
3018626,0.10988493110919328
3018627,212.73889253501122
3018628,14.699014230197756
3018629,50.215642251090586
3018630,7.737090877872753
3018631,271.4648214747282
3018632,16.075126620661187
3018633,792.2194313552975
3018634,210.58107985049818
3018635,8.13536747871589
3018636,14.204188025752602
3018637,859.5035640408773
3018638,129.4189481062677
3018639,4745.738566938219
3018640,0.36897944416945805
3018641,59.77012026780658
3018642,4.116760774842273
3018643,0.28668076754489563
3018644,8.229640911688252
3018645,4306.13729465369
3018646,0.0
3018647,819.9174155895303
3018648,31.656580814936305
3018649,1162.2541792173963
3018650,1404.0553247170888
3018651,330.68825116932476
3018652,331.4897944338937
3018653,190.28111491052059
3018654,4752.029280735086
3018655,41.94787634069588
3018656,2.849026195796123
3018657,36.7167569831767
3018658,48.08451091578534
3018659,1.4555445437985175
3018660,295.6488240302144
3018661,20.639719814469437
3018662,33.614217264090684
3018663,18.233932493609686
3018664,230.99049928570412
3018665,20.851115491656106
3018666,868.3271134964565
3018667,272.3011563058938
3018668,15.543707748089506
3018669,16.345870375978414
3018670,854.3148964200145
3018671,142.40377748052865
3018672,3850.895882777467
3018673,0.4237664029914093
3018674,64.48591451641504
3018675,14.417453305047633
3018676,0.3493915312349535
3018677,4.392064665406917
3018678,2239.0221394509213
3018679,0.0
3018680,381.8500164178964
3018681,16.004455445086098
3018682,1124.9687171750145
3018683,537.4519035383129
3018684,573.8975608753344
3018685,125.62442917961187
3018686,82.28758743395623
3018687,4736.242488394123
3018688,13.810005969953838
3018689,1.168885182815065
3018690,31.542563969483187
3018691,26.443082447641643
3018692,0.3498035498838983
3018693,300.06703445942253
3018694,15.164828503854345
3018695,3.56255493850947
3018696,4.194719993759125
3018697,70.06199167870837
3018698,2.3909216972015725
3018699,263.9410116282582
3018700,243.5019430835576
3018701,7.175489696495538
3018702,4.211585103264688
3018703,432.95307122209914
3018704,90.62949627889232
3018705,1016.6661931584548
3018706,31.915339623244215
3018707,16.405603128072972
3018708,6.2466475954220755
3018709,0.0
3018710,3.6625958661134397
3018711,2331.419763037639
3018712,0.0
3018713,362.00578863981985
3018714,15.196532286885109
3018715,589.1603378037252
3018716,729.6010187320835
3018717,134.8357553242408
3018718,159.61681183819246
3018719,139.73386590755183
3018720,2533.4174644637615
3018721,19.032704411164403
3018722,1.974590196926095
3018723,19.626076132111265
3018724,24.797706812858006
3018725,0.96292353308626
3018726,180.77263001811752
3018727,15.210399718676879
3018728,19.723056895571347
3018729,7.464715919963544
3018730,139.4006775447687
3018731,8.423114032786852
3018732,269.8160993619678
3018733,149.37403805535627
3018734,6.8667820859328135
3018735,9.121193126042632
3018736,280.4211302139601
3018737,50.947664726100186
3018738,2280.431367594971
3018739,0.09605483316924189
3018740,25.17482180566763
3018741,2.606226849032421
3018742,0.0909797790626549
3018743,2.9982430460076137
3018744,1400.8144320368049
3018745,0.0
3018746,103.04262099812226
3018747,7.637174810020407
3018748,972.3705174988373
3018749,324.62627352336
3018750,258.6406111464631
3018751,37.486437790244686
3018752,42.22097620192652
3018753,2877.7028152774856
3018754,11.609947394460326
3018755,0.4838368086540236
3018756,16.314385326777806
3018757,11.076306563830107
3018758,0.21229569312945037
3018759,193.4278005032533
3018760,5.203260993884108
3018761,0.0
3018762,2.789317339640202
3018763,31.80906750921771
3018764,0.7663753220298782
3018765,161.6460283158201
3018766,194.6499614612148
3018767,0.9971383842125113
3018768,4.4927462853975975
3018769,161.9646344826948
3018770,27.549066521570335
3018771,250.62577419263928
3018772,0.5679484310576778
3018773,0.7134934420356918
3018774,9.588940608887091
3018775,0.2513985013465547
3018776,3.1605721760778462
3018777,5114.081806734757
3018778,0.0
3018779,627.399631992115
3018780,24.81904497058411
3018781,1815.076021911103
3018782,673.6936174841309
3018783,485.2169640684383
3018784,207.80325492502325
3018785,133.125885908065
3018786,7750.085562257666
3018787,45.39629404474823
3018788,1.3022901889759857
3018789,26.591404115753704
3018790,21.95001261109645
3018791,0.35395120370470695
3018792,463.5075952805441
3018793,17.759301207835776
3018794,3.525380373011049
3018795,8.486837396246885
3018796,86.94969590138764
3018797,4.057932183936159
3018798,597.1614774119504
3018799,374.4948184244969
3018800,3.4169825158130593
3018801,14.929850531107592
3018802,313.20930740407937
3018803,105.17746325373696
3018804,1335.7318925658853
3018805,7.8398903373875175
3018806,13.451063646268317
3018807,8.168569557465549
3018808,0.0461291578559491
3018809,1.3918887011879486
3018810,1884.4309365974113
3018811,0.0
3018812,159.94658536994018
3018813,9.019525387207784
3018814,993.8915827999094
3018815,479.6975987774092
3018816,231.3158742155067
3018817,55.62650043810051
3018818,62.92803082312978
3018819,3235.246201009998
3018820,15.449237644723427
3018821,0.904617004221674
3018822,21.861930494032563
3018823,19.215470854218093
3018824,0.4849183033402485
3018825,206.73889447500835
3018826,10.826924355677805
3018827,0.0
3018828,6.345595364352144
3018829,77.58015612922034
3018830,1.822501786131092
3018831,139.02572434093517
3018832,198.5054241720597
3018833,2.092247615250538
3018834,8.202074760803642
3018835,146.95802239044363
3018836,30.21203864736926
3018837,393.1748342095203
3018838,1.4767772484690629
3018839,5.134370379961251
3018840,7.130978708860083
3018841,0.0
3018842,5.9072819924498985
3018843,2067.126330314088
3018844,0.0
3018845,134.08196348755408
3018846,10.438475192428797
3018847,1050.0881344552404
3018848,373.76469227144884
3018849,209.47621420513687
3018850,51.36333745620715
3018851,48.45046517935786
3018852,3654.9561886372076
3018853,20.77390004394234
3018854,0.16875311347541982
3018855,20.48214634657311
3018856,13.540178332520437
3018857,0.12387372634237989
3018858,198.14438156887917
3018859,4.933435917474896
3018860,0.0
3018861,3.8303591056852486
3018862,67.19627670210362
3018863,0.8724509485944555
3018864,208.2426262122008
3018865,248.77703933459932
3018866,0.9787107571791056
3018867,4.975809955036731
3018868,177.05330647255388
3018869,20.770959071874458
3018870,217.28534664400925
3018871,0.8892438877062459
3018872,2.8149756055494914
3018873,5.989161812137801
3018874,0.0
3018875,3.3976912641246213
3018876,1819.80646355212
3018877,0.0
3018878,185.36888387908778
3018879,14.322485078992313
3018880,2196.0850115544313
3018881,525.5661221671277
3018882,326.16096657600957
3018883,44.68190638813959
3018884,75.78820835352545
3018885,4118.417174553207
3018886,15.80971678031498
3018887,0.4795036284434511
3018888,7.684557372826348
3018889,34.05458884302427
3018890,0.07271400612996011
3018891,335.6510594080963
3018892,3.308405366011314
3018893,0.0
3018894,4.118484373810023
3018895,45.5405382627685
3018896,3.0297841046301066
3018897,375.03945627103496
3018898,349.5513982451821
3018899,2.522124773724824
3018900,5.865390271466665
3018901,183.5418269424351
3018902,97.37394283628431
3018903,509.4502206544186
3018904,1.282591750524777
3018905,8.145342273630138
3018906,6.166479719200014
3018907,1.4590968452511823
3018908,5.055125230657212
3018909,1650.440592273334
3018910,0.0
3018911,156.9730337192766
3018912,4.541619270913229
3018913,1022.0772474985099
3018914,321.52453848153476
3018915,265.5147985553742
3018916,77.70948352325574
3018917,81.30454837723346
3018918,2784.4151166727024
3018919,11.900813268388857
3018920,1.0920625674464468
3018921,10.78292311044369
3018922,19.411765412475003
3018923,0.21569933076625794
3018924,232.78944104129332
3018925,11.145170543746806
3018926,0.0
3018927,4.659775954510348
3018928,50.069502405129604
3018929,2.6723191270135054
3018930,117.67880505138879
3018931,187.5711479212543
3018932,0.9086578433959204
3018933,4.648525582483995
3018934,91.7041702760177
3018935,45.210866870358366
3018936,565.6455752679036
3018937,0.6382207826570871
3018938,4.932621198723816
3018939,5.874471347313371
3018940,0.23908412407385893
3018941,2.8199434579152367
3018942,1279.9625996207494
3018943,0.0
3018944,146.61511719113
3018945,9.147960280019669
3018946,1747.4312902396987
3018947,268.8517032690659
3018948,150.6079873187902
3018949,124.16704334715986
3018950,84.15430296747495
3018951,2247.156742115072
3018952,8.483464536366125
3018953,0.6953910496339495
3018954,10.940591017668435
3018955,12.846012525205566
3018956,0.2741729112965741
3018957,177.13313282255382
3018958,0.0
3018959,0.0
3018960,2.686766043488308
3018961,76.24774663010379
3018962,1.5054537224110416
3018963,52.45775811559571
3018964,144.87485321427775
3018965,1.8105639659542094
3018966,3.7052261905135313
3018967,64.28318708162371
3018968,34.10984885552179
3018969,509.7202358206671
3018970,9.837333585815049
3018971,0.8326418842026757
3018972,14.37412415260493
3018973,0.5573992119677409
3018974,4.052033868638014
3018975,3432.0909408431958
3018976,0.0
3018977,339.93382084852016
3018978,13.909561747426718
3018979,1187.3299305983526
3018980,769.4947101908177
3018981,521.9586099947145
3018982,182.6908503496966
3018983,161.99425614409364
3018984,5067.237201106998
3018985,24.544673371089203
3018986,1.1589727548038917
3018987,28.790334711621753
3018988,15.802555968782025
3018989,0.6047270562078265
3018990,329.9989153496335
3018991,3.4659658779135185
3018992,0.0
3018993,8.491204933321196
3018994,99.9277060507378
3018995,4.5762815958177105
3018996,261.6965582515819
3018997,301.5037499986858
3018998,2.829172886744624
3018999,9.05451171830675
3019000,406.53213192296573
3019001,56.26097880579589
3019002,1379.9332043085544
3019003,3.5239112994768305
3019004,20.43059965995678
3019005,5.795647391463198
3019006,0.7472409134365529
3019007,6.084728305115926
3019008,2959.876793758282
3019009,0.0
3019010,662.4606052927506
3019011,12.777165608831831
3019012,764.6777219309172
3019013,812.4484374699399
3019014,281.5090897923882
3019015,220.09085048015464
3019016,95.76544337258491
3019017,3503.4403136082356
3019018,15.020960768331502
3019019,0.6729455844867137
3019020,34.24445134232057
3019021,21.83115369724174
3019022,0.6721107942766873
3019023,262.40237411965677
3019024,14.368740379380503
3019025,3.7888472568152483
3019026,5.635722580671969
3019027,110.25455227939304
3019028,3.7033084052414544
3019029,110.6550728665173
3019030,208.38924532372036
3019031,6.294467389319487
3019032,9.870330733405538
3019033,238.66524582669578
3019034,63.36167237587538
3019035,1887.2497768479243
3019036,14.339893598187269
3019037,22.84858039480172
3019038,9.10031143966099
3019039,0.5168820792267677
3019040,5.057035060427628
3019041,3816.9109424707526
3019042,0.0
3019043,202.61723001809017
3019044,9.366976286189248
3019045,1524.886402088031
3019046,512.7318689878242
3019047,396.7785340104104
3019048,79.43108123209124
3019049,61.367195507943286
3019050,5112.216184065873
3019051,47.66221038602329
3019052,2.5989465198139925
3019053,22.579347247440015
3019054,20.756125044868536
3019055,0.5664956181876195
3019056,298.1660329089432
3019057,13.241722725962013
3019058,0.0
3019059,6.251839292718507
3019060,89.19284230703974
3019061,2.880837777826466
3019062,208.18446249641377
3019063,288.82231462393565
3019064,1.6339206958869374
3019065,7.004915747279904
3019066,369.291643953599
3019067,35.418465793607204
3019068,584.6533515496171
3019069,0.9529194129221534
3019070,6.472295436587573
3019071,7.446942442217678
3019072,0.0
3019073,8.240803089176916
3019074,3803.6183624545306
3019075,0.0
3019076,758.3325855396479
3019077,20.20643997097179
3019078,1107.3313330890237
3019079,1051.3826906415136
3019080,273.0102544466778
3019081,212.96416208253183
3019082,161.04657207379208
3019083,4635.1626120534675
3019084,54.860319717816616
3019085,2.3388390476343877
3019086,30.328022470985903
3019087,32.71881777069906
3019088,0.7193312966759426
3019089,299.592711976889
3019090,33.53090698420598
3019091,24.086379008006787
3019092,7.4603009928629005
3019093,176.3096512404931
3019094,11.367346388042117
3019095,451.7656635607318
3019096,297.4268429394958
3019097,12.397465297585535
3019098,11.07426942335989
3019099,527.6987700759823
3019100,129.2092466285372
3019101,2596.8098700985092
3019102,0.15266897576953262
3019103,35.48068596974918
3019104,11.871189182018988
3019105,0.05017667474285769
3019106,6.377999507472543
3019107,4285.774090327331
3019108,0.0
3019109,554.3525877814661
3019110,16.394953074346514
3019111,1921.5806308170763
3019112,904.7882337346977
3019113,751.8040807444102
3019114,129.1282371962069
3019115,136.75978329796786
3019116,6818.443045815998
3019117,22.649291128793585
3019118,1.3067855564300153
3019119,63.42348029061994
3019120,22.729171025002707
3019121,0.2311073107159055
3019122,459.37191676382616
3019123,7.020994198995343
3019124,8.126530176936642
3019125,6.355496990601719
3019126,107.07610660204568
3019127,1.5869048970914577
3019128,347.30921420904485
3019129,411.4656576789227
3019130,7.355606964717492
3019131,6.24000931552637
3019132,369.5258552888088
3019133,79.77312487100878
3019134,1095.8768500906892
3019135,13.259817528214853
3019136,24.977572443201744
3019137,13.487722587018421
3019138,0.0354037448342223
3019139,5.713901510831068
3019140,3264.374744234508
3019141,0.0
3019142,473.79687171353726
3019143,8.782138790855672
3019144,1866.5793994642186
3019145,660.0736374368033
3019146,385.9036291115301
3019147,266.1642607725342
3019148,229.8229377772218
3019149,4728.578111521236
3019150,22.32008672973529
3019151,0.6584849400056587
3019152,55.63490344359198
3019153,44.77301861947756
3019154,0.715693465658525
3019155,362.07959877302784
3019156,7.357750659014861
3019157,4.318768906962307
3019158,15.603239175890023
3019159,156.86325338408662
3019160,2.7448638948765427
3019161,120.62253800472956
3019162,352.1598043997449
3019163,3.8430898702283964
3019164,7.4393864446608235
3019165,197.009363840435
3019166,176.21494396801438
3019167,1389.7061719814499
3019168,15.465962059349687
3019169,11.517988418514049
3019170,5.488822925175484
3019171,0.08040827152257658
3019172,3.837363798532059
3019173,1823.5769431992892
3019174,0.0
3019175,135.57144133702852
3019176,10.7352660312966
3019177,756.3756986110652
3019178,370.8257708093612
3019179,173.5130502889516
3019180,43.189802391375274
3019181,139.47532924351182
3019182,2720.5377055411695
3019183,16.98325454431426
3019184,0.49293372183193723
3019185,24.70068875542751
3019186,23.06599482324126
3019187,0.0
3019188,187.49549977001118
3019189,4.355131301071585
3019190,0.0
3019191,5.781705909063183
3019192,124.69078395457097
3019193,4.071985593195509
3019194,96.28945771206601
3019195,174.6963861045868
3019196,1.4827969416134825
3019197,6.3999806559718255
3019198,144.53910175669157
3019199,26.79470060233778
3019200,471.1085195917019
3019201,1.406347462280327
3019202,4.193457838713629
3019203,2.321832752085318
3019204,0.0
3019205,1.758055314615768
3019206,1675.6988364294737
3019207,0.0
3019208,270.0846393933911
3019209,17.397795980815754
3019210,568.4940356358007
3019211,530.2919292848794
3019212,147.24098044855276
3019213,55.89350555078716
3019214,114.274126979128
3019215,2347.4836507901505
3019216,36.47863821872715
3019217,0.901918639551561
3019218,21.744311776862776
3019219,18.00424762377727
3019220,0.43687392062275904
3019221,133.375119552863
3019222,13.96996277039344
3019223,4.524013074419998
3019224,3.619337754167095
3019225,145.88605175064743
3019226,7.204584824424574
3019227,337.103450170293
3019228,158.13327787663394
3019229,4.702008668864158
3019230,6.751466390352881
3019231,276.9834257820334
3019232,39.22377466642382
3019233,1157.013489554446
3019234,0.0
3019235,8.983178174645555
3019236,4.577899272218164
3019237,0.0
3019238,3.844789962945527
3019239,4330.165395956836
3019240,0.10438193809966648
3019241,843.5917243537941
3019242,25.690157153863105
3019243,1334.0950073150939
3019244,1527.6975655497702
3019245,325.2945941409718
3019246,275.2203375862849
3019247,212.1511383542319
3019248,4907.484576526123
3019249,46.19607425817907
3019250,2.168100724664792
3019251,21.483619036262517
3019252,42.83612354351769
3019253,0.025016210319951916
3019254,321.7974331563165
3019255,19.16825216364684
3019256,47.345248091152904
3019257,12.845478923089027
3019258,165.45201345190438
3019259,18.09753177246745
3019260,431.2209356685978
3019261,326.6587853810991
3019262,21.10707135859305
3019263,13.792085981615347
3019264,585.6585198274893
3019265,140.87560807322564
3019266,3785.3705560460717
3019267,4.121149599427938
3019268,24.390545246935368
3019269,4.41926746738559
3019270,0.025831921694962234
3019271,6.143417087133463
3019272,3667.8830523201973
3019273,0.0
3019274,493.0309197375254
3019275,10.632376594875405
3019276,706.7434009160379
3019277,890.5806794910852
3019278,205.2417885278615
3019279,190.64527798790456
3019280,399.30239668385076
3019281,2736.5009739574434
3019282,26.74637012960562
3019283,1.4594091945504333
3019284,24.610014794865787
3019285,25.248067276237318
3019286,0.41311733831485487
3019287,155.9832851761344
3019288,0.0
3019289,43.03918519902751
3019290,9.692806109895288
3019291,613.0829036214786
3019292,16.38257228875733
3019293,269.5523850181806
3019294,147.93347452542775
3019295,6.393816317298762
3019296,13.501478990440654
3019297,229.71790474448343
3019298,50.78964287147374
3019299,2276.1647071668467
3019300,2.3047744075713634
3019301,7.360063434978345
3019302,6.360770033414292
3019303,0.0
3019304,0.6385512314564074
3019305,1046.4249544831287
3019306,0.0
3019307,232.17936846630025
3019308,8.944374324283116
3019309,512.837528751065
3019310,294.7452940476936
3019311,105.20031815215864
3019312,43.57063742634566
3019313,67.63523223165718
3019314,1841.4009224933986
3019315,13.628209292796893
3019316,0.5544286109779746
3019317,13.97624254853502
3019318,10.77392579184827
3019319,0.5016433432731464
3019320,94.90022657278394
3019321,0.24638292641588086
3019322,10.572000977566821
3019323,2.3723922383335667
3019324,58.58383488492237
3019325,0.7636214289495078
3019326,296.5737100883099
3019327,140.01308900500695
3019328,4.174018531175246
3019329,1.663627622287875
3019330,182.99310122792465
3019331,29.026977804244083
3019332,497.5444700865523
3019333,1.9717104308972027
3019334,1.6035477227780088
3019335,8.074599115353346
3019336,0.1480222385303987
3019337,1.7432553209736794
3019338,3916.66129014085
3019339,0.08143083203775912
3019340,639.1502643798617
3019341,31.0308736116711
3019342,1055.1037400933387
3019343,1130.3080053982783
3019344,333.4984085349417
3019345,281.6389933412829
3019346,278.4657990726899
3019347,4387.0224571915705
3019348,28.619088152080593
3019349,3.6314923226186266
3019350,26.57048129882487
3019351,28.732619250693293
3019352,0.3578656697774609
3019353,278.4758274026652
3019354,11.760504000044241
3019355,50.767520364222705
3019356,8.124344480659417
3019357,382.6222930503516
3019358,5.147848237241052
3019359,322.4404134794607
3019360,254.13642573760734
3019361,13.974173002881264
3019362,11.182783564716976
3019363,414.4384362426497
3019364,95.9733192446943
3019365,2923.1226314198257
3019366,4.48163426339505
3019367,15.76285843241455
3019368,12.277358923376534
3019369,0.0
3019370,3.7876846261309383
3019371,3857.878482972766
3019372,0.0
3019373,728.0844495103701
3019374,25.259754521392683
3019375,1600.4697766997494
3019376,1018.9121744881162
3019377,438.2744919278783
3019378,313.3182519013172
3019379,143.25639568648074
3019380,5704.231035779064
3019381,16.01100472220513
3019382,2.100087566823066
3019383,50.520346880959984
3019384,24.75770426473527
3019385,1.0740037200951167
3019386,340.0305142556366
3019387,0.0
3019388,11.294871603627437
3019389,9.606762350813534
3019390,147.09666946025325
3019391,1.7236470264993344
3019392,201.5325508941066
3019393,330.61816258034867
3019394,8.098398208198958
3019395,6.190699629531495
3019396,285.73165306684353
3019397,93.44601195364363
3019398,1726.8840119434615
3019399,20.87701651500517
3019400,4.771030362825757
3019401,8.0111193268074
3019402,0.35744683095899954
3019403,3.0895794384473105
3019404,3299.437135999241
3019405,0.0
3019406,647.9534253427038
3019407,22.629649627569236
3019408,1184.5008052394312
3019409,789.8617722715659
3019410,311.1349406850936
3019411,198.01839623401662
3019412,165.08410383508388
3019413,4363.63310692606
3019414,20.78581496977634
3019415,2.147950165952963
3019416,35.60220247144324
3019417,19.94464010824251
3019418,0.1767211151858719
3019419,294.7197151150354
3019420,0.0
3019421,9.759077530579397
3019422,6.637229421566558
3019423,282.4175917410372
3019424,2.5773044989123504
3019425,113.7980959244103
3019426,307.3392670986529
3019427,5.3996758343218465
3019428,5.330373439365726
3019429,215.27165031124062
3019430,70.42909353176746
3019431,1153.3340126054852
3019432,16.99734620582962
3019433,10.111522188032358
3019434,17.07666546564122
3019435,1.5047040831414429
3019436,14.13726490689148
3019437,10937.182944084629
3019438,0.0
3019439,1428.8566821589645
3019440,79.81143624922369
3019441,2347.593157788945
3019442,2620.0235887711783
3019443,505.3541741758813
3019444,593.8561273058426
3019445,476.9889547884976
3019446,9504.945019883047
3019447,109.12099067950251
3019448,3.6472446269212857
3019449,66.79468067037527
3019450,70.7069800095431
3019451,1.7918656787317744
3019452,653.2957177323495
3019453,53.761851336820534
3019454,74.18416755720632
3019455,24.848429387582964
3019456,436.6076251070048
3019457,39.44680911474179
3019458,846.9859830706392
3019459,640.6593971157595
3019460,24.52615522185377
3019461,29.054686794618366
3019462,1274.8043149683579
3019463,256.8886614139364
3019464,8528.269464955203
3019465,2.192375169713923
3019466,87.9348846463498
3019467,4.843262200723996
3019468,0.20580404260426377
3019469,0.9614043004812398
3019470,1510.0036315794953
3019471,0.0
3019472,170.90238955453316
3019473,5.690697899071115
3019474,1311.8154577810967
3019475,286.96622349249776
3019476,118.05514533559389
3019477,130.49362615363822
3019478,77.80319638390633
3019479,2338.0449811065214
3019480,6.154444803357214
3019481,0.5681132849794779
3019482,15.740065787389462
3019483,8.719756642240258
3019484,0.669337449580698
3019485,185.31854406747001
3019486,0.24708950789534695
3019487,0.0
3019488,5.508709569504437
3019489,109.72944485084646
3019490,1.0346002078058434
3019491,66.26878009895871
3019492,122.85211123660834
3019493,2.847519001106046
3019494,6.010280613008601
3019495,123.31309835725312
3019496,20.40308730692031
3019497,525.195568849083
3019498,8.09275229257619
3019499,5.76423190666114
3019500,10.629439617683818
3019501,0.6184747078715731
3019502,4.693758437065115
3019503,3575.1505309341014
3019504,0.0
3019505,549.8493679730589
3019506,14.785060132997646
3019507,1711.5412370769004
3019508,773.9161991172405
3019509,281.29231407428114
3019510,276.63566187198086
3019511,195.3085726721312
3019512,5360.247339857766
3019513,16.188200836359428
3019514,0.6709483632113458
3019515,34.67423320656464
3019516,21.60203424471013
3019517,0.0
3019518,351.0546442364894
3019519,2.1266634574414978
3019520,4.4788334484671335
3019521,11.304662590168295
3019522,40.322075668643045
3019523,3.2888039097876822
3019524,373.1694232526112
3019525,350.6734933990555
3019526,6.003262348799995
3019527,10.120032933125595
3019528,148.71525234150258
3019529,75.57258966769847
3019530,1472.7785038087904
3019531,19.500045628806035
3019532,7.37831466726176
3019533,1.6202341062771568
3019534,0.0
3019535,1.0386179923085213
3019536,1008.7186398313497
3019537,0.0
3019538,118.96911057833496
3019539,4.318223008044085
3019540,1470.002509354704
3019541,183.32586613037782
3019542,104.30026024746462
3019543,187.66618200166064
3019544,29.22602328119384
3019545,1787.1859579203535
3019546,4.457758328542656
3019547,0.4830201679603102
3019548,12.980591766494506
3019549,4.71901663449661
3019550,0.059739959151364916
3019551,104.05773587557202
3019552,0.0
3019553,0.0
3019554,1.2317533478239164
3019555,49.718540044942515
3019556,0.27040418266754573
3019557,81.33064087587432
3019558,83.2886830263653
3019559,1.064824177599393
3019560,1.3438605385150615
3019561,71.5132222050615
3019562,13.384481048552932
3019563,252.5621904739047
3019564,7.591637518468009
3019565,2.4815666653711497
3019566,11.966236881114334
3019567,0.0
3019568,4.296134537246926
3019569,2074.936392566708
3019570,0.0
3019571,234.81994383826586
3019572,8.311800773659854
3019573,1115.9700233867704
3019574,468.92505933102973
3019575,199.52419205543376
3019576,178.57067134703763
3019577,166.8145246433933
3019578,3502.4237026764145
3019579,4.753382363992435
3019580,0.6048342042756535
3019581,34.10359571632775
3019582,22.376398640839064
3019583,0.49893600157484613
3019584,265.8077534525352
3019585,0.0
3019586,0.0
3019587,16.61010760226228
3019588,106.5663915391052
3019589,3.0969999438516873
3019590,295.1738092076166
3019591,259.6827342780607
3019592,2.5265717154515017
3019593,6.198996506839579
3019594,225.35548537290842
3019595,30.153384904299834
3019596,1327.255911353044
3019597,8.842540993674838
3019598,2.552940530559946
3019599,3.622825045758983
3019600,0.0
3019601,1.9086791838505492
3019602,2553.9322302476776
3019603,0.0
3019604,659.8132497340164
3019605,11.35141210170496
3019606,955.0141953176875
3019607,701.7303695252696
3019608,239.29944760070256
3019609,127.86894287162707
3019610,85.17414295431323
3019611,4659.885952599778
3019612,8.01731476330772
3019613,4.583513850020127
3019614,29.83311859499847
3019615,44.184777855370896
3019616,0.4641380167557563
3019617,227.49570711010506
3019618,3.4561613436011114
3019619,8.36524004935374
3019620,6.452829889768094
3019621,80.74307209790325
3019622,2.7347364943010515
3019623,173.01784649065536
3019624,312.4712812479174
3019625,4.701196292598105
3019626,6.7532408374713535
3019627,156.5095615460567
3019628,41.58180617220689
3019629,626.3903654999806
3019630,18.8794124765861
3019631,4.215891021380203
3019632,5.387542057308323
3019633,0.0
3019634,0.9915332814590165
3019635,1885.3489585883585
3019636,0.0
3019637,95.48534900757134
3019638,6.261368069444717
3019639,585.0687273586339
3019640,229.85491012024985
3019641,114.31863614277758
3019642,186.45131260959784
3019643,133.91619179748008
3019644,2172.3310463900375
3019645,6.99077837753809
3019646,0.4645896675628204
3019647,21.937904272179086
3019648,10.995486364879637
3019649,0.09040571212589975
3019650,127.74679324763555
3019651,0.0
3019652,0.0
3019653,0.8408676364632273
3019654,186.88058779680057
3019655,1.1894047863505035
3019656,188.6452102870057
3019657,116.59293554708346
3019658,0.899628461564021
3019659,2.3543168815487703
3019660,50.969825691293444
3019661,21.655894824146785
3019662,402.09392285545687
3019663,3.500941026008207
3019664,0.47109764085213474
3019665,5.902553001329073
3019666,0.0
3019667,2.264979944883109
3019668,3477.5864682101
3019669,0.0
3019670,468.6502359673692
3019671,14.457424030749223
3019672,1003.3527607317907
3019673,628.3983379330309
3019674,223.44909872830323
3019675,169.21088553753646
3019676,249.60642854440854
3019677,4029.877161520768
3019678,9.347100982366952
3019679,0.4259457059396249
3019680,35.629273667599726
3019681,9.953774618314762
3019682,0.21892846587024092
3019683,228.15534951783175
3019684,0.0
3019685,44.610210646170486
3019686,4.401060283807456
3019687,132.55657679333902
3019688,1.4568654875596867
3019689,216.83880135305304
3019690,232.67006759649016
3019691,3.158034389555955
3019692,5.1196236377318805
3019693,131.23877260993856
3019694,47.45303458674534
3019695,1206.7361757234116
3019696,38.6220559434588
3019697,2.297256095067328
3019698,4.6821205542610915
3019699,0.0
3019700,7.953421927818712
3019701,3478.5705878396957
3019702,0.0
3019703,558.1987077489708
3019704,7.539168226872882
3019705,1140.9251202674711
3019706,994.8849432658712
3019707,173.34153145130986
3019708,163.1774706666913
3019709,148.90114182188609
3019710,4253.932138557335
3019711,62.2859998158337
3019712,2.1560602078870064
3019713,32.7578050653945
3019714,20.772642336639375
3019715,0.5611925374585003
3019716,283.7880701428657
3019717,34.25702054167519
3019718,27.391249199698336
3019719,2.016822970992294
3019720,164.32671814048746
3019721,13.943809803319771
3019722,242.8627548486428
3019723,286.9975298279657
3019724,13.031589760155788
3019725,17.89938711460861
3019726,295.50473631246155
3019727,80.45062509630317
3019728,2681.412649391208
3019729,0.21598199006462349
3019730,18.416092506368727
3019731,11.080263602622313
3019732,0.0
3019733,7.334694022455226
3019734,3731.9604961547643
3019735,0.0
3019736,573.2581380272501
3019737,21.384527366090914
3019738,1639.4918406433192
3019739,1071.7662141440826
3019740,213.1474524588823
3019741,138.18944895858928
3019742,159.79213200472236
3019743,5233.418088023479
3019744,37.02615000163587
3019745,2.3126027007944985
3019746,52.03012243980252
3019747,102.16874191051792
3019748,0.2631042614249561
3019749,475.7921522052021
3019750,43.651055642858566
3019751,23.050875832233512
3019752,14.041249619427232
3019753,189.8534171317057
3019754,17.8535076051063
3019755,185.87239989077244
3019756,531.7350152115949
3019757,12.388140154917341
3019758,14.372837815389262
3019759,173.7605533394354
3019760,97.93721854138032
3019761,2407.1524639690865
3019762,2.0732461865337375
3019763,24.06487208831936
3019764,13.614313965634153
3019765,0.0
3019766,4.188225261138386
3019767,4715.270317834018
3019768,0.0
3019769,849.645942242046
3019770,16.441886490401025
3019771,2307.870194736184
3019772,854.2444209660806
3019773,292.83829945140286
3019774,330.09245676746065
3019775,120.46448900607545
3019776,6609.3529911729365
3019777,47.833981413181895
3019778,1.8900903543583678
3019779,29.1038982600688
3019780,24.53716146154518
3019781,0.41345779464766497
3019782,454.6112086135581
3019783,11.14237482998423
3019784,24.619464569862636
3019785,10.799836691306897
3019786,154.16255465458323
3019787,5.674021488216598
3019788,98.28195443646915
3019789,392.62079421427444
3019790,11.024572727441845
3019791,16.25264432647097
3019792,305.25767855104505
3019793,66.3177601475641
3019794,1913.8648604731327
3019795,3.206860878265659
3019796,23.474824042324705
3019797,5.506317504314155
3019798,0.09000209236441996
3019799,5.196812731628083
3019800,3255.575634966189
3019801,0.031128675935193157
3019802,416.65373519975554
3019803,15.230279504780638
3019804,928.4200546543034
3019805,904.316387994639
3019806,246.92522662591605
3019807,162.27382510302462
3019808,133.24440961250437
3019809,4029.7997072928642
3019810,29.348818820822938
3019811,1.2186181442632535
3019812,16.666619485907848
3019813,9.183519312712367
3019814,0.5686493300925506
3019815,279.27075704388443
3019816,25.88392727342928
3019817,31.597579081174853
3019818,2.6830741919386303
3019819,176.89989435073005
3019820,10.483482291115811
3019821,409.6990488540508
3019822,255.701089449294
3019823,10.481762461947762
3019824,10.857649440273763
3019825,422.39815648210316
3019826,55.27796105451977
3019827,2366.094142519989
3019828,0.0
3019829,28.072747886582526
3019830,5.702721885862671
3019831,0.10437358576236276
3019832,3.969548350999136
3019833,5276.084985997223
3019834,0.0
3019835,399.10155847651237
3019836,16.049950402209518
3019837,2340.76395445256
3019838,682.9930114325861
3019839,326.156991853652
3019840,176.63040145438916
3019841,142.70343026689366
3019842,6507.592233037475
3019843,16.19332612730341
3019844,2.7654714561563165
3019845,35.73489549413228
3019846,29.851404082932348
3019847,0.5061606554963999
3019848,476.13439326776773
3019849,0.0
3019850,0.07704996656771386
3019851,11.306225652816027
3019852,166.13850964835092
3019853,2.55080982931311
3019854,156.24930917424294
3019855,395.3816767158094
3019856,4.502586523391055
3019857,10.660146218447643
3019858,196.52930351803823
3019859,60.5586396011595
3019860,1099.0589017189877
3019861,20.672318639634604
3019862,7.465426678486934
3019863,8.812499985452153
3019864,0.031242170470488516
3019865,10.461871095676345
3019866,3301.442900154158
3019867,0.0
3019868,581.9190073065377
3019869,19.022710874377804
3019870,1625.8664062515975
3019871,871.0577248402063
3019872,297.529527174211
3019873,169.5442847414422
3019874,264.0620530228558
3019875,4925.359981791428
3019876,43.38088938967316
3019877,2.1960069009760197
3019878,37.42235349486956
3019879,41.252752268912616
3019880,0.9325228787328733
3019881,316.7101816449261
3019882,26.860055625981524
3019883,27.924653906189924
3019884,12.729554456870359
3019885,210.44624917288706
3019886,15.562298739432139
3019887,268.60916350484376
3019888,541.1365130328595
3019889,17.79814407910714
3019890,11.29624161558286
3019891,232.92783178505232
3019892,64.28749041913737
3019893,2329.2323260317767
3019894,6.500391581709206
3019895,6.752526500450097
3019896,4.829563802583708
3019897,0.06991208890154119
3019898,6.447289614630919
3019899,3688.087643688588
3019900,0.0
3019901,575.1492466166532
3019902,19.816879358250144
3019903,1005.3625540284091
3019904,1099.2855500291173
3019905,232.67718594257136
3019906,186.6386357651894
3019907,170.51211132843008
3019908,4200.499033279638
3019909,46.35326147229668
3019910,1.3800759976136237
3019911,38.67958053121985
3019912,26.854962973487453
3019913,0.2631122786589406
3019914,281.4972406883085
3019915,31.82269800122259
3019916,51.37200191156313
3019917,6.974195570650142
3019918,145.92865660847363
3019919,12.549075392255965
3019920,296.1795892722441
3019921,292.1027816891699
3019922,12.66040824803856
3019923,13.147839609901846
3019924,285.04585586112825
3019925,71.05340894666735
3019926,2961.0378898124313
3019927,0.31636465328514257
3019928,18.961899059643095
3019929,4.066952948724585
3019930,0.14689113519227479
3019931,5.307699260337295
3019932,5608.1900588495055
3019933,0.0
3019934,553.6009667245423
3019935,25.426257206848014
3019936,1443.3090327566374
3019937,641.8515079940887
3019938,287.27049816054614
3019939,209.52847074192363
3019940,105.88414126257304
3019941,5211.753910684745
3019942,13.925622983826418
3019943,0.09177749899603468
3019944,19.483204511117403
3019945,18.70010785668793
3019946,0.10826619293712597
3019947,276.86121790766504
3019948,0.0
3019949,13.138745410931842
3019950,3.0105988327082542
3019951,230.18091302186662
3019952,6.17291693021912
3019953,219.64708455176387
3019954,325.3814791190509
3019955,3.823825147258813
3019956,2.9747319751495787
3019957,223.3918352376916
3019958,111.21413861131938
3019959,1244.214616091997
3019960,16.34385009447064
3019961,1.071647780694495
3019962,27.94764253262153
3019963,0.0
3019964,26.70042435928347
3019965,14187.245771379148
3019966,0.0
3019967,2212.626561229181
3019968,36.27440185860949
3019969,3212.262719208227
3019970,3477.6804233633707
3019971,781.011478901507
3019972,852.8114482784023
3019973,600.4041201415611
3019974,13118.877264874622
3019975,122.79734334678264
3019976,5.605982318443704
3019977,117.48180267455395
3019978,165.47145752550347
3019979,1.3011113544210657
3019980,1031.5756783997288
3019981,43.23713358727048
3019982,37.316396729056876
3019983,25.82242769069583
3019984,647.5498869028401
3019985,40.07474319226509
3019986,1131.6436454858792
3019987,797.2890683249722
3019988,63.59362708184963
3019989,48.57543506486469
3019990,1466.6328028271143
3019991,300.78322003048106
3019992,10940.709621200389
3019993,100.37785180801119
3019994,117.32825266532069
3019995,20.984359353400716
3019996,0.0
3019997,16.883869319518098
3019998,12087.559398288271
3019999,0.0
3020000,1504.0070387732828
3020001,46.90785280645926
3020002,3315.830250602042
3020003,2908.9900914138034
3020004,940.6809279582509
3020005,498.2958570261598
3020006,468.4536921827558
3020007,13436.05325962729
3020008,190.70628186567185
3020009,2.9503919580469713
3020010,58.52969790787114
3020011,112.19545570914407
3020012,1.51762704276824
3020013,902.1182688699715
3020014,37.409511582437666
3020015,64.22444607836981
3020016,7.7840949561286745
3020017,411.8431079494796
3020018,26.89499867345737
3020019,1392.68658669878
3020020,918.5093434159996
3020021,33.02498323253588
3020022,37.89240585927979
3020023,1556.4602684557697
3020024,303.28810000457014
3020025,7065.226194806849
3020026,164.01410255769395
3020027,98.17929723868534
3020028,19.929983932395416
3020029,0.0
3020030,22.452903391352663
3020031,9172.257415564383
3020032,0.2103802957600944
3020033,1252.7024489132475
3020034,29.523402962288237
3020035,3341.6365101572246
3020036,2326.423535778944
3020037,1094.7994671768115
3020038,239.69213240678314
3020039,354.9366912269368
3020040,13537.640864813497
3020041,64.61419454983255
3020042,4.132263180574554
3020043,54.60208906861766
3020044,48.09981992313965
3020045,0.8259593084186998
3020046,892.3093291821773
3020047,50.95155569670833
3020048,42.47949627526694
3020049,11.946410009987012
3020050,254.28813491669985
3020051,15.248615298134375
3020052,1224.8121175790666
3020053,1048.778579887267
3020054,36.15083955497714
3020055,66.8991639671985
3020056,1154.2854788277782
3020057,174.27935674563372
3020058,3572.087113767776
3020059,109.50790048388852
3020060,60.44191637312243
3020061,21.24039478201946
3020062,0.0
3020063,22.942961925988826
3020064,11416.360879057383
3020065,0.0
3020066,1370.4734278666765
3020067,35.04938316670571
3020068,3014.3572830099256
3020069,2752.70248709947
3020070,866.210591381582
3020071,440.58035420795824
3020072,372.5651718874797
3020073,12730.297356097379
3020074,75.71388458858944
3020075,3.1100591019993065
3020076,61.335888491746374
3020077,113.30289716515944
3020078,3.161999350049579
3020079,842.014915600545
3020080,43.240167482632714
3020081,49.94703825039318
3020082,5.754909250409282
3020083,395.6346493066395
3020084,17.499672452321672
3020085,1058.6572902029736
3020086,889.3846282311532
3020087,37.18789113672104
3020088,32.81198372708516
3020089,1353.9361459676925
3020090,242.25728159926203
3020091,6103.618535530236
3020092,114.1358716591254
3020093,72.76275151395552
3020094,18.449575478228734
3020095,0.0
3020096,22.86033768237176
3020097,6787.570028535508
3020098,0.15138071388004598
3020099,1062.0155945648864
3020100,34.291957589614825
3020101,2819.825912924
3020102,1774.2653447834628
3020103,863.6109782898536
3020104,182.02726679276566
3020105,271.59714683961386
3020106,10826.512374532242
3020107,68.15388277794789
3020108,1.3132158828847935
3020109,40.57218541315994
3020110,64.5622573024209
3020111,1.6483137542382569
3020112,804.9963248562999
3020113,42.11079656992546
3020114,17.245053524503657
3020115,5.539387432253995
3020116,247.00163315742836
3020117,8.225072552884665
3020118,1059.8366943741453
3020119,877.635586723189
3020120,29.536283086734834
3020121,33.618063915985225
3020122,1131.6896947872788
3020123,114.67535164005434
3020124,2511.0848746629163
3020125,94.15485836808544
3020126,30.792319794543985
3020127,14.46980844648003
3020128,0.0
3020129,12.033220886801839
3020130,8554.147579802848
3020131,0.0
3020132,1260.6139843259768
3020133,31.33776103870982
3020134,2094.352886388114
3020135,2509.7739523549553
3020136,554.681823791493
3020137,559.3278602549719
3020138,469.53394309440506
3020139,8595.610097300943
3020140,93.49018847420437
3020141,1.6362068915558097
3020142,50.833241883319864
3020143,71.1453203737818
3020144,1.29060112844533
3020145,578.4356593874078
3020146,22.361990805688222
3020147,43.31511800395906
3020148,13.010701144889373
3020149,469.00443269463824
3020150,23.34567605435894
3020151,923.4477313747592
3020152,601.2329015345291
3020153,26.095511180890643
3020154,36.24769716350545
3020155,1151.3826681185153
3020156,233.60449034396208
3020157,7662.5698389041
3020158,85.37149580576343
3020159,69.3810387160977
3020160,8.849992032367552
3020161,0.07514737764449918
3020162,6.325940356703959
3020163,2008.1459682478392
3020164,0.0
3020165,359.7605207147621
3020166,29.9716901889866
3020167,1068.6937541592147
3020168,558.1090751685915
3020169,234.50210061508682
3020170,92.64668282824665
3020171,156.70013777941693
3020172,3242.8678368276715
3020173,55.655097055845786
3020174,2.465507001681436
3020175,22.137642142744365
3020176,20.538728537961173
3020177,0.3545768736230127
3020178,246.24258190330292
3020179,17.351216703306903
3020180,11.823476442464234
3020181,10.583677981160308
3020182,118.75083860468739
3020183,11.120739094678775
3020184,264.13710262402554
3020185,242.32670792831343
3020186,4.116613888501913
3020187,6.240649418549265
3020188,249.9442875432129
3020189,59.08866893536047
3020190,1577.7237570715934
3020191,5.868785398424747
3020192,11.229133383571261
3020193,15.344254476979415
3020194,0.0
3020195,16.394645521055953
3020196,6678.686135438887
3020197,0.0
3020198,729.4705901040736
3020199,43.17660870691984
3020200,2345.900880518074
3020201,1594.4099853517978
3020202,658.910237575183
3020203,148.40219219506886
3020204,250.6617061522789
3020205,8871.97767556027
3020206,136.51802390102063
3020207,3.0531474434298826
3020208,75.44128676808252
3020209,87.74523700774218
3020210,1.5537278034118605
3020211,678.0934406150676
3020212,35.645487965795446
3020213,14.297006501547841
3020214,4.887714323202334
3020215,243.86644075110345
3020216,13.175502357616455
3020217,707.0977689286497
3020218,750.1873413343009
3020219,20.66959629882411
3020220,33.43373358397475
3020221,520.2779826374211
3020222,105.08120930910802
3020223,2575.1053620743155
3020224,87.96625706807698
3020225,27.25598490872291
3020226,11.445120472608819
3020227,0.0
3020228,5.634935494135691
3020229,5704.670274128832
3020230,0.0
3020231,1006.4064755162034
3020232,13.832739602023265
3020233,1695.2419470004336
3020234,1907.3041866575568
3020235,303.87877401929376
3020236,400.6462611001853
3020237,398.78610882281606
3020238,5792.786242606549
3020239,56.9022534910113
3020240,2.565475271348028
3020241,47.50659512793016
3020242,46.031684128234645
3020243,0.9711039460177251
3020244,414.59392819148877
3020245,4.7446283965098175
3020246,55.47197991834565
3020247,10.525414303321684
3020248,316.9932323855191
3020249,13.493077450241287
3020250,692.578195025116
3020251,326.1499433016571
3020252,27.894479472200263
3020253,15.558504045346194
3020254,492.4120302004546
3020255,142.65230986757544
3020256,5791.473358776597
3020257,31.49212672664458
3020258,51.49287399718712
3020259,19.372480371254017
3020260,0.0
3020261,13.657909354148472
3020262,7007.844946046309
3020263,0.0
3020264,1219.8089867129347
3020265,19.267968368476158
3020266,2563.8347137230867
3020267,1749.617787322915
3020268,570.7048572750766
3020269,315.4668031496112
3020270,546.9024467312602
3020271,9529.76754989465
3020272,71.3629730023834
3020273,4.731411860071067
3020274,81.96644789934487
3020275,75.67971295365821
3020276,1.2170538668724187
3020277,588.1640960579429
3020278,16.42414874128514
3020279,111.11064931202445
3020280,12.273933989134061
3020281,395.1580553386617
3020282,16.0789689959969
3020283,725.6902492473182
3020284,582.2174936742048
3020285,21.144756524134802
3020286,44.34852575144328
3020287,727.7293169306859
3020288,187.48514620916757
3020289,7113.359081602722
3020290,19.759872606278016
3020291,15.482640628802828
3020292,14.310903647580757
3020293,0.10334790803830292
3020294,5.750706338211402
3020295,2658.5141568045638
3020296,0.0
3020297,560.8556320678243
3020298,10.664717611489781
3020299,1176.5076414463297
3020300,601.208700834627
3020301,286.195118069608
3020302,113.43865000358268
3020303,291.5145476208231
3020304,3845.7539500680496
3020305,16.706958327796237
3020306,1.3324498371527762
3020307,35.10650383532655
3020308,26.41931878422169
3020309,0.1578065412041946
3020310,242.2091553173484
3020311,6.794738419192976
3020312,13.770745264945766
3020313,8.035331285714893
3020314,207.9975167575645
3020315,5.488559773189376
3020316,368.13584183403043
3020317,297.0751936227487
3020318,5.999942011520832
3020319,6.886469684431899
3020320,252.87657603920258
3020321,64.03625392291055
3020322,2402.451033421823
3020323,3.5255323030440286
3020324,5.335995452126829
3020325,6.247084608237588
3020326,0.0
3020327,1.8955161045935591
3020328,3972.6628644285547
3020329,0.0
3020330,218.36497871038011
3020331,4.407321183907958
3020332,1376.54981365288
3020333,257.46895566119923
3020334,241.40346081351632
3020335,75.5617046152352
3020336,65.83826867581074
3020337,3636.2884934077733
3020338,8.352530446932168
3020339,0.6670192229538368
3020340,24.081018295027675
3020341,15.433021274299612
3020342,0.2578193675898532
3020343,273.5411621530558
3020344,0.0
3020345,0.0
3020346,4.4266054650667765
3020347,41.707202492432685
3020348,1.9845008321091084
3020349,60.474924789804426
3020350,201.46583001892787
3020351,0.0
3020352,3.1773718558083672
3020353,66.65197609997777
3020354,94.47215233961445
3020355,728.5374566630368
3020356,4.821723369448229
3020357,3.288196474472163
3020358,8.671048707745168
3020359,0.152846743191019
3020360,7.055517646090114
3020361,4402.101608528617
3020362,0.0
3020363,608.7107511460781
3020364,26.140273266031926
3020365,1520.874275479453
3020366,1209.3726986382987
3020367,425.3877920513473
3020368,222.6136062245109
3020369,229.28000018776447
3020370,5796.169435392491
3020371,59.91303138331077
3020372,1.514165428247706
3020373,35.828202075556554
3020374,56.420365330713075
3020375,0.23103379976416244
3020376,418.2788096747329
3020377,32.25920331418438
3020378,20.658531966837863
3020379,13.451845179084557
3020380,198.82011936913904
3020381,9.8443282903205
3020382,553.8916618092692
3020383,388.03340157900857
3020384,13.279978232363026
3020385,17.454659055613384
3020386,667.0857578066198
3020387,111.07165424046033
3020388,2893.022700516395
3020389,0.0
3020390,41.26371548256281
3020391,4.524695655326017
3020392,0.0
3020393,4.587638971521831
3020394,4030.1826402769975
3020395,0.13459906223329676
3020396,629.870598905291
3020397,27.903099207386667
3020398,900.311057787206
3020399,1247.1334186227223
3020400,177.690541151991
3020401,267.1669112679435
3020402,317.7081715122442
3020403,3432.621467603299
3020404,42.347395415614955
3020405,2.7011441206375824
3020406,35.434838571647056
3020407,28.782475322373273
3020408,0.3479698785547712
3020409,199.1261411100751
3020410,21.18453100766204
3020411,50.899655688874766
3020412,6.80266750660171
3020413,308.4022990686448
3020414,17.58278819850078
3020415,417.48052011713446
3020416,198.1385707496458
3020417,8.011656908272244
3020418,16.424317732199746
3020419,559.6307171532625
3020420,142.78425199967722
3020421,4251.897353146762
3020422,0.24151986297110464
3020423,30.518735163894508
3020424,6.9149361170090025
3020425,0.3867539470930051
3020426,13.973164414998838
3020427,6419.59356556577
3020428,0.0
3020429,998.0018255252043
3020430,28.653029700191304
3020431,1469.9239491774672
3020432,1868.7025720050456
3020433,367.4393127480252
3020434,446.937240671794
3020435,214.94576692382014
3020436,6186.820317715829
3020437,46.806894484557716
3020438,4.250732295083251
3020439,52.50174991598232
3020440,59.9538810149066
3020441,1.6068651476651112
3020442,459.1379063289936
3020443,42.07209148172932
3020444,49.84022585929523
3020445,20.4202569789624
3020446,245.20092793985458
3020447,27.263336274794337
3020448,459.8482605814382
3020449,427.8782352063242
3020450,26.927081887744375
3020451,25.021181938589308
3020452,725.6510718363586
3020453,210.59203327345892
3020454,5382.8483019448695
3020455,0.5813455055392882
3020456,51.58497779664986
3020457,19.33900273448273
3020458,0.5842608704221011
3020459,8.844747843340116
3020460,3952.4495733632652
3020461,0.0
3020462,544.1422661137877
3020463,23.99139933203333
3020464,1850.9153751661358
3020465,962.0920975924394
3020466,572.108748044178
3020467,188.0140665310316
3020468,138.2873369377874
3020469,7564.788536679622
3020470,17.67074409238159
3020471,1.6080776490497688
3020472,92.25532904877291
3020473,48.55043090430263
3020474,0.44673375038559443
3020475,502.19821856877047
3020476,22.729081296544578
3020477,10.98536016271238
3020478,8.453532675725604
3020479,109.40285004027614
3020480,2.990468772030785
3020481,377.3761253003868
3020482,507.6707363977164
3020483,10.361321306887687
3020484,10.30142344285676
3020485,499.675233309694
3020486,145.03150148515454
3020487,1607.5399242988206
3020488,32.62085969030541
3020489,23.13683006824419
3020490,2.9597192880815366
3020491,0.0
3020492,1.288204660781787
3020493,825.7061774609398
3020494,0.0
3020495,112.39517506601064
3020496,3.8626155202050816
3020497,165.56977306614598
3020498,249.39611332401327
3020499,52.09333372496303
3020500,69.4296736002825
3020501,61.150264862014986
3020502,911.0129553824607
3020503,9.480971804699722
3020504,0.7279263889358097
3020505,2.3926442549525215
3020506,7.323933592072405
3020507,0.7006048598273681
3020508,61.92791533845014
3020509,5.988282939557643
3020510,10.659721135956177
3020511,2.974945954069473
3020512,40.782328575403525
3020513,3.170860506907954
3020514,82.33036172652123
3020515,40.21452849553614
3020516,2.41448324073638
3020517,4.020756531840032
3020518,121.87600280064906
3020519,9.828648776993642
3020520,963.0184087995309
3020521,0.04910935476996427
3020522,6.727725226208713
3020523,2.4658185894006914
3020524,0.06810725506167194
3020525,3.0308988811407667
3020526,1407.172510130456
3020527,0.0
3020528,118.77027413993738
3020529,5.021600645739631
3020530,879.284766712939
3020531,343.38578354985236
3020532,277.6779857160296
3020533,45.52969880752853
3020534,30.019953649233585
3020535,2693.6595229035574
3020536,5.572378301654742
3020537,0.7148405509582346
3020538,14.48816164345121
3020539,10.702905586300432
3020540,0.5267471420810326
3020541,176.5012244924423
3020542,5.019697268601706
3020543,0.0
3020544,1.427129990244784
3020545,13.691943077382327
3020546,0.6915014390829881
3020547,171.13207930622337
3020548,172.79280093824008
3020549,1.3496982665936044
3020550,4.406734327684767
3020551,185.8110455800916
3020552,21.734361546186342
3020553,277.2414315933749
3020554,0.3634702534100487
3020555,0.15753820872390922
3020556,10.853555301117845
3020557,0.13724627109343107
3020558,5.214267588644793
3020559,5236.59990460389
3020560,0.0
3020561,838.0926316362254
3020562,10.317187133278301
3020563,1945.2276863648783
3020564,873.3939766999765
3020565,575.7032018891775
3020566,275.202348928314
3020567,114.2076866928485
3020568,8519.754564962299
3020569,36.0808552347487
3020570,1.4483271621049487
3020571,15.699267726535485
3020572,23.90777850003285
3020573,0.5617534940417822
3020574,555.6537846997569
3020575,19.804377416243646
3020576,4.627655242935709
3020577,9.88701123492597
3020578,42.62138450027811
3020579,4.511769882005337
3020580,645.5423006665509
3020581,471.2505333073269
3020582,3.4444113487673227
3020583,15.657470582788058
3020584,459.9633710239294
3020585,92.28571015896713
3020586,1485.2522693368512
3020587,9.859188361065614
3020588,13.616852565619627
3020589,7.106468793982757
3020590,0.13559849508376468
3020591,2.287458003761591
3020592,1993.6650999232018
3020593,0.0
3020594,210.70966965368484
3020595,9.68940927585303
3020596,1157.9673770649397
3020597,524.2783325209737
3020598,246.3565982126654
3020599,62.775397900805
3020600,39.94442725825089
3020601,3122.2712103183544
3020602,9.866375905242132
3020603,1.3324783545595817
3020604,17.878237093630695
3020605,21.81672011262225
3020606,0.3460118941667902
3020607,209.73590556957205
3020608,10.874757370661081
3020609,0.0
3020610,5.2740995849673515
3020611,38.738241949865895
3020612,1.689989454875896
3020613,146.58651313413924
3020614,193.8564786855832
3020615,3.3831120890065844
3020616,8.052750902939785
3020617,161.57989197944298
3020618,22.33224022194828
3020619,363.0326912686724
3020620,1.3292470919743258
3020621,4.217722985851876
3020622,5.577291956166737
3020623,0.0
3020624,4.574854724679037
3020625,1607.4451952757277
3020626,0.0
3020627,160.02436893120284
3020628,7.946397830993684
3020629,751.5060503011488
3020630,306.23712994288275
3020631,141.472605040768
3020632,56.16449246011471
3020633,29.483536721637513
3020634,2499.988522908469
3020635,14.235864602927334
3020636,0.010947571840407986
3020637,14.53950799605417
3020638,11.880703221765993
3020639,0.06057095785665636
3020640,143.6655939563985
3020641,3.218167811836078
3020642,0.0
3020643,3.3544720898502955
3020644,25.83784220926239
3020645,1.5254821971082722
3020646,104.50139727473822
3020647,142.14826547098784
3020648,1.1902277003096913
3020649,4.709131837975063
3020650,108.01371308546582
3020651,14.661818057866247
3020652,176.79702261133795
3020653,0.9487478829057273
3020654,2.87689479458951
3020655,4.5993254282090446
3020656,0.0
3020657,2.061032664087425
3020658,1497.3843363821384
3020659,0.0
3020660,163.54223258309287
3020661,8.09551790641195
3020662,1525.4277211724798
3020663,337.68575952255355
3020664,206.19321300216384
3020665,47.31772654276193
3020666,42.99399989977025
3020667,2579.500086710609
3020668,11.386656763579788
3020669,0.4666271064086065
3020670,0.0
3020671,23.12727337087308
3020672,0.20645668923330143
3020673,173.83425193509856
3020674,2.0661753039047706
3020675,0.0
3020676,2.73852926304743
3020677,28.95483259681034
3020678,1.8322251076085057
3020679,192.35780100677462
3020680,146.8161992972048
3020681,1.5850865084015582
3020682,4.050873631004807
3020683,85.40819475202095
3020684,61.22477058478049
3020685,376.8296852060039
3020686,1.072752483251315
3020687,3.326200662947762
3020688,5.489221006750083
3020689,0.5949346077527373
3020690,4.378486049221844
3020691,1492.3526032478978
3020692,0.0
3020693,153.39811061214897
3020694,1.9473709742156582
3020695,786.2185673435855
3020696,285.6236607078967
3020697,208.77498738790985
3020698,63.998668729119714
3020699,52.62909204133127
3020700,2320.915977826716
3020701,7.989904265503509
3020702,0.8693961029186916
3020703,8.40916431698711
3020704,15.622509389438605
3020705,0.31553232188722125
3020706,183.11808720251398
3020707,13.352265035664454
3020708,0.0
3020709,4.198349375820311
3020710,22.66625584559852
3020711,1.6225768981983781
3020712,112.68190065142893
3020713,152.26058656181095
3020714,1.4224650042475442
3020715,4.503452571350226
3020716,95.32028344757096
3020717,29.910280811264432
3020718,491.2697896067307
3020719,1.4255223616002457
3020720,3.9575165933204524
3020721,6.203080966833647
3020722,0.11988098091891522
3020723,3.640313527980879
3020724,1766.2746765136235
3020725,0.0
3020726,209.02921616970892
3020727,7.660551448510904
3020728,2324.004213314973
3020729,369.83151817593034
3020730,203.1329536830204
3020731,170.95406996373447
3020732,50.47398497516651
3020733,3202.9396128260155
3020734,6.753999583050157
3020735,0.716627054547578
3020736,12.938722971359146
3020737,16.124108449561973
3020738,0.37492840668213273
3020739,252.3173456012034
3020740,0.0
3020741,0.0
3020742,3.2401936721039117
3020743,49.035538414115464
3020744,1.9258690000908911
3020745,67.59656374565857
3020746,194.50051787830853
3020747,1.8979442736817438
3020748,4.221709955366935
3020749,84.54273575009692
3020750,44.074302090122
3020751,664.1219899045595
3020752,13.783041183225764
3020753,1.3801433726741157
3020754,12.57473070415136
3020755,0.5496525578769936
3020756,5.004623238956814
3020757,4326.33716647863
3020758,0.0
3020759,549.5549093672522
3020760,8.006263324616459
3020761,1310.1941348618254
3020762,1085.0559581933005
3020763,682.4873579472708
3020764,239.46983252814036
3020765,134.92041528894603
3020766,6217.593210984295
3020767,23.967254927719917
3020768,2.2036556972530468
3020769,32.2633802266084
3020770,25.835832821027868
3020771,0.6767982564809445
3020772,399.6537732944673
3020773,4.120703594783102
3020774,0.0
3020775,5.722026187651946
3020776,55.17502057439579
3020777,5.190159300019201
3020778,307.4719496562485
3020779,361.51473086930343
3020780,3.856346643912826
3020781,12.549439354425914
3020782,495.58701242530384
3020783,73.31698108893502
3020784,1770.5259062067448
3020785,2.764273392032706
3020786,23.567226610759274
3020787,5.594962119798524
3020788,0.4916544590559628
3020789,8.118733424508218
3020790,3182.5259490151498
3020791,0.0
3020792,773.5314108105954
3020793,8.804055484466696
3020794,777.6110620675429
3020795,877.8761692561508
3020796,302.05793293066307
3020797,259.55921014885496
3020798,77.70977370668768
3020799,3825.2630761807695
3020800,14.278393238834754
3020801,1.8226079415437755
3020802,46.44395575048433
3020803,20.59516219184526
3020804,0.7253553980977604
3020805,285.89697942414784
3020806,20.054945778957045
3020807,2.9024466495659156
3020808,4.974042464576506
3020809,64.44648550941587
3020810,3.684265111911795
3020811,127.31084446019285
3020812,252.2933314490566
3020813,8.346383217539833
3020814,10.31608289848427
3020815,272.8635486184699
3020816,64.7303555419505
3020817,2244.040740011667
3020818,16.04705190438011
3020819,17.95615296310275
3020820,7.417502953596044
3020821,0.040596682096223885
3020822,4.414574379361018
3020823,2673.0010971659485
3020824,0.0
3020825,206.19263054788053
3020826,5.015812967631597
3020827,859.9939881797674
3020828,417.21665264415935
3020829,309.43513374687467
3020830,83.49043750879416
3020831,54.80606378756206
3020832,3419.030806441739
3020833,35.934895467030614
3020834,1.720223746172425
3020835,17.090974123086827
3020836,19.325550846843832
3020837,0.2341583319893063
3020838,173.1351848587279
3020839,10.882556505646697
3020840,0.0
3020841,5.136857010049895
3020842,65.98999203979687
3020843,2.167232719169153
3020844,119.59900965799815
3020845,167.9319798334398
3020846,1.9635357970810543
3020847,5.874394685468334
3020848,88.88147424390955
3020849,28.246142104368143
3020850,499.37847260411877
3020851,0.6573357449776629
3020852,3.280013770022974
3020853,7.474263092402936
3020854,0.003288170220195115
3020855,7.2929701534123055
3020856,4035.1695730952283
3020857,0.0
3020858,826.701289516871
3020859,12.891782992126634
3020860,1086.1696396048262
3020861,1143.72542740717
3020862,277.37356771596933
3020863,243.73613950494018
3020864,141.91703963102034
3020865,4803.426352721335
3020866,54.670662133748216
3020867,2.2124108552321835
3020868,20.33671748833373
3020869,32.73199143415404
3020870,0.5701474553439625
3020871,320.34591500344555
3020872,39.907045029198976
3020873,14.599709740582954
3020874,5.293011285150786
3020875,101.44492186229482
3020876,8.619907460842335
3020877,408.4296850408049
3020878,317.07350300628383
3020879,12.398904833355063
3020880,13.672037083430597
3020881,580.0626323373907
3020882,122.27493812558983
3020883,2898.7844223600127
3020884,0.27761265643528626
3020885,40.35819906039295
3020886,12.28698962120548
3020887,0.5334959284056866
3020888,7.265114689104375
3020889,5692.367471063315
3020890,0.0
3020891,965.6136785312393
3020892,11.062307015291992
3020893,2352.5642229591454
3020894,1359.533688986888
3020895,986.2942866371641
3020896,190.6620302448018
3020897,118.64349853541164
3020898,8403.055694416027
3020899,24.548545801947792
3020900,1.549356970317663
3020901,64.349703013372
3020902,29.137391720641503
3020903,0.25343265240623036
3020904,596.4883857986229
3020905,19.470817822621477
3020906,8.283601480312385
3020907,7.996288751147945
3020908,64.26282843005689
3020909,2.719153224484169
3020910,460.8912678912039
3020911,568.2285895322703
3020912,8.447013710732215
3020913,8.838040589545603
3020914,515.4998608794658
3020915,108.64726226420396
3020916,1551.9490288478287
3020917,21.93602543062383
3020918,22.561693055662417
3020919,15.439569972948398
3020920,1.0157326543647418
3020921,7.261109663766122
3020922,4042.2735440210213
3020923,0.0
3020924,738.9963328394205
3020925,3.7551490888291625
3020926,2302.3761010074727
3020927,936.0109477776647
3020928,495.77494408831984
3020929,381.4097591469026
3020930,112.20880547231197
3020931,6213.6967218589
3020932,26.26831833274655
3020933,0.8622365975720543
3020934,68.23395396676656
3020935,65.2750197595496
3020936,0.485657973589392
3020937,473.2856647554245
3020938,10.58729562371865
3020939,2.886880310762022
3020940,17.599316916632187
3020941,88.71999890965233
3020942,4.19118806011833
3020943,158.46856768900054
3020944,445.24394478468713
3020945,4.690074196936336
3020946,9.995099342199726
3020947,225.15124655276307
3020948,191.0610301441825
3020949,1786.775399736638
3020950,16.507033233327903
3020951,9.277328092120747
3020952,7.161615664599177
3020953,0.14052650281617168
3020954,4.683167986840275
3020955,1927.5533601141099
3020956,0.0
3020957,176.1524562480643
3020958,7.632493784439683
3020959,789.9103061731751
3020960,411.5139786561609
3020961,182.41020553651455
3020962,48.99473921082658
3020963,63.16981479168679
3020964,2862.49183467315
3020965,13.508160222049206
3020966,0.5840413516154221
3020967,23.286324622672925
3020968,23.88413037838525
3020969,0.29305562128690815
3020970,204.58304270925453
3020971,4.786977848484265
3020972,0.0
3020973,7.289685935673681
3020974,67.87365575290396
3020975,3.8479069694648214
3020976,130.4523450102907
3020977,190.8201910066757
3020978,1.1495621651940677
3020979,7.462733136387864
3020980,144.52891224892358
3020981,37.933651954058185
3020982,507.85177779445553
3020983,1.060419553523506
3020984,4.1410786548123735
3020985,3.0414485131253652
3020986,0.0
3020987,1.5995117186865448
3020988,1823.5676724385291
3020989,0.0
3020990,285.0919118248289
3020991,13.649439176066837
3020992,552.6641900028469
3020993,586.3419039096364
3020994,151.15926143709737
3020995,61.284771524697334
3020996,74.0247165361049
3020997,2337.237420312997
3020998,32.85278542809655
3020999,0.6539924005265866
3021000,17.91941640666878
3021001,18.621023456702805
3021002,0.4989902255786913
3021003,149.14391595317576
3021004,19.078095413622908
3021005,5.15489169534111
3021006,3.828234844162114
3021007,62.5112931117295
3021008,5.843946413716394
3021009,1044.1493945929096
3021010,169.1782933805677
3021011,4.1355690693199305
3021012,6.595829638748358
3021013,317.4176544083757
3021014,31.048400860677678
3021015,1207.202542277579
3021016,0.05361273444158406
3021017,8.455773308060737
3021018,4.243607766670281
3021019,0.0
3021020,3.0819568239330972
3021021,3594.1868368996534
3021022,0.0
3021023,717.7401398640833
3021024,18.021972202832018
3021025,974.793702297599
3021026,1245.5418801936642
3021027,248.34764693604484
3021028,228.77040003661898
3021029,137.9528518567977
3021030,3742.504799004173
3021031,43.365745615319014
3021032,1.3707542573958607
3021033,17.16253842902186
3021034,31.481678609205698
3021035,0.15142738744866407
3021036,260.0686952413904
3021037,13.08905627409176
3021038,23.624233176144617
3021039,7.769699753013659
3021040,68.1796720355149
3021041,10.774328434251103
3021042,345.319495483607
3021043,282.5223399024774
3021044,18.914388038603814
3021045,12.74112035163929
3021046,443.7948736499063
3021047,107.22790505507724
3021048,3224.871866543702
3021049,3.0645132759314393
3021050,20.293973681720853
3021051,2.979034747124327
3021052,0.06556931193255944
3021053,4.3534396808310385
3021054,2631.492441598928
3021055,0.0
3021056,399.1992085842599
3021057,5.690520546053842
3021058,563.0319526335314
3021059,659.3235954131669
3021060,162.70863148764667
3021061,132.7138168010008
3021062,177.36526421350115
3021063,2097.5192928693123
3021064,24.688908490308147
3021065,1.4005471869963577
3021066,17.361351748606605
3021067,21.03699338041245
3021068,0.7397671596611688
3021069,119.01532372496976
3021070,0.0
3021071,24.99185294364805
3021072,8.218864152288383
3021073,332.07365313783373
3021074,10.04085312995707
3021075,188.01189903014568
3021076,121.55624232330007
3021077,4.424741805364752
3021078,8.054172845539362
3021079,190.76913056580833
3021080,42.143064269048274
3021081,1729.4790390288454
3021082,2.715021254500564
3021083,4.86745819681594
3021084,4.7179872266449525
3021085,0.0
3021086,0.32689790238139527
3021087,1115.3286944905296
3021088,0.0
3021089,273.78429767113124
3021090,5.545992736655648
3021091,574.6744406851294
3021092,372.4663531560824
3021093,118.72944421372766
3021094,51.92832575307508
3021095,44.546562034529245
3021096,1902.7689725169898
3021097,15.121813361689284
3021098,0.5769509985508495
3021099,15.538485053677872
3021100,13.311114041370608
3021101,0.40857121123241047
3021102,114.58241572578356
3021103,0.3163896542137556
3021104,5.618975698523085
3021105,2.0129548451435344
3021106,32.01772863612124
3021107,0.9442653556096732
3021108,334.3527381749979
3021109,115.00636668441646
3021110,4.04396619245255
3021111,1.711292398022317
3021112,183.64113744008517
3021113,33.3673362175868
3021114,629.5471455841345
3021115,2.085101805475323
3021116,2.5129060887544217
3021117,10.482528505566574
3021118,0.087395697050041
3021119,3.176956199319716
3021120,5133.968094273242
3021121,0.23646592381995743
3021122,906.3746514041101
3021123,17.968722301043776
3021124,1246.9095791171246
3021125,1504.0889643775783
3021126,400.4935798217922
3021127,352.66351976774297
3021128,199.1670709425684
3021129,5481.574081397073
3021130,38.71472875195715
3021131,4.1174465533541245
3021132,27.154842535691756
3021133,32.096002317365965
3021134,0.4034706250297185
3021135,352.65586150229285
3021136,17.661803474120113
3021137,43.564794048446664
3021138,9.743576364007454
3021139,219.21128110940177
3021140,5.8739991436701695
3021141,360.3616440463859
3021142,344.6163852867155
3021143,14.50277097191696
3021144,13.159164894286878
3021145,513.6236577325276
3021146,109.65922908661484
3021147,3528.505762938898
3021148,5.514570232576171
3021149,21.5223321931576
3021150,11.786175288036898
3021151,0.0
3021152,5.500117203741398
3021153,5376.352549795478
3021154,0.0
3021155,1066.6526701207888
3021156,16.59159976309106
3021157,1813.510124146921
3021158,1487.961415852485
3021159,598.9542860572375
3021160,430.3652581441808
3021161,102.5517619139465
3021162,7255.641217429723
3021163,19.1109170825741
3021164,2.0077308416741446
3021165,51.08769491986982
3021166,27.342427235669522
3021167,1.439948504632457
3021168,441.29974543051264
3021169,0.0
3021170,9.025572614231429
3021171,9.873355448879709
3021172,78.71904736262123
3021173,2.127639584607532
3021174,233.17542757186277
3021175,457.9960689754821
3021176,8.089791612220186
3021177,9.44819575762511
3021178,346.6400580844806
3021179,104.01120393835706
3021180,2144.538590703761
3021181,17.375802268151574
3021182,3.2105193436367916
3021183,8.774538587957394
3021184,0.028847094495092502
3021185,4.413668715576998
3021186,4186.074775606475
3021187,0.0
3021188,963.7841102069684
3021189,15.421139365201117
3021190,1346.4535045000716
3021191,1106.9971888588555
3021192,394.6759773427318
3021193,259.9492060013846
3021194,90.37462171987423
3021195,5118.325401168505
3021196,28.16752680071882
3021197,2.5624181373194155
3021198,34.94731730725493
3021199,21.358423692095084
3021200,0.4514352168498392
3021201,359.8906592188777
3021202,0.0
3021203,5.987174949556494
3021204,7.782823059325202
3021205,118.47524666997377
3021206,2.4742873774980336
3021207,138.41507658027362
3021208,371.786719127422
3021209,7.064129799034774
3021210,4.120409180584733
3021211,259.21709208377024
3021212,83.29428732590493
3021213,1493.80553346628
3021214,20.018697961093434
3021215,7.501239485154365
3021216,16.29868279639359
3021217,1.804462314518449
3021218,20.511862139425613
3021219,11583.866046462072
3021220,0.0
3021221,1515.6976319114958
3021222,45.41355321384966
3021223,2310.9006229847823
3021224,2741.2080347511574
3021225,490.56276788092595
3021226,631.7467435046867
3021227,430.8461110333924
3021228,9639.404323862296
3021229,119.99435727508813
3021230,4.1961502113591465
3021231,65.11099464926649
3021232,70.51889893740307
3021233,1.7661647312473592
3021234,705.6003892754612
3021235,61.084534292543935
3021236,67.71930572395983
3021237,25.268275298828367
3021238,240.15109800256772
3021239,35.909879603492584
3021240,817.5586099376205
3021241,700.0627349811061
3021242,25.174476907423294
3021243,29.282135213595883
3021244,1313.371689798318
3021245,280.8329871494861
3021246,8757.554219907455
3021247,3.106505273849635
3021248,98.25509607805861
3021249,3.2550628327410256
3021250,0.3314048391191068
3021251,0.9371011029354381
3021252,1530.644415032352
3021253,0.0
3021254,200.62223729642486
3021255,4.334840628025731
3021256,1115.0485912782915
3021257,316.8771280501605
3021258,129.24190851566465
3021259,148.47828025136766
3021260,47.96194191123164
3021261,2247.2928176866612
3021262,8.334999076971723
3021263,0.5363644213026939
3021264,12.139438576023075
3021265,10.862983073295482
3021266,0.5329938786199842
3021267,163.43231476952886
3021268,0.7768244200328328
3021269,0.0
3021270,4.9432895319807795
3021271,54.471020448363554
3021272,0.9938427239239198
3021273,57.44931215913245
3021274,114.12500620339054
3021275,1.9478322901926963
3021276,5.251998395148023
3021277,115.66018790194451
3021278,18.957918371103634
3021279,535.9434377403179
3021280,8.50203550606174
3021281,4.2810613927570325
3021282,10.338429887560858
3021283,0.4113390765175847
3021284,5.235124020046853
3021285,4256.003447870704
3021286,0.0
3021287,686.7027109087176
3021288,10.39877162264559
3021289,1825.3087396576746
3021290,971.3895262518545
3021291,317.86826089691345
3021292,316.96656017499174
3021293,86.82587470724864
3021294,6044.7764709166
3021295,17.27423374088521
3021296,0.731248176360584
3021297,40.46165075209834
3021298,23.74190963885658
3021299,0.13663416891912908
3021300,405.03404787364315
3021301,3.2048436111517464
3021302,3.15236401802879
3021303,12.441867082176195
3021304,15.92211704281627
3021305,2.7018768897399226
3021306,439.85282235045867
3021307,415.73702458842655
3021308,4.968007767393631
3021309,12.177276798699978
3021310,149.51803098401555
3021311,82.91129286616456
3021312,1519.7420712990915
3021313,21.31581342871158
3021314,4.828116556050203
3021315,1.6654587620712
3021316,0.0
3021317,0.9639208907290029
3021318,1007.1954724084266
3021319,0.0
3021320,160.37575505916234
3021321,2.4160373032706124
3021322,1080.8093272718788
3021323,223.01902033641858
3021324,107.34070445775515
3021325,184.05914425639034
3021326,19.953226860109684
3021327,1271.0958003296932
3021328,4.9467314885676235
3021329,0.5696864152102612
3021330,8.429931203262491
3021331,3.3358982544705507
3021332,0.1366880784828577
3021333,100.64740470722853
3021334,0.0
3021335,0.0
3021336,0.6909810604734563
3021337,15.410706607908331
3021338,0.40165423160584074
3021339,76.74906633731663
3021340,78.52054190261047
3021341,0.9848102789678768
3021342,1.651574490676583
3021343,62.28581584117887
3021344,12.529866756848783
3021345,249.14547557625755
3021346,7.322091728521286
3021347,2.307071214456353
3021348,11.609549214066615
3021349,0.0
3021350,4.50778349932464
3021351,2282.587414419297
3021352,0.0
3021353,306.55515325835296
3021354,8.932962377735928
3021355,1151.5207356393078
3021356,518.8189478551641
3021357,210.54159279208199
3021358,171.43889125532334
3021359,44.44774965518998
3021360,3405.270856175409
3021361,6.337992849765652
3021362,0.9103421812521966
3021363,28.373455056570606
3021364,20.246525686920783
3021365,0.3991150952750571
3021366,267.54385453947395
3021367,0.0
3021368,0.0
3021369,19.540944443781704
3021370,29.872997215198826
3021371,3.8077270569509523
3021372,313.64013164427695
3021373,268.65539223341347
3021374,3.827588396564762
3021375,7.086746895061702
3021376,252.58241402033264
3021377,31.067020545465503
3021378,1330.6902439409102
3021379,9.107209813967174
3021380,2.0626205523110475
3021381,2.9372868774181953
3021382,0.1680335594992292
3021383,1.3800206223771143
3021384,2514.3518325016867
3021385,0.0
3021386,663.6015788328682
3021387,3.38454466512242
3021388,776.7280502046806
3021389,725.3900434414749
3021390,221.79408972408717
3021391,107.40743791583743
3021392,56.23445363388038
3021393,4085.2590782146053
3021394,7.086131062736894
3021395,3.895067244975303
3021396,25.519471375657382
3021397,32.93586400269271
3021398,0.1435186714680757
3021399,197.3482300694896
3021400,5.036222348756662
3021401,0.6269909438077808
3021402,7.078984263282546
3021403,32.34794617815384
3021404,2.3088325978866067
3021405,152.2211739294684
3021406,222.53517530298424
3021407,4.030854734378741
3021408,6.248744910891873
3021409,132.7461975607898
3021410,31.52692459273006
3021411,560.9641653165162
3021412,14.755635236513674
3021413,3.239344148758407
3021414,5.2065676579077955
3021415,0.018020919814797757
3021416,0.6482317785243265
3021417,1712.9842088001856
3021418,0.0
3021419,131.92464646620166
3021420,4.277224204257338
3021421,576.6874575049071
3021422,247.26580909620398
3021423,103.60379559413839
3021424,178.9692179333619
3021425,78.82517899515636
3021426,2080.7827707434803
3021427,9.27025272763181
3021428,0.46584895203075793
3021429,18.834577546275128
3021430,10.703515291056613
3021431,0.3155659001850648
3021432,113.02063071713373
3021433,0.0
3021434,0.0
3021435,0.7793857139719117
3021436,159.03774269723726
3021437,0.9949724488277523
3021438,199.80622106232835
3021439,106.51216371740705
3021440,0.7205207418005518
3021441,2.0415278262093755
3021442,57.67472470140715
3021443,21.730365837693828
3021444,414.0772453530483
3021445,2.834298638502249
3021446,0.8267815321679787
3021447,6.6088819954155875
3021448,0.0647940739335794
3021449,2.770354823381042
3021450,3865.599612950668
3021451,0.0
3021452,552.4111170511493
3021453,10.2727966713791
3021454,978.4610501977077
3021455,760.7572840430695
3021456,240.96203474759298
3021457,155.77996079394984
3021458,111.51199424744875
3021459,4341.574029532686
3021460,10.138479267791867
3021461,0.48816712547914054
3021462,34.54980198074924
3021463,11.831032624121889
3021464,0.18154269047209678
3021465,235.14643742146413
3021466,0.0
3021467,30.679626878132595
3021468,2.8697867411415197
3021469,87.59103003836789
3021470,1.0290136049057124
3021471,194.40658423478615
3021472,236.01278406200004
3021473,3.1468992272795524
3021474,3.8868560101150815
3021475,116.74772983965896
3021476,50.30166043189636
3021477,1270.6738956274482
3021478,37.017150035980166
3021479,1.8287676188590005
3021480,4.0009974729080495
3021481,0.008998299935523582
3021482,5.8993826516739425
3021483,2594.9944158730514
3021484,0.0
3021485,454.33199890204014
3021486,4.41072781007008
3021487,804.4972335432223
3021488,741.7443844647499
3021489,135.79884394122237
3021490,136.08257425171928
3021491,89.93926744429216
3021492,3059.325392389048
3021493,52.78885466810388
3021494,1.4882109892629
3021495,20.956174434224213
3021496,21.697842195694893
3021497,0.34281681588297264
3021498,208.8480645841526
3021499,25.528978280350945
3021500,15.67668007906534
3021501,1.2846607322221837
3021502,80.74229384112378
3021503,8.776438218241731
3021504,150.45518127310552
3021505,216.4335614033235
3021506,9.802732384122622
3021507,15.568365574120095
3021508,213.93181517791243
3021509,47.996544784241216
3021510,1887.018482055855
3021511,0.37142071729476805
3021512,10.076085759843354
3021513,9.691919988345116
3021514,0.0
3021515,7.751826973793884
3021516,3522.845832690845
3021517,0.0
3021518,581.6650997231561
3021519,15.596425172998048
3021520,1608.6957896597282
3021521,1019.2531528453778
3021522,194.36439269587632
3021523,138.93151001316878
3021524,126.21341655724014
3021525,4663.193042720379
3021526,33.09843982127262
3021527,1.8657589594921955
3021528,32.43312258791513
3021529,99.08697103009844
3021530,0.4043616728129368
3021531,468.9080015210978
3021532,40.576060489743206
3021533,13.929253090539165
3021534,11.880109500242789
3021535,106.56682890077833
3021536,14.778857817597071
3021537,150.82192448191088
3021538,512.2046213939778
3021539,9.472630879266514
3021540,16.570140153817743
3021541,139.30820593626032
3021542,86.64197692272835
3021543,2184.0714788893188
3021544,0.5536117879039779
3021545,21.433030564335724
3021546,12.600086460932612
3021547,0.20888049347866847
3021548,4.934335491596395
3021549,4656.289753563732
3021550,0.0
3021551,914.1029870831476
3021552,8.027726543744457
3021553,2230.90138792106
3021554,864.6792134823828
3021555,262.13908767561554
3021556,342.33331319751517
3021557,73.9795997870104
3021558,6216.0463659173465
3021559,47.05100737712454
3021560,3.0879097012366024
3021561,47.98973554694849
3021562,24.709421315815575
3021563,0.3660733815864942
3021564,435.7932447553377
3021565,12.738594002279921
3021566,19.703408726235423
3021567,7.721167011070396
3021568,78.41113137841997
3021569,5.6541117842234545
3021570,96.53712463710667
3021571,380.16111214339196
3021572,10.447660595443972
3021573,13.670830901709072
3021574,261.70224414170536
3021575,52.194700970089265
3021576,1874.6009868369983
3021577,4.63110131426889
3021578,19.570840911813598
3021579,5.184970125664596
3021580,0.06416679469030924
3021581,7.660478013621768
3021582,3881.864511650764
3021583,0.0
3021584,529.3943785100989
3021585,7.787317367227534
3021586,1015.9602686271901
3021587,1120.9157709378692
3021588,275.09631455067307
3021589,218.5791003746802
3021590,125.62201848206249
3021591,4662.19855746688
3021592,33.67464397780191
3021593,1.4779032593192243
3021594,12.870086487706631
3021595,11.703883376900135
3021596,0.5571853178783926
3021597,341.3803068575599
3021598,39.08181606013974
3021599,27.808019361146116
3021600,2.477385484285325
3021601,99.50511863674761
3021602,8.201959381366308
3021603,433.1190671303825
3021604,315.6344099779408
3021605,11.099320070901431
3021606,15.316234990226445
3021607,491.8705340097739
3021608,49.78794145979156
3021609,3009.284765454512
3021610,0.0
3021611,34.42740203358527
3021612,5.695274790123791
3021613,0.0
3021614,3.000003322252278
3021615,4447.1065595173795
3021616,0.0
3021617,422.44566909974753
3021618,7.704450445425175
3021619,2083.018843115993
3021620,631.9086985505052
3021621,286.1076955011159
3021622,159.42305080236898
3021623,67.3818010287736
3021624,5322.9771575939585
3021625,11.154255255020795
3021626,2.6946358812146123
3021627,25.72536448533058
3021628,25.74336702738422
3021629,0.28374073237398617
3021630,377.5268606712287
3021631,0.0
3021632,0.03672318412154109
3021633,7.914651062232118
3021634,68.66968977930246
3021635,2.345622781754421
3021636,146.61069479184854
3021637,320.67857353420453
3021638,4.844481664727008
3021639,8.649389190976065
3021640,165.06292496800546
3021641,51.006565072546294
3021642,982.0969820537847
3021643,14.305720437234502
3021644,5.2626341820092115
3021645,11.081453679251299
3021646,0.04372810900296978
3021647,12.345407215527048
3021648,4013.489100603235
3021649,0.0
3021650,717.1273499660208
3021651,12.16334720896605
3021652,1830.5733211827956
3021653,1073.95219081882
3021654,344.088931360972
3021655,204.7138061033274
3021656,149.17429933202553
3021657,5233.287145226626
3021658,50.78361057639675
3021659,2.3133643150741747
3021660,35.66817669910326
3021661,48.4183878064606
3021662,0.6680905612117968
3021663,389.8871979760351
3021664,39.661211683932954
3021665,16.904875713266488
3021666,13.381634580257254
3021667,125.88603437031196
3021668,15.696788032659418
3021669,278.28274110045027
3021670,556.1369250073174
3021671,19.687294359417212
3021672,13.721924495139652
3021673,258.38034414849864
3021674,70.19315671778453
3021675,2732.189639654205
3021676,0.0
3021677,8.713357901489008
3021678,5.634331556938558
3021679,0.16880474343022953
3021680,7.771801550737716
3021681,3612.905119908737
3021682,0.0
3021683,574.4997520634955
3021684,16.85987698431324
3021685,944.2497542498696
3021686,1020.7367740293693
3021687,214.50645128210707
3021688,184.29590484601772
3021689,115.58371796713662
3021690,3927.9858769762513
3021691,41.060939525253346
3021692,1.3982557583526394
3021693,31.76136348619699
3021694,25.579877899613745
3021695,0.1543649424478164
3021696,283.1499581600093
3021697,35.148865069503174
3021698,34.44426271047696
3021699,7.886791694521006
3021700,72.75457999302836
3021701,11.598771930153223
3021702,249.67528441615633
3021703,290.86235465419566
3021704,10.208201429733881
3021705,14.532136218907716
3021706,252.14531048895654
3021707,59.45876917442116
3021708,2721.788030057538
3021709,0.28519497744620176
3021710,18.728834151190306
3021711,5.36993530269837
3021712,0.04259379953938637
3021713,5.272467207596986
3021714,6184.584093255434
3021715,0.0
3021716,741.0592484162522
3021717,21.57629758212099
3021718,1468.2424525696204
3021719,908.3295411131822
3021720,321.26018865356053
3021721,267.2134613372772
3021722,88.72271835496267
3021723,5944.256910276402
3021724,15.147575419554096
3021725,0.15262141508772753
3021726,15.011322097176311
3021727,20.02223383036628
3021728,0.22438097417433772
3021729,311.60328240440896
3021730,0.0
3021731,10.17389546818571
3021732,2.4526080897681473
3021733,114.81766585201946
3021734,5.915030848675469
3021735,231.74518267736045
3021736,354.88350587942443
3021737,3.7133675957924965
3021738,3.193211758425116
3021739,284.16456804470096
3021740,137.15047539246805
3021741,1434.5690053246315
3021742,19.864014502591225
3021743,1.1897170502373489
3021744,21.957308776877362
3021745,0.0
3021746,26.791175792775135
3021747,14422.950875070877
3021748,0.0
3021749,2351.339517814677
3021750,19.247993514527224
3021751,3251.581899170251
3021752,3545.438094792202
3021753,808.8988407396424
3021754,919.7478884737089
3021755,497.92838548517744
3021756,13174.070093686498
3021757,118.88296422267695
3021758,6.262234324225992
3021759,114.96342533390676
3021760,165.7844164352585
3021761,1.857659666934618
3021762,1087.629626076817
3021763,47.360481680346915
3021764,28.381501536794644
3021765,22.430132687325226
3021766,382.21314352966584
3021767,31.762563924294767
3021768,1071.6362344371476
3021769,830.9553713775607
3021770,65.85992578219762
3021771,52.919189524011955
3021772,1520.1573643768647
3021773,299.0921564563452
3021774,11562.51255240354
3021775,101.59767376865446
3021776,116.4461837540034
3021777,20.631481335445493
3021778,0.0
3021779,21.169069274986136
3021780,13900.96860860008
3021781,0.0
3021782,1720.953894277635
3021783,20.317981167686984
3021784,3532.9499974700807
3021785,3259.6413533640666
3021786,1043.4684714265302
3021787,580.7796752751373
3021788,415.3316404534121
3021789,14491.67193938525
3021790,194.5750536656245
3021791,3.4188944137182133
3021792,51.760494482363576
3021793,107.68747055793752
3021794,1.2510810977887081
3021795,1011.6237733307557
3021796,54.09735057596012
3021797,49.58348901965737
3021798,8.143197568394593
3021799,232.66720161350298
3021800,25.142602986915715
3021801,1373.8832610559803
3021802,1040.608236573346
3021803,40.58408981884863
3021804,45.106043309839265
3021805,1666.4824587787793
3021806,291.16071369889505
3021807,8122.072305422522
3021808,194.49285671952262
3021809,126.11678849422015
3021810,20.81234722326155
3021811,0.0
3021812,27.03139417785235
3021813,10291.576208155151
3021814,0.022536086489446924
3021815,1407.911625507332
3021816,17.1477305895096
3021817,3681.4934048204036
3021818,2582.0243049374476
3021819,1187.5918708424408
3021820,271.3878768343524
3021821,354.98979132198076
3021822,14478.153085803044
3021823,62.986917253743805
3021824,5.16104553993665
3021825,54.8338927142439
3021826,52.03004283582586
3021827,1.1312074258551152
3021828,985.1779716633357
3021829,64.2820127078615
3021830,33.460662078856565
3021831,11.86685393170469
3021832,134.0271500721567
3021833,14.730429734430173
3021834,1176.0627561365195
3021835,1183.820233713725
3021836,38.93499869056887
3021837,72.80430468436097
3021838,1276.058441682083
3021839,166.3799801933785
3021840,4141.3107458174345
3021841,129.96417173749492
3021842,68.51560548612073
3021843,21.860556507448788
3021844,0.0
3021845,28.157711952326277
3021846,13348.148572498289
3021847,0.0
3021848,1599.337461966064
3021849,22.01074076570044
3021850,3224.1002060920478
3021851,3107.347885738562
3021852,990.3131213183865
3021853,529.1879283375735
3021854,363.24831290044494
3021855,13448.290687539022
3021856,73.8003078849456
3021857,4.211553529864222
3021858,52.782181751835594
3021859,130.85883621408365
3021860,3.783342889909164
3021861,922.7038773340377
3021862,61.113298958548874
3021863,39.05019465720712
3021864,6.658761508029259
3021865,222.53350274538985
3021866,18.50815654749103
3021867,1045.4794390826316
3021868,1025.333691303695
3021869,42.799956801887014
3021870,45.38767603815151
3021871,1467.3858621090772
3021872,252.98073620604447
3021873,7314.28458474188
3021874,135.31460723948294
3021875,88.80714754925805
3021876,21.042495754858802
3021877,0.0
3021878,28.105981556582925
3021879,8461.098977421345
3021880,0.030452919965464356
3021881,1343.1557407701534
3021882,17.512599469697598
3021883,3260.382528207962
3021884,2203.6391006984027
3021885,1014.6065321716602
3021886,237.08989037506984
3021887,288.03678353207397
3021888,12472.967212771835
3021889,78.36322462672695
3021890,1.748995176252474
3021891,50.224834701532004
3021892,76.13846265252188
3021893,1.6487444103395419
3021894,956.7991699581123
3021895,46.55537782924281
3021896,21.73016129901428
3021897,6.052780083775382
3021898,129.0174444142596
3021899,10.433569434869966
3021900,1143.6076830777347
3021901,1077.9897484802707
3021902,34.38164566446776
3021903,37.46080139231362
3021904,1312.3079570034756
3021905,146.0432596955235
3021906,3221.19503762389
3021907,102.87415054771752
3021908,39.83031209720829
3021909,14.89268586302941
3021910,0.0
3021911,14.410702484981115
3021912,9263.94769913593
3021913,0.0
3021914,1358.4536926606286
3021915,17.04404706690499
3021916,2204.458733245789
3021917,2688.445044474457
3021918,568.8201610388421
3021919,611.3319882219232
3021920,393.30095488273105
3021921,9283.58825813834
3021922,97.86137379687715
3021923,2.2602990191235284
3021924,38.54398247179956
3021925,73.02009478931828
3021926,1.90769490806975
3021927,636.9318229899701
3021928,32.79884576600766
3021929,32.5123092484231
3021930,10.945146410453264
3021931,257.4478740857769
3021932,23.53717011360489
3021933,880.2010421003527
3021934,674.3532382252406
3021935,27.046672981589253
3021936,43.8302160313938
3021937,1198.6369046978284
3021938,230.43468687892144
3021939,8497.49269657741
3021940,92.75702851057443
3021941,75.97607439516719
3021942,9.499734044216595
3021943,0.42435516960555436
3021944,6.677850485923731
3021945,2268.538215752526
3021946,0.0
3021947,389.7070331763257
3021948,17.039219655997787
3021949,1071.651362474255
3021950,619.2175343913935
3021951,243.7676429697659
3021952,112.72810608639044
3021953,100.50804283593713
3021954,3210.3569224732173
3021955,49.14232056280667
3021956,2.3107560935633207
3021957,23.83280410516977
3021958,23.549799060713283
3021959,0.5863745700971157
3021960,270.8796777226885
3021961,21.729279268538722
3021962,8.040273616852986
3021963,11.377631355390717
3021964,64.11629446412229
3021965,9.663832782426393
3021966,274.3731393535843
3021967,264.3738887542131
3021968,5.28268578183612
3021969,8.296096940972793
3021970,251.39092554005603
3021971,51.0421595950279
3021972,1654.3573327469417
3021973,2.875416009326271
3021974,12.818903968811574
3021975,14.400420509141158
3021976,0.0
3021977,16.681255954491657
3021978,6817.878437333625
3021979,0.0
3021980,765.9629757487634
3021981,33.01183765901843
3021982,2252.86469248399
3021983,1666.5235039718093
3021984,665.3786329957724
3021985,168.29336585561984
3021986,174.14928965258954
3021987,8728.973867233091
3021988,129.49715930901186
3021989,3.435815081633673
3021990,60.440382449753066
3021991,100.89071888780538
3021992,1.2241972614155086
3021993,677.4675599797949
3021994,38.50009408554978
3021995,5.676918529235382
3021996,4.796451426071072
3021997,118.34716070244005
3021998,11.622193329700515
3021999,623.93721788218
3022000,752.0583114475817
3022001,20.82079828280125
3022002,36.16144417540558
3022003,543.5860565128903
3022004,83.7818487019823
3022005,2731.8619678302794
3022006,97.56318351627101
3022007,28.22206465539553
3022008,11.77830856717717
3022009,0.0
3022010,5.973406123555595
3022011,5939.436286386733
3022012,0.0
3022013,1115.021015376865
3022014,5.939658122739331
3022015,1759.2788782430032
3022016,1995.0267580060674
3022017,317.90838895914146
3022018,422.7809401024475
3022019,292.5587284395414
3022020,6138.569839853504
3022021,52.68936582966807
3022022,2.438641421560539
3022023,44.0050455938537
3022024,42.8301721760191
3022025,0.9491248848082771
3022026,445.6997621674765
3022027,7.2904759729087765
3022028,33.97487866880188
3022029,9.172761942520316
3022030,172.8562819551
3022031,13.955129071756955
3022032,629.4326844843961
3022033,365.36774433116847
3022034,24.814432438083113
3022035,14.91205607831562
3022036,471.20853248576157
3022037,146.61878596930387
3022038,5827.78446298355
3022039,29.11159012745115
3022040,57.099317439015046
3022041,21.858206472605378
3022042,0.0
3022043,13.111798183138689
3022044,7042.338878447719
3022045,0.0
3022046,1251.051775188533
3022047,17.09480853451271
3022048,2509.3056838570906
3022049,1811.632279293266
3022050,580.7681326034764
3022051,319.7085362618154
3022052,467.8229283019155
3022053,9436.942847385046
3022054,72.82741961443685
3022055,4.105331141169091
3022056,80.83998112331585
3022057,82.15277202059035
3022058,1.1250795896353378
3022059,596.4922886383224
3022060,18.79130231065628
3022061,79.77560646908886
3022062,12.550352961149109
3022063,289.8424668379379
3022064,14.274077849225327
3022065,692.2449853058463
3022066,598.620719742856
3022067,21.020121255184105
3022068,44.825106191965126
3022069,714.9768015027325
3022070,193.04611911458568
3022071,6910.484835175249
3022072,19.946003111066826
3022073,14.507939106505521
3022074,14.841780147504311
3022075,0.14025847547130363
3022076,6.6863709078761335
3022077,3154.738742319936
3022078,0.12474910221652866
3022079,653.0984270396372
3022080,8.022554652824288
3022081,1244.2691814248744
3022082,758.8369495619644
3022083,321.7597006666893
3022084,144.36367921978646
3022085,177.6719388409757
3022086,4129.178323090878
3022087,20.14928818365439
3022088,1.461461267186103
3022089,32.080790065779475
3022090,30.39891360322093
3022091,0.2792143810124628
3022092,274.3450382309471
3022093,7.436428896063808
3022094,8.98352359131093
3022095,7.8939446812328375
3022096,132.23264663963337
3022097,6.85677145704192
3022098,371.4072032934997
3022099,331.8167013905906
3022100,7.444989828534283
3022101,9.83931391933259
3022102,275.16995129489163
3022103,70.70403395191222
3022104,2564.7250347086915
3022105,2.940370658574644
3022106,5.41308978783872
3022107,9.754472479370596
3022108,0.0
3022109,2.6259347211955975
3022110,5704.21864298997
3022111,0.0
3022112,362.76004277057496
3022113,2.166250262873066
3022114,1933.375837148437
3022115,340.9877026768211
3022116,302.30363620418194
3022117,100.74837718068747
3022118,38.05939320787444
3022119,4509.132505142631
3022120,7.85246784937131
3022121,1.0089953724047154
3022122,31.264285171624422
3022123,19.249340578610838
3022124,0.20603146203370862
3022125,357.13618654805356
3022126,0.0
3022127,0.0
3022128,5.2518135452779
3022129,27.47896208146566
3022130,1.6921563386636322
3022131,62.88598519023234
3022132,284.2981403518012
3022133,0.0
3022134,3.0734411523787815
3022135,75.61897592226525
3022136,122.68185817254054
3022137,822.1117422491023
3022138,5.631314040235661
3022139,3.458470960936985
3022140,9.422929014415546
3022141,0.12942233194878844
3022142,10.086098298594765
3022143,5641.470161866266
3022144,0.0005687666566649492
3022145,718.0815888550101
3022146,14.379381649216667
3022147,1719.7538721407216
3022148,1520.2524550331414
3022149,485.5491600487517
3022150,282.90074185961623
3022151,200.20764268104213
3022152,6600.644654683129
3022153,61.00957988043566
3022154,2.2075945014483342
3022155,32.920471823506325
3022156,56.773267317686
3022157,0.24020075823597767
3022158,497.1485980904529
3022159,47.15826511398296
3022160,19.970657803051136
3022161,10.966087045921972
3022162,112.44064543959075
3022163,10.197100848608692
3022164,580.4040842905887
3022165,478.10971692339723
3022166,16.74003742535243
3022167,22.611313118087946
3022168,771.2350976149901
3022169,123.64662766105636
3022170,3539.9321542561115
3022171,0.0
3022172,53.98662578298052
3022173,5.730924345376763
3022174,0.10916980748172424
3022175,4.5918457532256856
3022176,3973.9247032079543
3022177,0.2311769228874501
3022178,652.2751256878562
3022179,16.42663248436618
3022180,825.2920690294239
3022181,1212.7717003147698
3022182,167.48707485556713
3022183,262.6521352788838
3022184,221.32606694514286
3022185,3338.028557044453
3022186,39.74942940438254
3022187,2.526239796015214
3022188,32.54942442367122
3022189,26.53664454643863
3022190,0.47012422362873035
3022191,213.07252834339175
3022192,20.199639936225427
3022193,42.26938667329204
3022194,7.786578478058881
3022195,182.8767996233259
3022196,13.67454917604871
3022197,380.09474221110366
3022198,216.4257774631593
3022199,8.92148965025633
3022200,14.403314878800172
3022201,539.1082081820266
3022202,124.31785379809898
3022203,4220.2557735473
3022204,0.2701096216379986
3022205,33.5222601247142
3022206,6.740356151240903
3022207,0.5161511466885453
3022208,13.993076109727346
3022209,6097.476365462289
3022210,0.0
3022211,940.4120855260464
3022212,16.08203433705631
3022213,1388.4834322473414
3022214,1762.8338643308996
3022215,360.33460914308364
3022216,445.2018348929401
3022217,171.25818230309443
3022218,5814.864414119079
3022219,41.33274989832656
3022220,4.575766299595203
3022221,41.002910470707384
3022222,54.85206613320353
3022223,0.956257980195798
3022224,461.0093856441364
3022225,37.38647265834814
3022226,35.303209550107404
3022227,19.250494765681136
3022228,118.89341325064223
3022229,19.93786676068287
3022230,410.05515602898765
3022231,444.58675238562324
3022232,29.027231783444105
3022233,23.279855927226656
3022234,691.4748424156344
3022235,169.88580999174096
3022236,5364.292233315241
3022237,0.8161903887458041
3022238,49.48421416726764
3022239,19.67355148637711
3022240,0.47216061954597255
3022241,9.74052326426728
3022242,4819.54601727595
3022243,0.0
3022244,707.8502471458592
3022245,11.854456895120903
3022246,1876.2000737079886
3022247,1137.4251176032578
3022248,646.2006420264094
3022249,244.9875669214196
3022250,110.65412141966951
3022251,8655.88046406174
3022252,17.718586427405562
3022253,2.4656846424260044
3022254,90.28874364277891
3022255,57.78813083726913
3022256,0.4027534847711473
3022257,523.9409033866879
3022258,27.672170363550578
3022259,5.145510744744353
3022260,8.099238597799186
3022261,55.79000047216148
3022262,4.072668203821029
3022263,385.2661391484333
3022264,517.6638185602496
3022265,10.378505416840225
3022266,11.045173583246507
3022267,545.4100630153964
3022268,138.92041842740826
3022269,1904.5830406723571
3022270,38.58334944435825
3022271,20.643558799682815
3022272,4.358269368567249
3022273,0.0
3022274,2.742749260926107
3022275,1961.806727867357
3022276,0.0
3022277,328.3382896548146
3022278,12.5416644979628
3022279,548.2165212507592
3022280,620.2484509874303
3022281,129.77423397629468
3022282,138.26026367233058
3022283,120.75397409703034
3022284,2311.3524853054346
3022285,18.39628614276349
3022286,1.7148460621623274
3022287,13.75568319373888
3022288,21.661541358869755
3022289,1.0003767184741705
3022290,161.4215403511869
3022291,13.575547850753772
3022292,17.17305051251246
3022293,8.899467751442362
3022294,58.43534675834012
3022295,5.724491084570127
3022296,230.6685807270172
3022297,128.92579885330653
3022298,5.223171060604338
3022299,9.350634486260281
3022300,293.91311165742394
3022301,44.11704451412511
3022302,2230.303599717018
3022303,0.0
3022304,15.375646580645888
3022305,1.362041184603872
3022306,0.0
3022307,2.8015942310027184
3022308,1084.3082398061151
3022309,0.0
3022310,92.1218915374502
3022311,2.9389062723972215
3022312,834.7288720617853
3022313,278.4963720570514
3022314,228.67989758004285
3022315,60.93904891842973
3022316,30.034108254025
3022317,2299.416782533777
3022318,4.021514141707465
3022319,0.6307628424662914
3022320,9.592265543384597
3022321,7.918118248478036
3022322,0.08265242390645823
3022323,135.4176060109551
3022324,0.0
3022325,0.0
3022326,0.14111273427274026
3022327,10.299001945746983
3022328,0.690585628900338
3022329,138.52681965236476
3022330,139.9096044675124
3022331,0.7064704534219687
3022332,2.969061384822943
3022333,117.07749336840989
3022334,19.444923676932856
3022335,229.17035881985564
3022336,0.4883353291038388
3022337,0.9960570922113319
3022338,7.289492744907898
3022339,0.2917310380405002
3022340,2.600481757426562
3022341,3915.7073882708473
3022342,0.0
3022343,611.8142885920627
3022344,7.602420211886784
3022345,1435.799574758968
3022346,569.4731716170535
3022347,440.670635772031
3022348,305.14053935265855
3022349,61.961748090728626
3022350,6339.407807126243
3022351,31.72940445652708
3022352,0.728148789501092
3022353,0.0
3022354,15.045129984718292
3022355,0.11443093952089801
3022356,403.5658178080343
3022357,12.14901057184311
3022358,0.9294776778356765
3022359,6.959467130432895
3022360,35.0119599491412
3022361,2.04737585137845
3022362,590.910844564525
3022363,280.944170753486
3022364,2.7250141953473714
3022365,9.88060993237798
3022366,177.49675790961555
3022367,87.44361691940821
3022368,1034.2331267230868
3022369,6.725682065896018
3022370,9.067046491566034
3022371,5.45800291345693
3022372,0.005025881085654992
3022373,1.638877438003131
3022374,1680.7738624662518
3022375,0.0
3022376,190.09235646454115
3022377,5.25247186963739
3022378,1096.8153348041346
3022379,451.89842470139314
3022380,237.84118896212092
3022381,95.69026591130051
3022382,31.608486093593317
3022383,3149.4712820856735
3022384,9.196311743292268
3022385,0.9853472399509058
3022386,14.723115506808778
3022387,16.958598479371737
3022388,0.4187515095295535
3022389,186.7286991162143
3022390,10.317288097889609
3022391,0.0
3022392,6.001033577281539
3022393,23.25839707029174
3022394,1.9311357293587692
3022395,142.51118162447702
3022396,163.36958045832444
3022397,2.196898546209708
3022398,6.343236005332504
3022399,144.60792988457507
3022400,27.821912200310653
3022401,337.47494246537724
3022402,1.1209257246260274
3022403,4.517555840503569
3022404,4.9716062114340485
3022405,0.0
3022406,4.5864431155116545
3022407,1655.206403965213
3022408,0.0
3022409,128.20756710344813
3022410,5.800261291377934
3022411,879.1104262600127
3022412,279.4775025351024
3022413,156.64570260291362
3022414,63.515670220777544
3022415,32.47989331726109
3022416,2855.410964459364
3022417,12.110108400638552
3022418,0.07932525680315022
3022419,10.797778803199536
3022420,9.213671854614914
3022421,0.250687752673727
3022422,140.87669969262274
3022423,1.3445393777508805
3022424,0.0
3022425,3.539953356193317
3022426,37.03507386258705
3022427,0.9145154401026826
3022428,176.5096015360722
3022429,167.43651557724786
3022430,0.47439738423582956
3022431,4.796884541650304
3022432,63.889214418641394
3022433,17.945061767866054
3022434,153.0950475709074
3022435,1.5722595618598707
3022436,2.1728209536077885
3022437,3.8029876774893614
3022438,0.0
3022439,2.22295408874595
3022440,1490.2739899687324
3022441,0.0
3022442,167.3804713364849
3022443,6.194912386742567
3022444,1691.1666667333666
3022445,398.90514633113867
3022446,245.51973117525185
3022447,42.53229564605538
3022448,36.909144084158356
3022449,3124.7180756827665
3022450,12.317215109692928
3022451,0.4555664669751365
3022452,8.301104641806722
3022453,23.84485638712407
3022454,0.34837559164215626
3022455,222.89123654185005
3022456,2.1376130078223774
3022457,0.0
3022458,3.7747182495083758
3022459,18.459128168486664
3022460,1.8951746414892832
3022461,269.6148609197786
3022462,223.57090406896577
3022463,1.4770807772126757
3022464,5.182713972384305
3022465,70.28319210938486
3022466,99.58248326430788
3022467,362.30179440709554
3022468,0.908583737374692
3022469,3.2783716119409867
3022470,4.781096600207287
3022471,0.7566696078412467
3022472,4.779631647269969
3022473,1689.2866330816644
3022474,0.0
3022475,144.69317743351246
3022476,1.80561541909078
3022477,918.0031225798165
3022478,380.14138983945173
3022479,290.0058337595867
3022480,144.61166535926276
3022481,62.94060569937554
3022482,2809.1536730586545
3022483,8.49261786920591
3022484,0.9678256553120373
3022485,13.059989046894872
3022486,14.41536024341751
3022487,0.25609523934569167
3022488,229.8090380851716
3022489,8.557381291389843
3022490,0.0
3022491,5.39461551155969
3022492,19.40750581080323
3022493,2.0663139978655574
3022494,131.0522859721878
3022495,184.21338628432036
3022496,0.6923171714710731
3022497,5.580927243395212
3022498,93.12687316131857
3022499,39.449180356080156
3022500,602.5401583528115
3022501,1.1496910052093077
3022502,4.208359819498531
3022503,4.26548728445046
3022504,0.13059149922443636
3022505,2.335352709370741
3022506,1407.3042229792668
3022507,0.0
3022508,153.42317569891998
3022509,5.035697400935939
3022510,1952.3481144255436
3022511,254.73739354341592
3022512,155.6515326598153
3022513,327.15201478984125
3022514,25.592456175729684
3022515,2495.809058872656
3022516,5.001772827816471
3022517,0.3479989846276034
3022518,9.087646478844338
3022519,8.320507874795867
3022520,0.35843459039003595
3022521,177.848442652344
3022522,0.0
3022523,0.0
3022524,1.985495854309524
3022525,41.324448066129534
3022526,0.5279478728408529
3022527,54.6080916589926
3022528,133.72186412906342
3022529,1.240965010366496
3022530,2.271517536302108
3022531,60.98459192996644
3022532,35.006510729935925
3022533,513.1056939814246
3022534,11.121845067114373
3022535,0.43167807051429724
3022536,7.597105124660624
3022537,0.4539977675428851
3022538,2.781460788080241
3022539,3036.9838281637026
3022540,0.0
3022541,302.1168700815656
3022542,3.4614692924264845
3022543,1064.8662570226043
3022544,700.1292095824383
3022545,508.80695393848555
3022546,352.52268438307294
3022547,86.95854396100223
3022548,4775.538984204963
3022549,18.85304357132181
3022550,1.5886964346021704
3022551,15.017813046044516
3022552,12.673242961260836
3022553,0.07870808622900113
3022554,275.3646339318427
3022555,1.250951238563865
3022556,0.0
3022557,1.8834037193089899
3022558,34.395043023980946
3022559,3.294261591750775
3022560,266.9338423450112
3022561,252.18054364913598
3022562,1.1574618082605175
3022563,6.032021884250493
3022564,339.02067295517617
3022565,42.11665468986173
3022566,1204.1177832758501
3022567,3.264902253610797
3022568,14.177043906009946
3022569,2.3324210484747576
3022570,0.5392268074311344
3022571,5.214041954594722
3022572,1950.384540880682
3022573,0.0
3022574,532.0980698801548
3022575,8.03977918050753
3022576,478.488129891312
3022577,567.3302168232453
3022578,200.17249845296752
3022579,255.07078686455617
3022580,44.9962332361298
3022581,2632.93328667602
3022582,11.079774037893836
3022583,1.6366629028838835
3022584,45.81757598106376
3022585,12.009398454146933
3022586,0.4850436417468068
3022587,170.95151704470618
3022588,9.8805110921665
3022589,3.138963798515875
3022590,3.41814612247778
3022591,44.03465094790457
3022592,1.4978729702024907
3022593,85.13020540672709
3022594,142.28124123191105
3022595,5.491953690215428
3022596,5.4240824723777505
3022597,159.14419310577492
3022598,52.076120425670226
3022599,1423.7800000172394
3022600,15.75005493764476
3022601,8.816292354587377
3022602,5.851283369547396
3022603,0.38516695017280295
3022604,4.052262490985578
3022605,2346.222670297608
3022606,0.0
3022607,177.42244464197333
3022608,5.628365863269268
3022609,872.2601023964178
3022610,371.07239155471893
3022611,278.9287498131167
3022612,102.94450436604932
3022613,57.20326639641059
3022614,3395.314185998113
3022615,39.505735783176114
3022616,1.1502047997663771
3022617,11.944193474116545
3022618,16.813906390234912
3022619,0.20727481537584838
3022620,171.0008302511463
3022621,6.220894563188024
3022622,0.0
3022623,4.812152283115716
3022624,49.3655596859402
3022625,2.1901637241726544
3022626,128.95070004896365
3022627,162.80430498552596
3022628,1.2894023551227152
3022629,4.805931553933914
3022630,104.2879860696029
3022631,27.848097375005754
3022632,430.42387771226055
3022633,1.0748814413326395
3022634,3.7318003096898082
3022635,5.142694610757298
3022636,0.1391372791272178
3022637,5.3400872102049295
3022638,2432.0789516553223
3022639,0.0
3022640,577.8974198840293
3022641,10.417619097237402
3022642,813.0006137865739
3022643,701.5255581210502
3022644,203.50699497673057
3022645,152.85658582695194
3022646,82.3294893393595
3022647,3379.4666190308035
3022648,38.97800031773634
3022649,1.5198144373672244
3022650,9.184025110082187
3022651,25.213846070865337
3022652,0.24618467133930175
3022653,229.35166598908725
3022654,19.26181542134541
3022655,8.168589697083897
3022656,5.651306163398328
3022657,54.04773115560954
3022658,6.392178856014795
3022659,320.85632922480113
3022660,206.92921961283068
3022661,7.747806285969667
3022662,7.549942682492374
3022663,388.99694718351043
3022664,81.37459416819931
3022665,1927.561367230082
3022666,0.04682061879535784
3022667,24.502158666785533
3022668,6.579390832032216
3022669,0.15415090951635102
3022670,3.7057157293924643
3022671,2980.1151291038723
3022672,0.0
3022673,403.7425689206516
3022674,7.855254810401473
3022675,1604.5702228805205
3022676,621.008600711073
3022677,542.2070517042123
3022678,150.78236778899975
3022679,57.536709955727204
3022680,4974.665253936818
3022681,12.970010490172044
3022682,0.7775478395260867
3022683,31.611632669083154
3022684,14.515777814565196
3022685,0.0
3022686,302.0776080511737
3022687,0.5852470625479315
3022688,2.689730284490587
3022689,4.390639344749538
3022690,41.22577060967424
3022691,0.9270645962644024
3022692,252.88672260678064
3022693,276.21386958396266
3022694,5.020134716266275
3022695,3.8275976962578175
3022696,245.55308073888827
3022697,40.044009643945465
3022698,718.8696702523386
3022699,14.367668263326918
3022700,12.155341679322888
3022701,9.843426639838302
3022702,0.69493592044456
3022703,3.670017889029966
3022704,2885.268653823706
3022705,0.0
3022706,433.0013591463941
3022707,2.922566172079119
3022708,1741.672751403703
3022709,554.0487961946212
3022710,293.84128026746436
3022711,508.05487394360773
3022712,67.16118441114449
3022713,4055.960487006375
3022714,14.036011827309864
3022715,0.9642363753242197
3022716,48.402222469498824
3022717,52.43345586371595
3022718,0.29028953189025686
3022719,318.0317214010711
3022720,4.474896230129648
3022721,1.2760357349134814
3022722,11.167710449842119
3022723,67.17119108608945
3022724,1.542602194306354
3022725,94.7835388098283
3022726,258.50861256679974
3022727,2.5380303573642364
3022728,3.9585411955982504
3022729,137.80724278481864
3022730,141.85912978266333
3022731,1131.3339276338506
3022732,9.827396252612084
3022733,6.6523505226793604
3022734,4.262915098543844
3022735,0.19017401392196864
3022736,3.014147077073973
3022737,1687.4747392848446
3022738,0.0
3022739,152.44580052056915
3022740,10.23277682015197
3022741,707.5709857426468
3022742,347.44617149319464
3022743,147.39370514324477
3022744,70.01611498419041
3022745,48.35967366687357
3022746,2631.125380389736
3022747,11.93826427773274
3022748,0.3156634484887674
3022749,19.27239606893027
3022750,19.422191105677282
3022751,0.19793450955288075
3022752,183.43596079739478
3022753,2.956799937668945
3022754,0.0
3022755,6.919711896677103
3022756,77.06714474446564
3022757,2.757439849680324
3022758,101.87725063414379
3022759,168.02174651694065
3022760,1.1098475109712942
3022761,5.225909943359684
3022762,122.37051191625744
3022763,43.4207258692249
3022764,502.473389939971
3022765,0.9596967319517944
3022766,3.2931275682593064
3022767,1.2151925337695961
3022768,0.0
3022769,0.9802543634467543
3022770,1384.6416813628514
3022771,0.001791551526232402
3022772,266.8492557666975
3022773,13.316432062886793
3022774,536.6779920330592
3022775,487.8674657177485
3022776,124.33933989401811
3022777,52.50047419023916
3022778,52.560025719908325
3022779,2092.1615804676576
3022780,32.739468677277024
3022781,0.5207463053816633
3022782,10.561364711989462
3022783,18.152622176723384
3022784,0.4214511471546845
3022785,125.03953606814832
3022786,11.83382315962438
3022787,1.9531308134559235
3022788,3.61033261505091
3022789,40.236064380213456
3022790,5.04034260311596
3022791,389.1377900991745
3022792,131.40140192698723
3022793,4.245658143731484
3022794,5.10618516114143
3022795,280.00782006348413
3022796,24.97074098815451
3022797,1198.1124669340722
3022798,0.0
3022799,5.844369175904036
3022800,3.7372189715325863
3022801,0.0
3022802,3.455294068197505
3022803,3272.9786626425675
3022804,0.0
3022805,691.4201112486909
3022806,19.493682845249495
3022807,1071.7918475617043
3022808,1217.768801152706
3022809,258.74760360104096
3022810,227.96800974711414
3022811,136.45038182709612
3022812,3831.646216395954
3022813,38.577233647964455
3022814,0.969600044058972
3022815,13.629513619778752
3022816,34.82253816587928
3022817,0.1351086772783829
3022818,250.66247573081876
3022819,7.914565723121987
3022820,28.15069236616594
3022821,11.041879397240367
3022822,59.13237770743744
3022823,10.749763158235261
3022824,357.60478807999596
3022825,236.08381127127
3022826,17.289364201098973
3022827,9.83835600326664
3022828,481.36111699012713
3022829,93.21111125993515
3022830,3242.866494973303
3022831,0.3990016055272553
3022832,21.038142361922105
3022833,1.9151898464581112
3022834,0.11241923505574808
3022835,4.206531463595926
3022836,2206.694165456888
3022837,0.0
3022838,354.480583659993
3022839,4.633208432271836
3022840,505.7498496596333
3022841,599.8404171925887
3022842,152.04938865601744
3022843,124.59725834159828
3022844,145.45267931975437
3022845,1878.259295004089
3022846,20.087204827724804
3022847,0.901714589074587
3022848,17.232899862682263
3022849,15.567479908695702
3022850,0.40441305518746407
3022851,97.51411356438241
3022852,0.0
3022853,17.015161724789934
3022854,5.888517021981936
3022855,312.50586606090746
3022856,8.883896421993475
3022857,193.40905105862052
3022858,96.40355801219765
3022859,3.4779552164579757
3022860,6.146182444802985
3022861,176.45462136866138
3022862,35.88291169034333
3022863,1614.5016491049143
3022864,3.3368646818485312
3022865,4.644425480097461
3022866,4.233233423031175
3022867,0.0
3022868,0.0
3022869,506.56328218643057
3022870,0.04395380255411392
3022871,195.76407485361364
3022872,4.1359055672482965
3022873,418.3988348584839
3022874,227.00491175374708
3022875,78.00689573732508
3022876,34.869583166316666
3022877,16.678977699104575
3022878,1197.4985105131693
3022879,14.498374651432947
3022880,0.0
3022881,10.473576992280476
3022882,9.537323187724127
3022883,0.47022614333487917
3022884,70.650237408249
3022885,0.1683854935678994
3022886,3.431946615610304
3022887,0.35105635920707534
3022888,17.139591255468947
3022889,0.7278194090599455
3022890,231.79678417996223
3022891,58.031136690185114
3022892,2.9675914490868336
3022893,0.7431405640495603
3022894,119.87386922355118
3022895,21.36718220028972
3022896,355.63071195248466
3022897,1.4900709518773554
3022898,0.6156333375082133
3022899,4.775215947956871
3022900,0.2756847531523493
3022901,1.777649869345346
3022902,3272.621875197427
3022903,0.1650915979509318
3022904,640.6968528591618
3022905,10.38003675855867
3022906,903.8047021818766
3022907,1010.4633515676994
3022908,286.3248582860159
3022909,254.6021097467288
3022910,100.8830086833974
3022911,3825.3486251994755
3022912,22.45212631807247
3022913,1.9063532332603665
3022914,17.73632700640084
3022915,22.26998331348714
3022916,0.36613144366308453
3022917,244.7233659099655
3022918,8.724650670002447
3022919,25.235685979937482
3022920,6.263794920001366
3022921,120.05974709775964
3022922,2.9256526057790935
3022923,277.25891865722673
3022924,207.98718165331877
3022925,10.959454323819292
3022926,8.35859448130495
3022927,369.48219915657256
3022928,69.9056721354183
3022929,2647.6509646642467
3022930,2.244832605986564
3022931,14.651601780261753
3022932,7.710089161632207
3022933,0.0
3022934,3.655434143816164
3022935,3193.44347463774
3022936,0.0
3022937,625.2231038333103
3022938,12.74346972111589
3022939,1179.6748709976694
3022940,843.5546655957384
3022941,351.1435338924927
3022942,387.8153040173738
3022943,45.71944834850016
3022944,4541.912237038602
3022945,11.062983840757395
3022946,0.9151033300865722
3022947,23.55648419867446
3022948,12.97340071066989
3022949,1.2913632882181447
3022950,261.13899006385174
3022951,0.0
3022952,6.252848078396814
3022953,6.240340042249445
3022954,37.74107414079292
3022955,0.8235827395266094
3022956,154.34914897808574
3022957,303.247956929501
3022958,5.22801963823485
3022959,4.073966215808767
3022960,191.43035822521338
3022961,78.74223588201909
3022962,1276.210327589453
3022963,11.439960288150784
3022964,1.708429093871376
3022965,5.453274145241492
3022966,0.135629072908647
3022967,2.581241350080219
3022968,2743.3628368857335
3022969,0.0
3022970,636.2364293801994
3022971,9.519682305938655
3022972,911.4979288750546
3022973,676.3498421011441
3022974,270.7081763697655
3022975,377.74139589947896
3022976,55.19171333964522
3022977,3650.1891462476856
3022978,17.17386273071491
3022979,1.5564376115676255
3022980,26.3919255977319
3022981,13.266976796320993
3022982,0.05429032204924974
3022983,225.8557340196876
3022984,0.0
3022985,4.769892481255247
3022986,5.502509498333433
3022987,49.62913408001591
3022988,1.8277673190105173
3022989,111.67169776648986
3022990,223.4427118557649
3022991,4.725917007868554
3022992,2.142215746617157
3022993,181.6040558417342
3022994,53.850835960140294
3022995,883.3580656077926
3022996,15.12265354027967
3022997,3.3685235801187052
3022998,8.603173579502917
3022999,0.8636767977115666
3023000,10.23131673696537
3023001,7037.627761546499
3023002,0.0
3023003,1042.960673195533
3023004,33.15559791025961
3023005,1732.945499122654
3023006,1770.6782353867886
3023007,325.641912798592
3023008,441.11528456165433
3023009,275.85088320676846
3023010,6461.676703869934
3023011,86.31914103373857
3023012,3.964504849775538
3023013,46.16919157271291
3023014,49.22013107574525
3023015,1.112923722978401
3023016,451.36287079875837
3023017,22.32176995288828
3023018,42.029360012905904
3023019,19.539203379452914
3023020,157.72602382533745
3023021,24.370406275572734
3023022,539.2916834108244
3023023,368.31869816272166
3023024,16.710049992143432
3023025,18.11594072529739
3023026,908.0676736367438
3023027,147.53376197663863
3023028,6615.327022250463
3023029,1.0225537417416881
3023030,65.06599628795831
3023031,3.7042952910059315
3023032,0.5616853411219888
3023033,1.275172458023724
3023034,1362.2959982957238
3023035,0.0
3023036,157.33562495876944
3023037,2.82975839834454
3023038,1453.0444653095458
3023039,268.32451856727636
3023040,114.21124771455746
3023041,237.97935381694992
3023042,36.33883860877944
3023043,2114.520344562008
3023044,6.297484198395245
3023045,0.06763647669497437
3023046,9.66754166526225
3023047,8.749790567562147
3023048,0.3742881524006223
3023049,145.91975636597496
3023050,0.0
3023051,0.0
3023052,2.928794151297389
3023053,55.5447954399594
3023054,0.8111842592619719
3023055,55.54570412433808
3023056,111.48670014632829
3023057,2.1300399808195825
3023058,4.718470264139484
3023059,106.12857326923599
3023060,16.233835972631766
3023061,498.0725650970744
3023062,7.253056002815404
3023063,3.4607107334609086
3023064,8.081927464171944
3023065,0.12912982328538058
3023066,3.630619634327555
3023067,3305.3173122257626
3023068,0.0
3023069,512.8486684931803
3023070,8.215658558264273
3023071,1254.0691481743463
3023072,631.5565253438307
3023073,234.4182759025657
3023074,417.0005084549638
3023075,66.01176073305815
3023076,4185.085547327064
3023077,13.99773271875229
3023078,0.4580857689632027
3023079,20.23681506646227
3023080,12.234802821177482
3023081,0.0
3023082,283.039013617413
3023083,1.9366454203257268
3023084,5.8265145110534515
3023085,7.726663510147147
3023086,14.714527096605481
3023087,1.7529007321736871
3023088,315.65627952738095
3023089,312.63057380744743
3023090,3.3733089942775236
3023091,7.185014059141511
3023092,110.04980329454486
3023093,59.33088952209715
3023094,1071.8569451729766
3023095,17.38521115951704
3023096,5.854341778234376
3023097,0.8955211021355146
3023098,0.0
3023099,0.7854042162440162
3023100,1001.5238325114666
3023101,0.0
3023102,116.70099153669034
3023103,1.5149246889146588
3023104,932.8657510879442
3023105,161.40679280344534
3023106,74.91654171648797
3023107,479.6830559731415
3023108,15.045500065896727
3023109,1266.6102918171377
3023110,3.3722501145203636
3023111,0.3245978784922939
3023112,4.209193991975864
3023113,2.757618208579615
3023114,0.0
3023115,91.9410916122679
3023116,0.0
3023117,0.0
3023118,0.8601413121963514
3023119,13.85616626886575
3023120,0.47280065726417675
3023121,65.85924165910696
3023122,72.43442658815475
3023123,0.7249439377767694
3023124,2.256056977540465
3023125,46.23526660429249
3023126,10.167503973827568
3023127,169.7082532972512
3023128,8.782752216304704
3023129,0.997324703986846
3023130,6.709253097982965
3023131,0.0
3023132,3.598472305800691
3023133,1882.7357250111652
3023134,0.0
3023135,237.20752774292922
3023136,11.695433956773233
3023137,976.1836791986848
3023138,385.94855280813874
3023139,173.77882292005955
3023140,333.66499403922336
3023141,33.697853630152814
3023142,2912.271829190604
3023143,4.714688968221535
3023144,0.900572841052895
3023145,20.60697932198272
3023146,13.537534278806906
3023147,0.2768933379987158
3023148,212.9475395059619
3023149,0.0
3023150,0.0
3023151,12.210730474897039
3023152,25.991189852088443
3023153,2.3967039526315146
3023154,242.32955634871354
3023155,195.47126183633046
3023156,2.1082393781870996
3023157,4.308882906707763
3023158,150.80470381748367
3023159,27.746528696139396
3023160,1140.3845490417616
3023161,4.938865078090577
3023162,1.679796710666873
3023163,3.185409024543832
3023164,0.5598552772537144
3023165,1.0751627909778436
3023166,2345.1221844192896
3023167,0.0
3023168,655.7003313462204
3023169,3.5235148992794
3023170,846.241968826259
3023171,627.8746566380354
3023172,232.12386257599127
3023173,204.09083330750298
3023174,61.887791688069335
3023175,3843.69220596821
3023176,6.228548041740315
3023177,4.5147006505055245
3023178,18.14894826541993
3023179,38.21645980547503
3023180,0.24650004307308349
3023181,190.61231316640792
3023182,2.8687179810841763
3023183,4.6036920326365
3023184,8.032899011380982
3023185,24.998538194482535
3023186,1.930947662093283
3023187,162.66125004277447
3023188,232.81524942576706
3023189,4.715085320788935
3023190,4.80954275058276
3023191,137.96891885286297
3023192,35.85379732211625
3023193,595.0563924483914
3023194,14.1696020591861
3023195,3.9836570982853488
3023196,4.280128061211903
3023197,0.0
3023198,0.27949146515627415
3023199,1579.4151024709859
3023200,0.0
3023201,98.49696122237617
3023202,3.316099313629165
3023203,525.8674091755377
3023204,208.92733659974252
3023205,98.74911865887789
3023206,336.35656535312086
3023207,42.000961251896015
3023208,1926.04880978785
3023209,7.850810588236178
3023210,0.27315582461086796
3023211,17.017818263477782
3023212,8.533563738716548
3023213,0.07134877291190461
3023214,100.61782003908408
3023215,0.0
3023216,0.0
3023217,0.7510880080100547
3023218,119.6528144066224
3023219,0.8423857586380484
3023220,214.41317419567002
3023221,87.37145664644042
3023222,0.8666156870279378
3023223,1.2803653981638556
3023224,42.28888002513439
3023225,16.573904963704436
3023226,344.57301199510255
3023227,3.4498377481627305
3023228,0.9682654272443801
3023229,5.370960296764527
3023230,0.10729952249264345
3023231,2.216663267105899
3023232,3519.1896453666027
3023233,0.0
3023234,461.3374497388196
3023235,10.691326998643273
3023236,880.0219885716261
3023237,594.396906513213
3023238,214.3454625692548
3023239,186.04756592339618
3023240,64.07003025765809
3023241,3816.0786042985515
3023242,7.341054779476371
3023243,0.634339167046049
3023244,19.576593651599776
3023245,6.121617030856594
3023246,0.19189697832716976
3023247,201.2665969055043
3023248,0.0
3023249,18.56754589680139
3023250,2.864067117767782
3023251,60.52421632207677
3023252,0.32595159631922493
3023253,190.6458424886969
3023254,215.0176841410733
3023255,2.6022463578268953
3023256,4.3499566069525875
3023257,108.46710328917453
3023258,34.91912290650531
3023259,1040.9787307707663
3023260,39.4242127248458
3023261,0.4005048365892731
3023262,2.8766382430799613
3023263,0.0
3023264,4.379984364401749
3023265,2515.0290663074925
3023266,0.0
3023267,512.6639078035467
3023268,4.955481390316531
3023269,895.4508780550443
3023270,802.4007468899075
3023271,142.41401465650753
3023272,134.75542314783257
3023273,104.21059214807883
3023274,3207.300770337158
3023275,56.69909848868518
3023276,1.4972641673487972
3023277,15.454486125825497
3023278,24.485463607130313
3023279,0.41372958397060167
3023280,202.09375627721386
3023281,15.329215384002994
3023282,19.84742726206847
3023283,1.9329799327965953
3023284,83.76390673678128
3023285,8.316735547206859
3023286,175.77292692266101
3023287,188.30430900535902
3023288,11.697851426151514
3023289,13.981507720907935
3023290,237.09281242124413
3023291,53.915295302664525
3023292,2134.503620419991
3023293,0.3291883707322462
3023294,9.728076906193158
3023295,6.187043147350888
3023296,0.0
3023297,4.057267693322839
3023298,1897.7372269591692
3023299,0.0
3023300,383.8223419595561
3023301,7.432923955292076
3023302,1108.2716897713283
3023303,686.5938333337812
3023304,141.34447990870737
3023305,84.38190021986458
3023306,87.33369149698291
3023307,3021.279892650277
3023308,26.412994867266512
3023309,1.0920072670737364
3023310,20.019847424460846
3023311,98.29352824489486
3023312,0.17500692821180133
3023313,291.34610314865506
3023314,14.866586921422337
3023315,7.6807156415747455
3023316,9.473672998520536
3023317,81.53035029313634
3023318,8.536875207288773
3023319,170.62999767396883
3023320,295.4149305459793
3023321,5.972306294560538
3023322,8.935708716393075
3023323,103.0853831058457
3023324,45.83652347141411
3023325,1608.176214613721
3023326,0.5743640266696252
3023327,11.844492965125305
3023328,9.910131100051368
3023329,0.2811240656791348
3023330,1.978236878981012
3023331,3122.3540076672257
3023332,0.0
3023333,650.4865002444856
3023334,5.148484899507536
3023335,2040.8360677891044
3023336,566.502918509935
3023337,196.25988116682842
3023338,1629.9953824475494
3023339,46.26544222018607
3023340,5231.3320379579745
3023341,40.40531739122484
3023342,1.8165414316246102
3023343,46.56344082869433
3023344,17.918634655457772
3023345,0.28903983407867145
3023346,307.99796027406865
3023347,3.40793350869071
3023348,16.97202430765831
3023349,5.912366556552373
3023350,61.38170850489562
3023351,2.995413680906691
3023352,92.90279058064127
3023353,247.84117809131172
3023354,6.740722704332345
3023355,7.0501803176974756
3023356,191.89039172786508
3023357,38.80327080568546
3023358,1367.910621645497
3023359,3.2464711941013986
3023360,13.673632914116048
3023361,2.470182360288308
3023362,0.12233199536774085
3023363,3.3148941384588375
3023364,2099.85650864946
3023365,0.0
3023366,346.4545159250721
3023367,6.205120314409619
3023368,700.2328458874099
3023369,610.8024233833274
3023370,167.39636688781584
3023371,129.88379893600006
3023372,62.87974791875855
3023373,2899.9351504438414
3023374,23.73607018280724
3023375,0.912871774546512
3023376,8.403891453097906
3023377,13.278381218134472
3023378,0.33057284236623663
3023379,199.72102371495782
3023380,14.34419252219682
3023381,17.828999422824886
3023382,1.5567322423749108
3023383,57.31600163669618
3023384,6.2401257093882325
3023385,324.504074401886
3023386,153.59009568026778
3023387,5.6551062841137085
3023388,8.231539076747865
3023389,274.79797896910554
3023390,16.19728710810152
3023391,1751.114969029034
3023392,0.0
3023393,19.69988602236141
3023394,3.7034673283102526
3023395,0.0
3023396,2.549254895483715
3023397,4355.674875097781
3023398,0.0
3023399,400.80029455144347
3023400,7.647794969994624
3023401,1900.8708042285905
3023402,676.2334502988753
3023403,306.4929223495888
3023404,261.85015096359865
3023405,75.13670351894272
3023406,5740.689798960566
3023407,7.811237289016777
3023408,2.4981774571749464
3023409,18.974663501216448
3023410,28.67979162039015
3023411,0.45075244836710626
3023412,399.83980616776
3023413,0.0
3023414,0.04762058294175356
3023415,8.891042396519937
3023416,62.66922525442939
3023417,1.5712068454374912
3023418,132.91154626855007
3023419,300.18852979041935
3023420,3.288542121875826
3023421,9.695665493422284
3023422,175.00947028921206
3023423,58.684728785481546
3023424,1174.1197671424095
3023425,14.3815787605951
3023426,9.386024188798375
3023427,6.861673474884406
3023428,0.0
3023429,8.127636312003123
3023430,2765.0056595649066
3023431,0.0
3023432,491.71407710476916
3023433,9.40207236101958
3023434,1232.8875337125207
3023435,760.9609575595824
3023436,231.4231973411708
3023437,149.22699269568986
3023438,97.78690395690447
3023439,3579.274912239053
3023440,40.00307852710141
3023441,1.5064206183788469
3023442,22.23433183848819
3023443,32.22669436682699
3023444,0.4691707506354471
3023445,250.43029592796734
3023446,16.239446327238987
3023447,9.591478325441003
3023448,8.85489237145232
3023449,112.52954773188416
3023450,9.76180934261665
3023451,203.87253523329795
3023452,348.86770754475685
3023453,14.556294235125987
3023454,9.27167216798505
3023455,203.41204745536098
3023456,54.28838786469864
3023457,2111.1248664174464
3023458,0.0
3023459,6.369556675021726
3023460,3.1071935874098533
3023461,0.026402519853976455
3023462,4.924539550271932
3023463,2286.0656632582018
3023464,0.0
3023465,427.2452807028105
3023466,12.194928092463835
3023467,658.551699237973
3023468,715.9263682409821
3023469,160.61233817182904
3023470,135.72254794842377
3023471,90.01655590846774
3023472,2715.834156964037
3023473,30.715732370100888
3023474,1.1216539027112438
3023475,19.837111912212762
3023476,15.377112839673922
3023477,0.15559235750345077
3023478,175.39776754440626
3023479,17.49936756431461
3023480,25.881457914042407
3023481,4.321207137953879
3023482,46.77023422215882
3023483,8.766366365221021
3023484,182.26773137686348
3023485,160.56154437300938
3023486,7.343311532926424
3023487,9.372181579636484
3023488,186.2282478619648
3023489,36.63098563162985
3023490,2040.5268513564592
3023491,0.0
3023492,11.94612050075777
3023493,3.7547434885303486
3023494,0.15023429360413104
3023495,3.982658899925446
3023496,5447.723718199896
3023497,0.0
3023498,576.8976515110872
3023499,12.909949493660788
3023500,1247.1791738643215
3023501,686.0573162000081
3023502,278.7483932469271
3023503,361.65093647841894
3023504,69.68996782538275
3023505,5053.513971138779
3023506,12.68613774743599
3023507,0.10446683791894963
3023508,8.108660478119823
3023509,16.569488700434714
3023510,0.11451655784814943
3023511,269.2275484890044
3023512,0.0
3023513,5.568745466405819
3023514,2.1120191392502345
3023515,121.18638565902097
3023516,5.257958348367152
3023517,228.414926763206
3023518,288.191703476018
3023519,2.254387186102457
3023520,1.8508180821853268
3023521,179.11366838424584
3023522,112.18341519622868
3023523,1152.4367154433796
3023524,15.865146866573927
3023525,1.0285068390581753
3023526,12.42014492679973
3023527,0.0
3023528,13.747031766952372
3023529,7651.357348922448
3023530,0.0
3023531,1489.1242525551859
3023532,17.652620049737525
3023533,2162.2145871634457
3023534,1990.3921987358842
3023535,462.59598897527246
3023536,564.9071990797343
3023537,321.1279622605156
3023538,7585.2753808086245
3023539,84.9898308479069
3023540,4.3012237528560915
3023541,74.80038592685352
3023542,113.697737709597
3023543,0.6651714272974051
3023544,611.5435958565091
3023545,24.345523394371984
3023546,18.60805726339049
3023547,19.18096452048354
3023548,273.62610265018856
3023549,21.593089538930016
3023550,635.5470826620108
3023551,380.8570532754211
3023552,37.50586796301421
3023553,29.10769791367193
3023554,875.25529798774
3023555,203.25178645199438
3023556,7252.2395387095685
3023557,91.63702513006473
3023558,70.76201141922387
3023559,12.82843259630382
3023560,0.0
3023561,10.670300472404154
3023562,7516.741377282618
3023563,0.0
3023564,1065.1056848873945
3023565,12.890705981844917
3023566,2308.6475117794307
3023567,1948.2915305709812
3023568,617.1577498306999
3023569,355.6836837101306
3023570,252.7265507072209
3023571,9356.865390480778
3023572,142.59758219932047
3023573,2.2738034572652337
3023574,14.203536564769854
3023575,83.26170674921941
3023576,1.6299638915145103
3023577,589.2321656059956
3023578,20.05554502936959
3023579,23.084019528020075
3023580,5.803234396241735
3023581,150.5232206853576
3023582,17.242959770430556
3023583,851.244292405669
3023584,562.3672621262269
3023585,19.457227721428005
3023586,28.553001153833293
3023587,1067.3390846668183
3023588,165.71217678415766
3023589,5159.360814891795
3023590,187.97447039160122
3023591,72.4201547958194
3023592,11.377533524139077
3023593,0.0
3023594,13.884452132527052
3023595,4698.360767827224
3023596,0.0
3023597,788.7078761441546
3023598,8.575491460696178
3023599,2199.0686981689882
3023600,1497.6531462100802
3023601,645.0591841183885
3023602,142.1907095680219
3023603,195.53968736124475
3023604,8200.685093994447
3023605,43.41940231172658
3023606,3.4166143107989972
3023607,29.088610384967605
3023608,28.99837545911848
3023609,0.3665658133016592
3023610,521.3406129827588
3023611,21.556761727732443
3023612,18.313689739081102
3023613,9.410665901073022
3023614,96.35988079875354
3023615,9.894162755866544
3023616,804.2557373398714
3023617,600.5804686929811
3023618,20.68910351896497
3023619,39.65551493168359
3023620,636.6909056341029
3023621,113.20063805807828
3023622,2215.2121093000733
3023623,120.03047917410036
3023624,28.738683566449268
3023625,13.34477780374321
3023626,0.0
3023627,13.509143908568404
3023628,6749.951884966116
3023629,0.0
3023630,1068.9453274101031
3023631,20.323903533108233
3023632,2160.768955908369
3023633,1833.1003833694274
3023634,597.0705819328834
3023635,320.37398176951945
3023636,212.0828362306868
3023637,8715.263745899105
3023638,48.08070111484488
3023639,1.8514482912476407
3023640,20.530935849862345
3023641,83.1707101897842
3023642,1.4818627863928966
3023643,533.0812809841242
3023644,16.07695335712294
3023645,22.523736897252142
3023646,3.0039254695826356
3023647,151.9691072789101
3023648,10.636756930431055
3023649,711.9874464709268
3023650,540.0262829482377
3023651,22.368350377742438
3023652,21.13168854287977
3023653,1050.2620906284776
3023654,149.5927495659579
3023655,4592.6149570079
3023656,113.12229612986154
3023657,53.45393175509509
3023658,11.775585241450768
3023659,0.0
3023660,14.525409530344922
3023661,3485.7165870740805
3023662,0.004194381488414552
3023663,744.6462767696081
3023664,6.401950161890323
3023665,1822.7734474803196
3023666,1093.445668777064
3023667,543.7428453550193
3023668,103.03478702446925
3023669,117.40714980128837
3023670,6478.0375503532605
3023671,43.451407433287585
3023672,0.9679216033314295
3023673,22.554241096241956
3023674,60.63109891461876
3023675,1.0530533347068047
3023676,497.5485052996156
3023677,9.276254784877494
3023678,8.521631776121268
3023679,2.666394991946889
3023680,84.24412196771138
3023681,5.13511784968188
3023682,647.390745733028
3023683,493.4063468616713
3023684,17.180939587196068
3023685,20.355328305769994
3023686,691.6771973473673
3023687,55.0129674743206
3023688,1470.8665223892795
3023689,86.87731034329865
3023690,17.438005220339672
3023691,14.888022023552205
3023692,0.0
3023693,8.528088983900998
3023694,5953.585576733168
3023695,0.0
3023696,1098.862653084918
3023697,15.589472097277035
3023698,1776.699426811382
3023699,2026.7707648496419
3023700,367.48489007267557
3023701,467.1287320333402
3023702,285.6700137227546
3023703,7008.713741777848
3023704,87.9332627770502
3023705,2.0847902223395987
3023706,24.26749284326392
3023707,72.40437556454785
3023708,1.1148260592683077
3023709,440.05278433133714
3023710,16.02844110839918
3023711,29.51647675717652
3023712,10.822339228861287
3023713,182.4894711615682
3023714,19.706921421057775
3023715,691.5241292146073
3023716,446.4175056133324
3023717,19.95510176799525
3023718,25.186472423017136
3023719,935.54653126456
3023720,166.89549081915885
3023721,7180.4975042993165
3023722,105.86843261992519
3023723,71.1752100349312
3023724,6.685841878289559
3023725,0.34075560262823695
3023726,4.165376090828908
3023727,1795.2312218967386
3023728,0.0
3023729,349.97405163561996
3023730,14.593629322398488
3023731,910.269356812456
3023732,539.8951681404699
3023733,206.4409727662463
3023734,89.75758841570241
3023735,89.82805349906324
3023736,2733.271160313809
3023737,47.57295420916445
3023738,2.305151282838049
3023739,17.0315494703
3023740,23.488587741508596
3023741,1.0177588946817282
3023742,230.4635670245902
3023743,12.445077890687516
3023744,6.260483929593737
3023745,11.390761240158303
3023746,49.56984779823529
3023747,7.098942962281999
3023748,242.94950734522348
3023749,206.40239101696716
3023750,3.42431825809111
3023751,5.349021491320541
3023752,199.57266987874038
3023753,49.20061739531291
3023754,1475.9509156655372
3023755,0.0
3023756,11.074283189150089
3023757,8.437745397271467
3023758,0.0
3023759,10.424871039470945
3023760,4114.74184700756
3023761,0.0
3023762,541.7939596149773
3023763,27.53289841692171
3023764,1628.2140948951044
3023765,1075.8580462444256
3023766,433.98666316458775
3023767,117.21850291111329
3023768,120.04835365555705
3023769,6104.754162288219
3023770,103.83129483491221
3023771,1.7769629480811715
3023772,35.69502054392781
3023773,49.77728030685976
3023774,0.6685236471560827
3023775,450.77887590967714
3023776,16.976272901447267
3023777,4.283859977099169
3023778,2.1478034542883484
3023779,101.35394658007593
3023780,5.404772355930217
3023781,521.5699416852716
3023782,466.4568451175822
3023783,11.893961231192824
3023784,18.200178919286838
3023785,349.742974602422
3023786,59.00847787197774
3023787,1951.0044084637336
3023788,77.3636355670989
3023789,19.841771715628422
3023790,5.638245127455627
3023791,0.0
3023792,3.5408449931128936
3023793,4219.301301655641
3023794,0.08444041921511085
3023795,830.8696960350368
3023796,5.6050659425618035
3023797,1457.4014418997447
3023798,1490.9384787374547
3023799,242.3929477927432
3023800,341.570209670126
3023801,200.7506709948025
3023802,4732.63092466176
3023803,44.15209170846704
3023804,2.446150940762475
3023805,32.35116982890076
3023806,28.04570711514746
3023807,0.12751774468536012
3023808,323.2909876976449
3023809,1.5325770338656741
3023810,29.53289298509942
3023811,5.861619186957058
3023812,120.35065538115022
3023813,10.292230176585383
3023814,531.9167280747614
3023815,248.28429863672125
3023816,18.60863752143234
3023817,11.804095659935285
3023818,399.9071091309342
3023819,104.76357277170915
3023820,4788.939532485508
3023821,19.71712183032458
3023822,49.14401481323595
3023823,15.943939723098035
3023824,0.0
3023825,11.28257743695512
3023826,6142.258868926031
3023827,0.0
3023828,1105.7297232985852
3023829,15.860823239626688
3023830,2240.7698995539577
3023831,1611.348916374066
3023832,489.26577512251635
3023833,293.0635990816879
3023834,443.44507081653836
3023835,8158.263385581317
3023836,67.59249575563922
3023837,4.179098570274186
3023838,65.89807506999013
3023839,67.50533565418733
3023840,0.769251602733731
3023841,495.6819134708882
3023842,14.408304008469255
3023843,67.40695519230165
3023844,10.592080629895728
3023845,276.5431132255837
3023846,12.70043262215652
3023847,651.017943664645
3023848,493.04276271958537
3023849,18.893908523154145
3023850,37.23163141455076
3023851,645.7601674645625
3023852,189.56410425480374
3023853,6537.131371555137
3023854,16.43700202261889
3023855,13.444240315330806
3023856,8.309300957826851
3023857,0.10110599310903319
3023858,3.0320910429078864
3023859,2004.0244721899312
3023860,0.0
3023861,444.41459583311746
3023862,5.34295292925746
3023863,833.0593905495564
3023864,469.98231337761905
3023865,215.2449612430643
3023866,91.9363865410377
3023867,100.80250622655943
3023868,2806.9186492201266
3023869,17.032298874516187
3023870,0.9712810242817866
3023871,24.187298647665553
3023872,23.648223058043712
3023873,0.06644557942278441
3023874,171.01029708998848
3023875,4.452728250420651
3023876,7.466717356267099
3023877,6.035408956066575
3023878,92.0078349981559
3023879,4.190713511358366
3023880,261.89419987629634
3023881,198.64351462285398
3023882,5.1743148431819055
3023883,5.010997530107143
3023884,169.024707035504
3023885,45.38115343497954
3023886,1699.0851070716526
3023887,0.0
3023888,3.3202230305688847
3023889,6.6670156666962574
3023890,0.0
3023891,2.099588130697342
3023892,3833.3453266074853
3023893,0.0
3023894,246.25058732642626
3023895,1.7680255393790028
3023896,1607.0886729670808
3023897,257.973115646306
3023898,241.95052268654143
3023899,80.17952221907791
3023900,22.176114745003908
3023901,3503.0111428991463
3023902,5.956962976090645
3023903,0.5589618015802633
3023904,19.139302517491725
3023905,14.281939846909673
3023906,0.3403959234384662
3023907,236.87358075683218
3023908,0.0
3023909,0.0
3023910,3.393598503233069
3023911,20.40527146604954
3023912,1.2973536451330692
3023913,54.82389452700797
3023914,178.0590400746506
3023915,0.032016645137607797
3023916,1.1137940440287266
3023917,58.93028805307961
3023918,101.39538123885708
3023919,570.5255080151408
3023920,3.5411841782090536
3023921,3.3697335166583
3023922,4.7963991126172525
3023923,0.21509016846262663
3023924,5.357029971862267
3023925,3006.820485919823
3023926,0.0
3023927,543.4076490357822
3023928,8.685406369031627
3023929,1155.8245143756703
3023930,908.5310719171454
3023931,299.9385165637376
3023932,178.07112391159885
3023933,120.60718368817284
3023934,4234.970203060223
3023935,41.20033242914286
3023936,1.055261878097862
3023937,21.03462001590654
3023938,50.35756027558601
3023939,0.09521572851326268
3023940,293.4983895849264
3023941,13.934879358118863
3023942,11.928369992018984
3023943,10.575407965925077
3023944,74.3946315538648
3023945,5.965605410722193
3023946,383.32133263216366
3023947,274.5982700263706
3023948,9.181353034184987
3023949,11.181826370625432
3023950,469.38680066405925
3023951,59.86122609618854
3023952,2282.1771340265855
3023953,0.0
3023954,30.61828748733374
3023955,4.239887902295845
3023956,0.08377761508758938
3023957,4.217742242869752
3023958,3976.8517420903718
3023959,0.17787878222828488
3023960,740.8739175304174
3023961,14.372200684307419
3023962,1081.5934173642834
3023963,1327.4228911174123
3023964,193.44092994139146
3023965,300.49729670834404
3023966,184.23757012748746
3023967,3937.6053970591656
3023968,49.38970118896729
3023969,3.407667040923871
3023970,22.44286291937061
3023971,41.02060329991466
3023972,0.9925276929257658
3023973,250.07384207338112
3023974,15.625528671108073
3023975,35.78628956534998
3023976,7.783841123974282
3023977,105.81793084186073
3023978,12.654435195140309
3023979,442.8356932302165
3023980,230.05305291193415
3023981,9.701135610437646
3023982,15.836610704708598
3023983,641.8009959417367
3023984,114.01125311345717
3023985,5115.695223791852
3023986,0.19679541041666976
3023987,42.83671240363353
3023988,6.522894191021707
3023989,0.06597511832133934
3023990,8.649299276970002
3023991,3486.188966130274
3023992,0.0
3023993,710.2736929051259
3023994,15.361773754618241
3023995,1015.2074965806333
3023996,1135.2368062106239
3023997,242.60194571959
3023998,283.32038102312686
3023999,117.34317881571894
3024000,3939.104150574283
3024001,33.65036768832499
3024002,3.8863875841792237
3024003,31.175310254761044
3024004,46.26191054867048
3024005,0.22245648835934076
3024006,289.14235445070267
3024007,14.932151148498514
3024008,27.51883387227635
3024009,19.59603313148075
3024010,95.28295539528703
3024011,12.624718948537208
3024012,349.2217197958347
3024013,275.97640695131474
3024014,16.848141104136854
3024015,18.61313594064217
3024016,480.0779277676719
3024017,97.43213108238682
3024018,3603.1641514143494
3024019,0.6291550802314101
3024020,30.365099005973054
3024021,13.340751600523955
3024022,0.012318442994402228
3024023,5.24337201106228
3024024,3012.6545813390926
3024025,0.0
3024026,499.6664271141346
3024027,7.471116622467028
3024028,1329.272835742968
3024029,729.3828482680699
3024030,449.40988907570187
3024031,272.77534506731735
3024032,67.2612137159058
3024033,5235.554816614982
3024034,13.32334181638784
3024035,1.422114713852154
3024036,47.033654170316126
3024037,33.20726115120144
3024038,0.2699963719492011
3024039,351.9101624393855
3024040,11.539296218348866
3024041,4.458795473914917
3024042,5.007665595822124
3024043,38.076981159324305
3024044,2.5470098046731837
3024045,301.696131254297
3024046,335.5958349300325
3024047,6.808961396688305
3024048,5.500457882112778
3024049,324.3572361575142
3024050,92.00965258498127
3024051,1222.310273716498
3024052,36.17153164577077
3024053,14.33293311675665
3024054,3.9612511008171847
3024055,0.0
3024056,3.0880156500592815
3024057,2018.3664943921497
3024058,0.0
3024059,309.7419221577005
3024060,13.93536184521727
3024061,665.8560744490904
3024062,614.9330079565167
3024063,127.7049267654578
3024064,127.57554280383407
3024065,112.29263303672589
3024066,2595.245086062442
3024067,23.1471958173332
3024068,1.8581010639752606
3024069,11.741157765975467
3024070,24.14919566834739
3024071,0.6055386498276112
3024072,168.8953774826613
3024073,11.130152294164294
3024074,20.89841861436211
3024075,12.047887853060399
3024076,82.99240001243186
3024077,6.096628346213659
3024078,276.62495435953883
3024079,123.65726855815082
3024080,5.238251826452157
3024081,9.62468045544884
3024082,295.24024917123285
3024083,43.29205264345921
3024084,2097.009399160813
3024085,0.08425407204867726
3024086,20.705373018961435
3024087,1.8359596440671133
3024088,0.0
3024089,2.319318679060917
3024090,1154.2876047873347
3024091,0.0
3024092,90.58253561658928
3024093,3.1513835779802832
3024094,796.5760292573023
3024095,292.5314132812115
3024096,225.85982321091603
3024097,41.5849848696606
3024098,31.800941667726775
3024099,2375.406962496899
3024100,5.206691867714062
3024101,0.27560957578890427
3024102,10.41001829296245
3024103,8.435927520598794
3024104,0.0
3024105,141.0357800665174
3024106,0.44835034143911473
3024107,0.0
3024108,0.0
3024109,10.308652062448136
3024110,0.647243418782086
3024111,149.5829919141521
3024112,139.15428855172607
3024113,0.814276840806218
3024114,3.0110203944175025
3024115,123.88207312436045
3024116,18.305376449649927
3024117,302.3475787913924
3024118,1.0662796663620193
3024119,1.2259946415645602
3024120,7.211499627722391
3024121,0.3778859206387069
3024122,2.3713085907127778
3024123,3535.966905173718
3024124,0.0
3024125,630.1784653037375
3024126,8.317694619699939
3024127,1361.3014999816921
3024128,529.6601094008008
3024129,408.76815609052545
3024130,258.0511303042167
3024131,66.02691469639723
3024132,6270.764185779418
3024133,34.152437894808116
3024134,0.7813743085427377
3024135,0.0
3024136,12.254685523555208
3024137,0.18978063475450943
3024138,368.13940350986303
3024139,11.14272998444725
3024140,2.8346553358203277
3024141,7.596299433880664
3024142,35.92983251420843
3024143,2.509904117995298
3024144,598.1454252637747
3024145,277.62965245551925
3024146,3.1161007308172746
3024147,9.414319082182889
3024148,376.49436976143494
3024149,93.33993881528721
3024150,1936.2847796095768
3024151,7.337254297868602
3024152,8.381280006893936
3024153,4.466686230763279
3024154,0.0
3024155,1.4642660944513297
3024156,1530.3753140427011
3024157,0.0
3024158,157.70053137341424
3024159,13.955119438829868
3024160,1133.8635745078946
3024161,386.4987837665594
3024162,215.73634678753814
3024163,43.95991322077423
3024164,27.73772292523067
3024165,2741.590460694144
3024166,9.54318593082293
3024167,1.2388641228814685
3024168,10.065669853829792
3024169,18.8806820649131
3024170,0.307062476579165
3024171,161.62096633892594
3024172,11.060275055313033
3024173,0.0
3024174,4.445329456909784
3024175,33.370372551772405
3024176,1.8889266594573906
3024177,145.60183397684239
3024178,157.73601339308837
3024179,1.6048467809082074
3024180,6.030600998825011
3024181,140.73502999579472
3024182,26.65597295538098
3024183,425.07516384573796
3024184,1.2943544419484758
3024185,4.311616598159906
3024186,3.9835300334649077
3024187,0.0
3024188,3.8053971841555128
3024189,1428.2222149037113
3024190,0.0
3024191,124.73449193737899
3024192,9.317038986264924
3024193,916.4403012994147
3024194,254.3534835542329
3024195,148.59541625094218
3024196,32.97008633176944
3024197,29.435856845334204
3024198,2749.7346140085115
3024199,11.180541169609045
3024200,0.15486002847295702
3024201,13.836567860877707
3024202,8.870656215787912
3024203,0.2442429000313468
3024204,132.78533532845904
3024205,1.2036104334599327
3024206,0.0
3024207,3.841484201333998
3024208,29.400465419392084
3024209,0.7558168349425887
3024210,165.3787059609806
3024211,173.86206335475518
3024212,0.8894263627411619
3024213,5.049403810673407
3024214,80.34582255601742
3024215,16.37283000998769
3024216,224.7263428075473
3024217,1.14872905738719
3024218,2.531548274520061
3024219,3.250389676787086
3024220,0.0
3024221,2.783099729333995
3024222,1422.9179893722712
3024223,0.0
3024224,161.361493115398
3024225,6.178637289216855
3024226,1720.6647071455882
3024227,345.04361212067283
3024228,263.5147111336687
3024229,28.838888712088867
3024230,35.7436996607915
3024231,3034.869057064398
3024232,12.123473522316521
3024233,0.2115028727638633
3024234,16.74059811563546
3024235,21.73444305585934
3024236,0.19082985741012182
3024237,195.40824958025007
3024238,1.986762689818456
3024239,0.0
3024240,3.3147324691966085
3024241,15.887893615846126
3024242,1.328999943317479
3024243,234.0107615701715
3024244,239.95108171048759
3024245,1.356386342596076
3024246,3.4983345529709946
3024247,64.45463712276047
3024248,98.08434762292815
3024249,442.1398718474942
3024250,0.7751001700905266
3024251,4.107348732704533
3024252,3.72311963824631
3024253,0.233025567923766
3024254,4.224379928758531
3024255,1584.8095298031592
3024256,0.0
3024257,139.68742218550182
3024258,1.1841901590323733
3024259,885.252245679016
3024260,358.4283789260831
3024261,262.24130434033896
3024262,71.83604865532772
3024263,55.12041085333284
3024264,2713.2685827593486
3024265,8.473595056371174
3024266,0.9367280136228086
3024267,15.231980882939927
3024268,17.526317959887624
3024269,0.23384812975791067
3024270,213.12007408874925
3024271,6.336230355774745
3024272,0.0
3024273,5.721855327437302
3024274,19.303948343675433
3024275,1.5619565095827066
3024276,141.6935048620538
3024277,168.60584403725193
3024278,0.6029279842661116
3024279,5.661199676242226
3024280,111.02826562215067
3024281,47.90816961398668
3024282,1012.283198363133
3024283,0.8030070769935792
3024284,5.253070169708559
3024285,4.275821180034427
3024286,0.04939939940726233
3024287,2.2842072472481836
3024288,1344.101208533144
3024289,0.0
3024290,149.08969330638092
3024291,4.202058315379346
3024292,1449.9670854462477
3024293,238.45599371552552
3024294,147.26371285757565
3024295,100.24842355511576
3024296,18.75309235000418
3024297,2336.7425396601557
3024298,2.7390593344815555
3024299,0.5629163105928067
3024300,8.403642816949553
3024301,8.685677125405386
3024302,0.24507037137572224
3024303,152.54114121682287
3024304,0.0
3024305,0.0
3024306,2.526827234380184
3024307,66.01084313268272
3024308,0.9186992540009146
3024309,49.61041503993952
3024310,121.78215244297145
3024311,0.7240818209102498
3024312,2.205169462464259
3024313,61.950294344220204
3024314,32.73231572190112
3024315,832.5873653346978
3024316,10.742797348060117
3024317,0.7955343550556524
3024318,6.475824343237677
3024319,0.49691301728819676
3024320,2.341483161012017
3024321,2928.1774723024355
3024322,0.0
3024323,287.0346078519788
3024324,5.826696451884853
3024325,1103.6134835803803
3024326,676.4627774798544
3024327,476.61963640921516
3024328,182.40941225206385
3024329,87.98031476119587
3024330,4495.726326872636
3024331,18.461785267918042
3024332,2.323321707875947
3024333,12.98077658961008
3024334,17.496395930140558
3024335,0.2824882490113966
3024336,260.0000071897188
3024337,0.9132389338801562
3024338,0.0
3024339,3.8255030581416554
3024340,32.44180857647212
3024341,2.1100896360522756
3024342,270.201972439718
3024343,232.1059251145231
3024344,1.9349046728373418
3024345,5.712709813785989
3024346,334.1576961313909
3024347,39.74762290578814
3024348,2088.6803176739986
3024349,3.8838815225103183
3024350,15.18738366572611
3024351,2.835776693417997
3024352,0.45128427228549045
3024353,5.055437548632658
3024354,2102.924282868364
3024355,0.0
3024356,590.1489786573005
3024357,7.47462129335279
3024358,523.3153974374552
3024359,588.9199133698979
3024360,211.2988506840293
3024361,157.7452709195181
3024362,52.8350158322086
3024363,2724.7574676865925
3024364,12.709701273659855
3024365,1.1158407073882166
3024366,48.46457473344072
3024367,15.078217450581441
3024368,0.3753637237526631
3024369,180.6999409950655
3024370,8.613328091801224
3024371,7.5338430416736175
3024372,3.2017888800537713
3024373,45.64868963988131
3024374,1.6554026228395797
3024375,95.72433632986402
3024376,137.1907918932036
3024377,4.362475170308272
3024378,5.723455121770012
3024379,156.75966197441474
3024380,70.51235127476805
3024381,3282.185385871421
3024382,15.926740816218873
3024383,12.084819247647482
3024384,6.188569126950167
3024385,0.3082998265108482
3024386,3.973899149361504
3024387,2190.699679488303
3024388,0.0
3024389,155.307797205666
3024390,8.143794509758463
3024391,828.8800970167006
3024392,348.9214979764769
3024393,291.4729669223026
3024394,75.17798469021736
3024395,51.68618312347143
3024396,3235.7229298317197
3024397,33.20272228297783
3024398,0.7163061331477689
3024399,15.097284682902131
3024400,16.516343548815513
3024401,0.10469652848212423
3024402,175.49221225570255
3024403,7.146321313645703
3024404,0.0
3024405,4.39062598789571
3024406,48.68219855994627
3024407,1.8333700699628008
3024408,124.19388463265115
3024409,167.35626809700915
3024410,1.16043035969402
3024411,5.393927968097567
3024412,99.013043310958
3024413,27.765210548907564
3024414,543.0446139979944
3024415,1.2558428500320293
3024416,4.384444037951953
3024417,4.72219318097028
3024418,0.0
3024419,6.366825075086811
3024420,2148.1494876761544
3024421,0.0
3024422,520.1795676936125
3024423,8.911863538008827
3024424,767.4201101129812
3024425,662.4528847574517
3024426,188.46443392590592
3024427,142.64757906081923
3024428,81.28584769279549
3024429,3243.9992866959865
3024430,38.20333641511802
3024431,0.9524775259945969
3024432,6.782793879090635
3024433,29.607951572600268
3024434,0.17005162555657863
3024435,210.32873495835955
3024436,15.626667584744451
3024437,12.656804706239873
3024438,4.949366599975264
3024439,62.55425877365418
3024440,5.758363769993498
3024441,367.30062003184446
3024442,172.61400478879744
3024443,9.506916932503247
3024444,7.526408548927253
3024445,350.253531429969
3024446,69.87782172145486
3024447,1773.9882730776208
3024448,0.0
3024449,22.161087912228247
3024450,8.282586952391771
3024451,0.4013472285998569
3024452,3.2380183973258942
3024453,3000.221324504123
3024454,0.0
3024455,387.5025983913211
3024456,8.78147188783254
3024457,1676.440077108692
3024458,581.3626801867555
3024459,544.9317698179192
3024460,76.12093858120747
3024461,63.29763811899775
3024462,4595.4767055970115
3024463,13.296245151439265
3024464,0.5725626363268371
3024465,26.344647161033368
3024466,12.89006458302665
3024467,0.0
3024468,277.4762639630905
3024469,0.8585678174793162
3024470,5.421134407291736
3024471,4.4566107257384955
3024472,37.20695201854225
3024473,0.4904478716570403
3024474,249.550588655411
3024475,245.6918143608795
3024476,5.030623352169923
3024477,4.859512544143621
3024478,221.6863012035965
3024479,43.040727192979034
3024480,1163.5818475440403
3024481,15.328182817920302
3024482,10.496944093123346
3024483,10.401817229658676
3024484,0.8126810095005956
3024485,3.630718817283723
3024486,2685.384172177917
3024487,0.0
3024488,402.38862262317997
3024489,4.374884849779745
3024490,1657.7720981175712
3024491,537.5762520151684
3024492,286.68816759928416
3024493,218.3259840535358
3024494,67.84107149115466
3024495,3846.598729962937
3024496,12.153139600789913
3024497,0.7709267289714006
3024498,45.42495539728463
3024499,52.893353071639595
3024500,0.12120848795103006
3024501,295.38858177372947
3024502,2.814783456336488
3024503,4.488105345244702
3024504,11.21518667869351
3024505,90.12428957258521
3024506,1.6360676411725057
3024507,104.98914221908194
3024508,241.10349653598337
3024509,3.049971434970962
3024510,4.431411530936967
3024511,141.60705860517643
3024512,130.33406489631867
3024513,2007.4938651846878
3024514,12.898629087720415
3024515,6.5063145294454605
3024516,3.7408843589218215
3024517,0.03051895457149788
3024518,2.868332781027178
3024519,1615.775487590177
3024520,0.0
3024521,137.78573091641968
3024522,8.784964181136566
3024523,706.4892025757325
3024524,321.440646677556
3024525,146.41373940142591
3024526,47.0020653065435
3024527,35.82419557484082
3024528,2479.6876233503535
3024529,13.907128514071697
3024530,0.6725353042336948
3024531,16.438693788757142
3024532,19.62966288112792
3024533,0.05843076208565467
3024534,166.85210603280575
3024535,2.188259368588586
3024536,0.0
3024537,5.773545437178672
3024538,76.60739923007095
3024539,2.663929365594624
3024540,97.72795115440742
3024541,157.65688852337507
3024542,1.0025828518350228
3024543,5.029375202455192
3024544,151.64985069379776
3024545,40.32053689313829
3024546,631.3490501229824
3024547,1.068195102323054
3024548,2.922949785652645
3024549,0.7885550807744148
3024550,0.0
3024551,1.0295876335094087
3024552,1276.6918877740125
3024553,0.11544723937969148
3024554,251.74316481701578
3024555,9.587145938320868
3024556,491.80385316380926
3024557,437.6193268975454
3024558,109.08759381979252
3024559,48.086963094656184
3024560,54.977153587202125
3024561,1918.1168876832755
3024562,35.845676242836916
3024563,0.5382305878471916
3024564,10.634263503545153
3024565,14.307889841823862
3024566,0.400387461093369
3024567,116.1575757466159
3024568,8.822189814000474
3024569,2.859043390577503
3024570,3.856459573860763
3024571,42.25929176764553
3024572,5.006584341474621
3024573,883.8034326855288
3024574,119.73987632353197
3024575,4.07202307793977
3024576,4.9898372779452504
3024577,353.1031183123303
3024578,27.36365009403304
3024579,1113.5544298186396
3024580,0.0
3024581,7.752888531787864
3024582,3.3643588446798494
3024583,0.0
3024584,3.235151625048885
3024585,3044.0923898853466
3024586,0.0
3024587,651.937810649931
3024588,15.749608374486575
3024589,1043.7039213483854
3024590,1143.4051608695254
3024591,241.63869505558904
3024592,215.9824634745189
3024593,144.55641327673737
3024594,3685.547188201275
3024595,37.272895722563156
3024596,1.0177481529531398
3024597,15.908405918122561
3024598,34.66919421513071
3024599,0.15003362270069953
3024600,239.15384021664806
3024601,9.455586479703571
3024602,35.036179997688976
3024603,10.480348546126848
3024604,72.65969087582991
3024605,9.115007817645989
3024606,349.71164843704923
3024607,231.5780222095194
3024608,17.28849082228354
3024609,10.807156401307301
3024610,467.0589195366409
3024611,102.06084724222671
3024612,3253.873577388133
3024613,0.0
3024614,22.357129590574313
3024615,2.311689607386297
3024616,0.05993794929260679
3024617,3.510477241696649
3024618,1719.8975423705795
3024619,0.0
3024620,299.55230462310794
3024621,5.245385502257244
3024622,404.27501722314025
3024623,513.2793550482261
3024624,131.76010948561557
3024625,102.93854122682251
3024626,113.912132033225
3024627,1619.6209137329658
3024628,18.341043501705478
3024629,0.9034098135400647
3024630,17.11789699036265
3024631,12.62216391284451
3024632,0.2429135757495488
3024633,74.0616133865299
3024634,0.0
3024635,21.02451536486827
3024636,4.110134635726807
3024637,210.54445578266174
3024638,7.066801667673553
3024639,150.57341161347918
3024640,78.27891867669072
3024641,2.943097651061406
3024642,5.590707267928277
3024643,147.16187743623763
3024644,31.499845749493232
3024645,1244.27160173556
3024646,3.2418898447483793
3024647,5.2262877253240765
3024648,4.246361605872649
3024649,0.0
3024650,0.0
3024651,811.9939001574664
3024652,0.0
3024653,187.04495582231192
3024654,5.502574475368296
3024655,409.9138833855248
3024656,202.49279748883322
3024657,65.596272834303
3024658,29.233350203842786
3024659,17.963705161411433
3024660,1241.854642767247
3024661,14.57735920175344
3024662,0.04036823619479863
3024663,12.57650324060851
3024664,11.130799799533216
3024665,0.5241010048287259
3024666,66.25327791560778
3024667,0.266798400148058
3024668,5.671491988379966
3024669,0.0
3024670,17.681782234691745
3024671,0.6540475946023272
3024672,201.47978755253106
3024673,54.350965140186496
3024674,3.238147124434759
3024675,1.094222725672
3024676,102.05636653035346
3024677,24.640676056284327
3024678,313.544407212227
3024679,1.5251602472543493
3024680,1.4388744229083212
3024681,4.8864864395882615
3024682,0.3781916033855782
3024683,1.770384549688763
3024684,2708.500015231649
3024685,0.10176310817047364
3024686,524.3509284979777
3024687,11.601671514768588
3024688,792.5617549738056
3024689,808.5405521863901
3024690,260.772836469672
3024691,214.45299123278105
3024692,87.34682577012511
3024693,3311.827732364085
3024694,21.265854007266192
3024695,2.833197740145652
3024696,18.05887986707367
3024697,22.944746541186056
3024698,0.23512339463493412
3024699,200.3955254494434
3024700,6.915039449534007
3024701,27.10575662667787
3024702,7.912786269484631
3024703,125.08723641060001
3024704,2.6675817596338067
3024705,236.22012144659035
3024706,179.48411961431125
3024707,9.883418121932223
3024708,6.717251047263758
3024709,309.06628790374583
3024710,61.22593655683329
3024711,2236.624302188611
3024712,0.12497785292300567
3024713,10.655088571488829
3024714,6.870138447165212
3024715,0.0
3024716,4.917102409524786
3024717,3343.9714244753663
3024718,0.0
3024719,680.8470058359692
3024720,13.537747446488883
3024721,1266.9184317322677
3024722,917.9014422196758
3024723,411.1408052448044
3024724,272.5016290682662
3024725,60.12301637917372
3024726,5040.431641698893
3024727,14.313753232256778
3024728,1.236219674582462
3024729,24.94688088844213
3024730,16.33910559543796
3024731,1.1856285946578093
3024732,289.26137944369054
3024733,0.0
3024734,8.522028726160702
3024735,6.736975438144573
3024736,43.50219812213987
3024737,1.0856063907070381
3024738,188.0652396042711
3024739,320.6268175059286
3024740,4.5797881012422375
3024741,5.142839659077821
3024742,221.12591442074446
3024743,75.72638059738492
3024744,3051.842295464145
3024745,17.861632162532494
3024746,2.1242119635846612
3024747,6.96996940355453
3024748,0.25766087545402133
3024749,2.4905414351413393
3024750,2892.6540178502846
3024751,0.0
3024752,694.8674909130945
3024753,11.453550096215954
3024754,1030.2609693963175
3024755,714.5112222637104
3024756,290.18540344772106
3024757,183.91732975675396
3024758,54.46086442150343
3024759,4056.6379843601826
3024760,17.793148048518535
3024761,1.6380776219971493
3024762,25.390206883122033
3024763,17.666930478960417
3024764,0.34344035608908574
3024765,247.80940801422733
3024766,0.0
3024767,8.173363386876662
3024768,5.183787053116803
3024769,48.245226867868595
3024770,2.589509694494593
3024771,117.23186895993528
3024772,229.00732156647672
3024773,5.227748292620685
3024774,2.644736363959693
3024775,182.60490694932366
3024776,64.79183149579468
3024777,2418.9372676696416
3024778,13.904566751636095
3024779,4.773166436001463
3024780,7.391478102334376
3024781,0.723344484920697
3024782,8.067014008482342
3024783,6123.348924303567
3024784,0.0
3024785,926.040476408388
3024786,43.199721440394875
3024787,1574.9980285050187
3024788,1589.6774810944885
3024789,282.18536047962544
3024790,384.412483068084
3024791,256.88562922409074
3024792,5883.789972767174
3024793,74.4497377362223
3024794,3.379901764750267
3024795,40.01611671584646
3024796,46.04009808327802
3024797,1.119755710474657
3024798,411.8441064885217
3024799,22.760550112815853
3024800,52.24820905983609
3024801,22.84302536635808
3024802,161.13065971229858
3024803,20.66984867004171
3024804,503.7820427401754
3024805,350.12304417234515
3024806,15.44959682618601
3024807,17.019554579847423
3024808,815.766558563965
3024809,169.71574586097694
3024810,5815.373523193994
3024811,0.26118447466262346
3024812,60.52623997958255
3024813,4.696744165014231
3024814,0.6006771780146575
3024815,1.3749548089034942
3024816,1580.0182283948352
3024817,0.0
3024818,174.85797396879866
3024819,3.493439041006098
3024820,1339.5370881501976
3024821,279.76338909213086
3024822,122.74874984746116
3024823,176.61973089634822
3024824,45.57205187312105
3024825,2590.9446931393854
3024826,5.326644393870096
3024827,0.29442946559124944
3024828,12.98256328837604
3024829,10.555554503189127
3024830,0.5634895153163364
3024831,173.88372566213988
3024832,0.19877106649218218
3024833,0.0
3024834,3.2324905525490237
3024835,58.878274478922584
3024836,0.8721488390774521
3024837,76.98134713948123
3024838,104.33396403355489
3024839,1.6580066045154613
3024840,4.505715930495735
3024841,119.82471193456654
3024842,22.556261093173916
3024843,1277.7208918567137
3024844,6.174309580414317
3024845,4.499188066153694
3024846,6.989423916779538
3024847,0.05042458676444907
3024848,4.346900212856263
3024849,3363.871535728589
3024850,0.0
3024851,543.5183733748187
3024852,9.544142009921554
3024853,1322.957230706968
3024854,639.4713619642439
3024855,238.75214944409163
3024856,326.4388588808948
3024857,78.74534223806056
3024858,4502.9813817616205
3024859,13.139029940274872
3024860,0.3492492381019489
3024861,23.409931249926604
3024862,15.136124134057408
3024863,0.0
3024864,277.19032622338585
3024865,1.0756718656530546
3024866,5.633302682842961
3024867,9.830662335491397
3024868,21.667462967354872
3024869,1.6401596296219227
3024870,329.83811761559764
3024871,280.4143928885281
3024872,3.0629329806390446
3024873,7.690502590137114
3024874,121.5983578157791
3024875,55.753609923803516
3024876,2658.4856014180627
3024877,18.119267297739338
3024878,5.9688327752416415
3024879,1.1842515527019102
3024880,0.008657788402851203
3024881,0.9630141946553514
3024882,1204.6210751433525
3024883,0.0
3024884,102.21118561810383
3024885,2.201345012005985
3024886,1075.1052020526486
3024887,148.49296933232003
3024888,67.20900496613793
3024889,185.1910828164855
3024890,15.372168907680798
3024891,1989.575695515204
3024892,2.130656677236936
3024893,0.396663914094493
3024894,4.979282083283324
3024895,2.8357501369575324
3024896,0.0
3024897,92.90434713839836
3024898,0.0
3024899,0.0
3024900,0.683541619766841
3024901,27.493817476893494
3024902,0.4836799071242053
3024903,75.46308291045514
3024904,92.07869993490486
3024905,0.865764371685913
3024906,2.241401005352404
3024907,53.19131924904917
3024908,10.934098767172392
3024909,379.5818876343346
3024910,8.101001809317907
3024911,1.0351663676083165
3024912,7.076741746681092
3024913,0.0
3024914,2.9269960450193415
3024915,2293.386089468758
3024916,0.0
3024917,243.44308253363022
3024918,13.454427602984595
3024919,1041.9971053937131
3024920,388.24444220077135
3024921,190.8800670618445
3024922,147.98018745229732
3024923,52.02501538643534
3024924,3201.252803001326
3024925,4.478106148680994
3024926,1.1736740359772313
3024927,18.664010304400943
3024928,15.16143735169204
3024929,0.29278485899240025
3024930,214.12622152447616
3024931,0.0
3024932,0.0
3024933,14.380095336524205
3024934,50.37576264416313
3024935,2.151411891281349
3024936,262.2947571557575
3024937,191.81480207126273
3024938,2.0538967215223423
3024939,4.34967652121938
3024940,196.6643510990238
3024941,30.089902123228047
3024942,2103.001809992532
3024943,4.54594422041423
3024944,1.856818016031435
3024945,3.2622721124877927
3024946,0.20744314609277084
3024947,1.8913561812735336
3024948,1994.2386201551553
3024949,0.0
3024950,630.9311997586879
3024951,3.7809788596287732
3024952,817.9100105228092
3024953,509.3869491665167
3024954,218.39150391552735
3024955,109.40168820280019
3024956,69.30081083129788
3024957,3694.4153243646265
3024958,5.2524906442247685
3024959,5.280621889257583
3024960,28.133332017566186
3024961,36.56395153607508
3024962,0.07231226331618897
3024963,186.15950420096348
3024964,3.697592324531546
3024965,3.5945873898335274
3024966,5.682803584169448
3024967,23.94830381954568
3024968,2.335748716146524
3024969,162.70569134119202
3024970,200.18120391158482
3024971,4.596217471526992
3024972,5.230550639908144
3024973,128.73873295296838
3024974,33.72024925817623
3024975,1152.5266586914452
3024976,15.575892522493168
3024977,4.699830907485876
3024978,4.062939855986936
3024979,0.09555922945251151
3024980,0.490471806027847
3024981,1305.7248343199726
3024982,0.0
3024983,100.87955555998953
3024984,3.556339451109531
3024985,471.51039173054886
3024986,185.92689614656956
3024987,98.82417200329974
3024988,155.52687674798045
3024989,39.104510694490926
3024990,1825.1573400660684
3024991,6.750402268889515
3024992,0.31397629652300574
3024993,15.916770694786573
3024994,8.477254040001714
3024995,0.054165026325399046
3024996,96.39535646220122
3024997,0.0
3024998,0.0
3024999,0.4484614615628351
3025000,97.26182510345163
3025001,0.5812811041881821
3025002,213.23508855216429
3025003,81.6679957975157
3025004,1.1075648356258645
3025005,0.9984509196819586
3025006,50.49659200510087
3025007,15.71347781544019
3025008,713.6991156587981
3025009,3.6548214935971584
3025010,1.4929877552345447
3025011,4.3326245382487905
3025012,0.15461415075790397
3025013,3.0196227382264835
3025014,3488.586219261723
3025015,0.0
3025016,530.0715188318051
3025017,9.459676243898373
3025018,970.4293218803352
3025019,676.8297201835625
3025020,246.5762916413821
3025021,181.51242509135463
3025022,83.48337573101514
3025023,4440.641916053782
3025024,10.368038724090873
3025025,0.3467842841891441
3025026,23.795471190824163
3025027,8.919775038996491
3025028,0.3146094435860475
3025029,231.53268497402422
3025030,0.0
3025031,32.21688184871129
3025032,3.7173844121409867
3025033,57.18507685905921
3025034,0.7341785247705628
3025035,234.9689666894586
3025036,226.65247953616202
3025037,2.668841269865629
3025038,7.190235774273124
3025039,120.50624465816048
3025040,43.853182927430694
3025041,2804.072349317252
3025042,40.84951210259683
3025043,1.5771137186821442
3025044,4.127647771849775
3025045,0.0
3025046,4.425865420185145
3025047,2231.7566108542132
3025048,0.0
3025049,421.02208700245217
3025050,8.842483685609068
3025051,830.5899856159514
3025052,722.142141865899
3025053,123.55309449928882
3025054,111.12157964415444
3025055,98.35842071181641
3025056,2993.6823860086342
3025057,54.24174030422167
3025058,1.4101104834996547
3025059,13.559862984793849
3025060,25.831065771770472
3025061,0.719735323130086
3025062,192.37007109904442
3025063,10.755184269710073
3025064,28.296201236177268
3025065,1.0727504922258204
3025066,85.31783311848193
3025067,7.82324347954918
3025068,193.0199642510815
3025069,174.04446016346157
3025070,9.348643177014893
3025071,11.037633654614396
3025072,211.81178224220162
3025073,49.91476725180783
3025074,1917.195764918367
3025075,0.26593194608264237
3025076,9.693981279954714
3025077,5.5536943999396975
3025078,0.0
3025079,3.2699110179525137
3025080,2345.0342585122276
3025081,0.0
3025082,329.3581251505074
3025083,12.0513412433754
3025084,1018.6148304594838
3025085,617.0322401324976
3025086,131.43558798800575
3025087,64.01154327557427
3025088,80.87980108750217
3025089,2777.3858601606203
3025090,28.005316531307628
3025091,1.1440238729879184
3025092,7.227311892318115
3025093,91.92984460619174
3025094,0.19501217832046303
3025095,263.23201079395557
3025096,12.579849160500988
3025097,15.330571687095908
3025098,11.305492733279976
3025099,107.9385349728529
3025100,7.611053398984883
3025101,135.33990825520954
3025102,258.64667471562404
3025103,6.222287018750011
3025104,9.725480959661526
3025105,94.8930619051075
3025106,45.47618946624975
3025107,1403.8219949060253
3025108,1.3238278078537564
3025109,10.91959081608132
3025110,10.576349546467377
3025111,0.2225563455345702
3025112,1.390126990414947
3025113,3006.7195631567783
3025114,0.0
3025115,623.9170158615138
3025116,4.723525554213685
3025117,1933.1339204953406
3025118,584.5537048390032
3025119,195.72913563710676
3025120,238.498662513696
3025121,59.014610579545014
3025122,5394.397571630941
3025123,38.92938376180023
3025124,1.9568928161287018
3025125,47.82618879310161
3025126,17.540042642780737
3025127,0.18365035766229776
3025128,305.9668748187497
3025129,4.847275917239369
3025130,17.427628721297896
3025131,5.19748302228624
3025132,63.80744251910551
3025133,3.0041689349468714
3025134,106.73968661334555
3025135,236.9417758907341
3025136,6.652994709786988
3025137,7.942527875787846
3025138,185.22523148424963
3025139,42.082860544263596
3025140,2698.431304491191
3025141,2.01614152215484
3025142,17.703109292957606
3025143,3.296819482003628
3025144,0.04019313227335117
3025145,2.411973137701874
3025146,1711.5581351392834
3025147,0.0
3025148,280.6337524564501
3025149,3.2522478891088746
3025150,660.2836496532215
3025151,530.1015311432177
3025152,149.86618367858344
3025153,108.04019309173775
3025154,54.64012655016124
3025155,2711.6230214070365
3025156,23.16414040136196
3025157,1.165679101102748
3025158,6.2293925936102745
3025159,9.76970342412269
3025160,0.04412182076499583
3025161,182.68826643448435
3025162,13.077648354446861
3025163,20.26346430220357
3025164,1.4911149636654812
3025165,61.50596508177431
3025166,5.9048159740338875
3025167,303.7977951255189
3025168,135.84610716192373
3025169,5.680702566526207
3025170,6.370298051961478
3025171,251.78818998703701
3025172,20.29627666180781
3025173,1557.0416242582799
3025174,0.0
3025175,20.848387805445228
3025176,3.773123865693095
3025177,0.08984517232304798
3025178,2.6532932085473955
3025179,4191.071837196772
3025180,0.0
3025181,409.084863344051
3025182,6.617323241410493
3025183,2211.1884115662215
3025184,630.3246713632537
3025185,311.64506130494726
3025186,193.11307307580415
3025187,88.21158804807938
3025188,5593.8619204110855
3025189,10.523310360340846
3025190,1.896756232807401
3025191,26.449967420582777
3025192,29.171461668377244
3025193,0.29508826351880113
3025194,407.72243097806563
3025195,0.0
3025196,0.019793007736821574
3025197,10.260701251294478
3025198,57.063082853187225
3025199,1.7745482217678923
3025200,138.47781245041008
3025201,303.9589051435694
3025202,2.7777815443180702
3025203,11.328907389619138
3025204,175.40179944451194
3025205,55.719512065517826
3025206,2136.673466129823
3025207,11.236022389263193
3025208,6.9938232193731436
3025209,5.749370130940126
3025210,0.0
3025211,6.207151280373032
3025212,2303.224173841565
3025213,0.0
3025214,413.11709999397567
3025215,9.454437292979957
3025216,1179.204138141985
3025217,625.9814043239596
3025218,201.44756889250544
3025219,121.56880475869363
3025220,87.75376981112483
3025221,3343.631959429697
3025222,43.094333862983575
3025223,1.3689356645117523
3025224,21.85473635090357
3025225,34.98349139164405
3025226,0.3943465919660142
3025227,200.8011497041684
3025228,17.914288869006814
3025229,15.143599483826574
3025230,8.405549957012095
3025231,117.79621831304068
3025232,6.696932494811231
3025233,181.75130084771143
3025234,311.0934853149553
3025235,12.10583124083755
3025236,7.3430235979419445
3025237,173.4460196632702
3025238,48.63669621317444
3025239,1838.1436111574267
3025240,0.0
3025241,5.859260328756694
3025242,3.123807315149877
3025243,0.00204866003249274
3025244,3.788765386382616
3025245,1961.6004829457597
3025246,0.0
3025247,335.8911000619288
3025248,10.869694660635494
3025249,559.043021449262
3025250,606.5412511975948
3025251,134.97946397241458
3025252,102.66735171225547
3025253,81.04282617885434
3025254,2364.2882389855577
3025255,27.699710358174208
3025256,0.6796717173596021
3025257,25.425469992641453
3025258,18.449369414366082
3025259,0.0
3025260,139.2150793747604
3025261,15.019651155646665
3025262,33.65129004108502
3025263,4.92628839584426
3025264,47.2349224787489
3025265,6.636413441771316
3025266,180.39353545034808
3025267,121.60985934621941
3025268,7.462750209170136
3025269,8.44953671423208
3025270,164.73155797360027
3025271,31.22879395155788
3025272,1766.9644896141233
3025273,0.0
3025274,10.57153364429669
3025275,3.379072971270282
3025276,0.11105666217457509
3025277,4.105292714063705
3025278,4798.930417177921
3025279,0.0
3025280,547.0767638476798
3025281,14.631564860786128
3025282,1217.5124271909615
3025283,626.7425722141079
3025284,260.3995368545566
3025285,221.08578225259077
3025286,69.74294927515598
3025287,4920.648909017721
3025288,11.249211450960344
3025289,0.07368459807745507
3025290,6.7038488461569194
3025291,16.16408719528634
3025292,0.12552431545458673
3025293,254.43860299641983
3025294,0.0
3025295,7.826730138769062
3025296,2.1867219973624854
3025297,116.73535580851603
3025298,4.072078982967314
3025299,215.0888590961884
3025300,282.80869336543117
3025301,2.883273882926894
3025302,1.8237027573673517
3025303,243.36670510856607
3025304,125.93592338064408
3025305,1913.357910500626
3025306,10.847455128840537
3025307,1.4597459275467832
3025308,9.97912825199112
3025309,0.0
3025310,10.174736244653882
3025311,6914.833753390163
3025312,0.0
3025313,1330.944149680598
3025314,22.314726468072074
3025315,1986.38531533337
3025316,1721.3191120170056
3025317,389.49510900167843
3025318,474.99104538939577
3025319,333.98823797892413
3025320,6919.191786464147
3025321,82.9696578773115
3025322,3.7997077020527765
3025323,116.82554268170658
3025324,125.79563822066169
3025325,0.01900446388852753
3025326,529.7995041771609
3025327,20.21498446801093
3025328,18.182805751753417
3025329,17.400221451801848
3025330,283.8807781880237
3025331,18.808676311432546
3025332,585.9060931352066
3025333,357.9010237783428
3025334,35.76456036623972
3025335,28.435898068489802
3025336,760.2667971387727
3025337,198.16149667387026
3025338,6464.885901467186
3025339,82.5253151525259
3025340,64.61729515637066
3025341,11.715590613233783
3025342,0.0
3025343,9.927242602108679
3025344,6184.960339743026
3025345,0.0
3025346,885.8794154165284
3025347,15.344143988710599
3025348,2130.057735626595
3025349,1666.8861736995518
3025350,542.014203991615
3025351,290.9345588900717
3025352,226.1164211344113
3025353,8362.93181213178
3025354,134.9855670548952
3025355,2.155898369370775
3025356,17.367375726602845
3025357,87.6292059515737
3025358,0.9044304046223943
3025359,535.2846650941692
3025360,17.700682404930163
3025361,32.920908502609045
3025362,5.886469646234973
3025363,145.40631846343808
3025364,15.591923551271359
3025365,778.7866834485991
3025366,493.1995210054725
3025367,19.382927123516012
3025368,25.152695449973965
3025369,937.2286948113593
3025370,152.86080088022112
3025371,4444.668153151851
3025372,202.40511192820213
3025373,65.91716231534274
3025374,11.971581738645915
3025375,0.0
3025376,13.632350340204784
3025377,3765.9187837769105
3025378,0.0
3025379,651.6209835080208
3025380,10.773322930343515
3025381,1986.2127742161101
3025382,1126.3915037444694
3025383,583.741527829461
3025384,115.58792897211418
3025385,183.34406368734358
3025386,7100.679578292536
3025387,52.86786459568232
3025388,3.088551979734977
3025389,28.525086336393517
3025390,26.563887621186833
3025391,0.0
3025392,470.7087453635846
3025393,17.409251911158847
3025394,21.7058185986967
3025395,8.598563982487844
3025396,100.90046194726766
3025397,8.607877540914304
3025398,742.0396514854725
3025399,492.70830782417346
3025400,20.60588328801687
3025401,37.20068892008058
3025402,486.98901437745695
3025403,75.96823677234954
3025404,1773.5502692120942
3025405,146.092709520435
3025406,31.279142819352774
3025407,11.154627911900926
3025408,0.0
3025409,13.417753799161789
3025410,5998.998185658339
3025411,0.0
3025412,939.1384035065803
3025413,19.3913151211038
3025414,1899.2309397058723
3025415,1575.3543513055417
3025416,493.89898391700274
3025417,276.71853953553307
3025418,183.6378167714537
3025419,7803.568941669085
3025420,42.981142659276045
3025421,2.0964584759468745
3025422,16.41616806706995
3025423,74.09063697051191
3025424,1.0666048720063874
3025425,459.5486939008202
3025426,12.983824685871596
3025427,23.80801568612147
3025428,6.582035616519953
3025429,151.41551134665502
3025430,9.08529061852847
3025431,664.43739631778
3025432,457.8593067861855
3025433,22.160239594526036
3025434,18.685144988114963
3025435,868.5527236295267
3025436,132.02252765444075
3025437,3981.111636902601
3025438,127.80541375953965
3025439,45.78565866802233
3025440,12.255178314871827
3025441,0.0
3025442,14.563989781626455
3025443,2956.0904719518385
3025444,0.0
3025445,603.0266086304067
3025446,8.47881248072099
3025447,1618.3110142594144
3025448,953.5385763127218
3025449,436.2897011250825
3025450,77.24203849609957
3025451,123.2410689538219
3025452,5849.929362217282
3025453,43.18899164198336
3025454,0.5191184818556625
3025455,18.60437280860224
3025456,58.462764316440946
3025457,0.4901873917620708
3025458,433.5454308700444
3025459,9.474998090586725
3025460,9.65497294422784
3025461,2.452227852709482
3025462,87.81504896904195
3025463,5.223336963349359
3025464,626.9048783176335
3025465,453.75319644441186
3025466,14.933740919331568
3025467,16.90103560907381
3025468,568.5107102068754
3025469,54.99849295188491
3025470,1263.5279286161492
3025471,78.56142049789223
3025472,15.063309669968492
3025473,13.01765671737993
3025474,0.0
3025475,9.219335985228248
3025476,4631.728389567135
3025477,0.0
3025478,890.0820712803919
3025479,20.736770155949078
3025480,1521.5113345733723
3025481,1665.6731038332537
3025482,312.57867591017356
3025483,384.5260677484554
3025484,241.42569143426704
3025485,5781.911373014735
3025486,78.60190203249161
3025487,1.5678723448671275
3025488,35.52258616042941
3025489,65.24778272780887
3025490,0.4627955569395002
3025491,359.5054584778161
3025492,11.782256737067767
3025493,30.125945471406133
3025494,10.105185190242894
3025495,170.59991620422213
3025496,17.687279903644626
3025497,580.0095205341153
3025498,361.4334076748441
3025499,17.77472023734661
3025500,21.38747647592163
3025501,758.4474754934449
3025502,139.63353503800582
3025503,5828.657629013107
3025504,115.19212786323125
3025505,55.43798988638108
3025506,6.07901077403049
3025507,0.19037955538882645
3025508,4.309633533881932
3025509,1587.6994552212323
3025510,0.0
3025511,312.82730524441024
3025512,16.189104040912994
3025513,830.7043000492163
3025514,487.9302909944496
3025515,186.77943148286224
3025516,77.94855531782986
3025517,81.82561909361955
3025518,2538.9091786244967
3025519,44.762726292001076
3025520,1.1514652093778701
3025521,16.518755420968954
3025522,20.226260976581816
3025523,0.6608181429207804
3025524,196.76431005007765
3025525,10.81565200143968
3025526,10.531469940883737
3025527,8.83926727092279
3025528,52.00663762286302
3025529,5.113041611061201
3025530,227.1982887237778
3025531,189.19196660537878
3025532,4.289448881323106
3025533,5.724833946196481
3025534,200.67747810710452
3025535,42.38874553875354
3025536,1385.5883954071921
3025537,0.15268351496890886
3025538,10.17693525903621
3025539,7.520357783863438
3025540,0.0
3025541,8.913323130686004
3025542,3492.751353938214
3025543,0.0
3025544,439.70006521697525
3025545,29.19148505071202
3025546,1337.2244414650625
3025547,873.1855073621545
3025548,342.67219226073706
3025549,92.9761153211508
3025550,101.47226416563635
3025551,5341.9486674212285
3025552,101.5604428650263
3025553,1.5638907540833962
3025554,23.63077615373038
3025555,30.641595397321485
3025556,0.5850239572705649
3025557,374.0062532050744
3025558,10.7102926906273
3025559,5.103600905652077
3025560,2.5920883589811847
3025561,100.41983397101389
3025562,5.1616689249397085
3025563,491.5243688096261
3025564,379.4005931753014
3025565,11.027366711181706
3025566,17.65847275850679
3025567,314.99224505234446
3025568,47.74151443415114
3025569,1738.8723337202796
3025570,88.0536759862973
3025571,16.687056338971782
3025572,7.19474213105695
3025573,0.0
3025574,3.220962659234665
3025575,3662.0226197460615
3025576,0.0
3025577,703.3211707433201
3025578,6.854728338865091
3025579,1275.7715730893292
3025580,1293.9314850756793
3025581,212.44353918141377
3025582,294.7910101109739
3025583,192.98994062905268
3025584,4259.339465377056
3025585,42.282462135868656
3025586,2.3853566592286457
3025587,23.26152554112222
3025588,33.95885304034352
3025589,0.46286897697613594
3025590,273.6125954620237
3025591,1.7078822224965722
3025592,34.801707082090175
3025593,5.234202292453441
3025594,134.78669682365137
3025595,8.791238892964484
3025596,496.76611326661276
3025597,258.57929844946494
3025598,18.601634337344933
3025599,11.020292060603708
3025600,423.05026760320897
3025601,80.17515213895868
3025602,4481.816589282604
3025603,14.464045843087634
3025604,39.89064536428522
3025605,14.812201750589068
3025606,0.0
3025607,10.72289667512838
3025608,5892.649317212275
3025609,0.0
3025610,1027.8224001798455
3025611,15.372152529632055
3025612,2137.0597878259105
3025613,1501.4385974162594
3025614,479.1226788927612
3025615,268.3208667328538
3025616,440.2123255993566
3025617,7771.168304651745
3025618,59.467454323891594
3025619,4.137712790063304
3025620,70.27521828810013
3025621,69.08570540279608
3025622,0.5615257323903742
3025623,478.31260585750215
3025624,10.928200178613755
3025625,66.36276255669175
3025626,9.199640712043252
3025627,266.3520945621066
3025628,12.320092506658426
3025629,628.7076036249705
3025630,476.2222070115717
3025631,19.788641989431543
3025632,33.45707261515034
3025633,611.2483274399027
3025634,185.42623520492168
3025635,6029.719806002833
3025636,15.537541349667483
3025637,15.157155894771346
3025638,7.31645389942055
3025639,0.14241178560328274
3025640,2.285573133893215
3025641,1776.8893621502154
3025642,0.0
3025643,392.2825692696942
3025644,5.938728143188856
3025645,809.5351530903487
3025646,417.0590735691042
3025647,183.5698285370494
3025648,79.7317685175291
3025649,101.4333240839297
3025650,2633.8508990911764
3025651,14.355943889978667
3025652,1.4623087162217756
3025653,23.593030964003468
3025654,23.372406745305703
3025655,0.060043833958876754
3025656,164.02156625857734
3025657,4.069549486751569
3025658,14.62009131642771
3025659,5.880589549041511
3025660,89.96076220733134
3025661,4.142344773980004
3025662,247.75328615763482
3025663,177.1475486519631
3025664,4.7666983454105285
3025665,5.197851287620951
3025666,154.78828782375328
3025667,45.12599327845509
3025668,1491.0043893855773
3025669,0.0
3025670,1.9206321956470211
3025671,7.8155468533237755
3025672,0.0
3025673,2.132899283459643
3025674,3079.2278218668516
3025675,0.0
3025676,235.2105997683733
3025677,1.899862634459628
3025678,1357.7935351042233
3025679,236.9417307402505
3025680,230.74749019264078
3025681,63.73310558357785
3025682,29.721573146816315
3025683,3239.339566737292
3025684,6.863445432155203
3025685,0.3062775274362776
3025686,17.32105985099578
3025687,13.518089607012596
3025688,0.16376296679110286
3025689,211.1890771010115
3025690,0.0
3025691,0.0
3025692,3.257036638703981
3025693,28.777999000139328
3025694,1.0792428958025646
3025695,50.44409676223033
3025696,164.96260119739514
3025697,0.0927617374582699
3025698,0.8763002368685439
3025699,65.3350071619287
3025700,98.63110006844879
3025701,893.4586122492364
3025702,1.5032840599708543
3025703,3.9213207338096905
3025704,5.694880040787128
3025705,0.12296696032240324
3025706,4.94903049431356
3025707,2502.7829712984712
3025708,0.020950307629617748
3025709,457.6986451054994
3025710,8.0956440455516
3025711,1058.4966898122022
3025712,756.0134469833531
3025713,276.6418429833534
3025714,142.49275749551055
3025715,113.59099528930085
3025716,3694.108038216718
3025717,40.33003158144123
3025718,1.1881122227767023
3025719,16.16464732208303
3025720,60.04649810842916
3025721,0.17527302204660083
3025722,254.21289903510163
3025723,12.656876836779675
3025724,13.674331645986731
3025725,6.821127062793796
3025726,76.92188267068875
3025727,6.776595092971755
3025728,364.44074764306134
3025729,252.3025545975751
3025730,8.097998121341247
3025731,10.786749550358275
3025732,414.08180310687175
3025733,58.62628197784513
3025734,1796.5298409257425
3025735,0.0
3025736,26.766716034225222
3025737,4.878290058979584
3025738,0.04137804559001565
3025739,4.406254866723946
3025740,3539.113727447483
3025741,0.16748073725936555
3025742,646.772695053817
3025743,16.801562544017298
3025744,1058.1083051140545
3025745,1198.9569805411438
3025746,174.8479873877841
3025747,264.104323030559
3025748,191.00315656810977
3025749,3613.5996201072458
3025750,51.51763820820972
3025751,3.1454460527498984
3025752,32.32885842083463
3025753,27.35714477216718
3025754,1.1769451605932355
3025755,223.59336139283627
3025756,13.91272900029586
3025757,47.685026890152976
3025758,8.542253666906648
3025759,119.77544503202368
3025760,10.59039314618077
3025761,404.69533784815036
3025762,216.04424493988634
3025763,8.732609501443038
3025764,13.097994033058745
3025765,574.7372591338608
3025766,107.57112955085488
3025767,4582.426004750509
3025768,0.21580244284661554
3025769,38.72800903861077
3025770,5.1143262644786205
3025771,0.2569409238534522
3025772,7.774675054230167
3025773,3021.3836055584984
3025774,0.0
3025775,630.4399596640878
3025776,16.78295314348436
3025777,944.3778559554913
3025778,981.2823732901477
3025779,216.27436820068425
3025780,246.5331982901131
3025781,109.45395875028883
3025782,3690.3022536641756
3025783,31.40006028890345
3025784,3.9228778564342073
3025785,37.72953931782343
3025786,45.291001654494146
3025787,0.2709662228099721
3025788,255.40117361915853
3025789,14.673566427651314
3025790,34.746141426784874
3025791,21.19928419255787
3025792,100.24592497861296
3025793,11.982525985679489
3025794,327.1786684330658
3025795,234.04510029452712
3025796,16.471755843823715
3025797,18.665614702836155
3025798,417.1432574261627
3025799,85.34766430527223
3025800,3180.4694527641227
3025801,0.3019281357794582
3025802,30.37796826863592
3025803,11.786781895648176
3025804,0.06461868690428686
3025805,5.2670463462546575
3025806,2919.91130231098
3025807,0.0
3025808,471.92353067948005
3025809,11.359911061424745
3025810,1384.5457147382124
3025811,686.8379237897873
3025812,466.06048331756136
3025813,161.2011785486252
3025814,68.44011207809514
3025815,5250.3094229962135
3025816,15.560183453428014
3025817,1.5650280046233218
3025818,31.11619126016609
3025819,33.63236314677911
3025820,0.19880054027269967
3025821,355.4794588117191
3025822,12.707565143002322
3025823,8.33838411068192
3025824,7.154432736535828
3025825,37.2135861555836
3025826,2.79976468478427
3025827,293.0668267975967
3025828,349.8269150897922
3025829,6.314873459223857
3025830,5.841113882143497
3025831,306.09774949282814
3025832,100.29016158356872
3025833,2090.8117190599423
3025834,42.72233353444255
3025835,16.492841575813827
3025836,4.401426786666242
3025837,0.0
3025838,3.434676074284646
3025839,2215.9145265127954
3025840,0.13177805234505266
3025841,378.1967805028437
3025842,14.601084937027693
3025843,786.4906720564751
3025844,769.3818083097156
3025845,138.22501914587025
3025846,152.65801391020315
3025847,151.32121319518296
3025848,2845.2354996744084
3025849,24.79227770687181
3025850,1.8261227695136542
3025851,20.39015639650006
3025852,24.587534835887304
3025853,0.6023104924692291
3025854,186.24222252280316
3025855,14.071200047028887
3025856,24.267052551159445
3025857,10.665373926683351
3025858,92.0459089020546
3025859,7.519344313689203
3025860,294.45520049010946
3025861,134.27324646155884
3025862,5.035282476380465
3025863,9.672851279728281
3025864,337.61192396308934
3025865,60.91658721652015
3025866,3996.8444712440437
3025867,0.037407146781470384
3025868,27.679928072415446
3025869,1.9150886356240715
3025870,0.0
3025871,1.7610469524177923
3025872,1082.2470726285103
3025873,0.0
3025874,80.15907360039941
3025875,2.7119760805145225
3025876,759.9182783773348
3025877,380.0494986603963
3025878,214.87070977780868
3025879,37.101183669486815
3025880,29.791907258923494
3025881,2361.6732708535433
3025882,5.829333779477669
3025883,0.23910021645363833
3025884,11.05325901430326
3025885,8.251205125111087
3025886,0.0442896770536286
3025887,133.75701247228548
3025888,0.0
3025889,0.0
3025890,0.7254551815119065
3025891,10.010873551544401
3025892,0.7029195050532585
3025893,147.30034621282704
3025894,140.30800009740636
3025895,0.8189093339338845
3025896,2.413917974147419
3025897,129.11579950174655
3025898,18.06715193382954
3025899,208.54706260736305
3025900,0.46215213130001065
3025901,0.8273787332098598
3025902,6.1809929785825615
3025903,0.33161235265542904
3025904,3.1521737234548026
3025905,3787.1014985800375
3025906,0.0
3025907,579.3808831809838
3025908,8.494220631115896
3025909,1567.5576165550976
3025910,621.2172059794159
3025911,429.4814409424868
3025912,221.888585988753
3025913,77.13066304482926
3025914,6664.1827569149655
3025915,33.43814898232474
3025916,0.5874599975962198
3025917,5.580263278025623
3025918,17.270426935509573
3025919,0.23096836465567944
3025920,412.74155119523743
3025921,13.272495971192951
3025922,0.5530480435724662
3025923,9.357170954257445
3025924,45.895142897730246
3025925,2.091963186689671
3025926,568.8845473979435
3025927,322.09820548993366
3025928,3.0902539970242495
3025929,13.580839066955862
3025930,365.02347415767713
3025931,100.34776064999342
3025932,980.9852703797217
3025933,8.414032798765787
3025934,8.461179094227157
3025935,5.641650158458672
3025936,0.0
3025937,1.7535123032238153
3025938,1540.5932528651474
3025939,0.0
3025940,203.87555484887332
3025941,15.533614468307274
3025942,1129.64363546425
3025943,523.5873764179701
3025944,221.86353483243565
3025945,31.632983459749557
3025946,28.803876585137562
3025947,3049.1868111839385
3025948,10.787110460884367
3025949,0.0
3025950,9.462353559022803
3025951,18.035311374922728
3025952,0.4372858430273788
3025953,170.552951164494
3025954,11.725906372733295
3025955,0.0
3025956,2.27800438060348
3025957,32.92955480501276
3025958,1.7041174830862413
3025959,112.87962540707714
3025960,174.0997589328444
3025961,1.8889252523009494
3025962,4.950482484055778
3025963,133.48581832508836
3025964,39.996512130311714
3025965,317.87754227669313
3025966,1.6338377289022916
3025967,4.643702923182143
3025968,4.285485115947836
3025969,0.0
3025970,4.002650428436977
3025971,1399.4482834607547
3025972,0.0
3025973,116.95382836842688
3025974,7.923261138523377
3025975,862.0105243517091
3025976,331.8833616630373
3025977,144.3288903836438
3025978,50.725264394098325
3025979,29.459413592750785
3025980,2695.62444622989
3025981,14.090447790558054
3025982,0.2213468198183808
3025983,9.484612978734468
3025984,8.441518999760493
3025985,0.24391510911685937
3025986,138.4104897672693
3025987,0.673883323495208
3025988,0.0
3025989,4.176049235924169
3025990,28.15457778277441
3025991,0.7007401786871564
3025992,129.79325473790735
3025993,165.2165638231542
3025994,0.6527277335867016
3025995,5.055372166218334
3025996,43.886421284272686
3025997,31.974929496148615
3025998,163.1143244751834
3025999,0.7953447743695374
3026000,2.595045095923263
3026001,3.538778286847472
3026002,0.0
3026003,3.0472404228119614
3026004,1332.9825695264265
3026005,0.0
3026006,149.5051415200789
3026007,6.891354412677066
3026008,1567.319304508197
3026009,455.567939217359
3026010,224.81394153580365
3026011,25.07130837199579
3026012,42.75324534691225
3026013,2939.5696356458902
3026014,12.82563879895268
3026015,0.4848345946490658
3026016,20.781107851068683
3026017,24.232680137155764
3026018,0.14714887196748305
3026019,178.09117811769678
3026020,2.061976810839066
3026021,0.0
3026022,3.676453156951942
3026023,12.932924146473507
3026024,1.1143840358847166
3026025,133.40486482219418
3026026,257.0575727339601
3026027,1.3404933139951678
3026028,3.184527486003649
3026029,64.35061810681331
3026030,96.2536632828944
3026031,305.06188646429325
3026032,0.7560547473998384
3026033,3.0089721460080048
3026034,2.8278071287563713
3026035,0.9689286969648647
3026036,4.2317786811103435
3026037,1592.2882187335488
3026038,0.0
3026039,146.23122240081642
3026040,1.4750537655224922
3026041,912.3830429029756
3026042,457.95455490907415
3026043,267.71079561602005
3026044,65.37238788380623
3026045,58.46523577029956
3026046,2824.0254025599847
3026047,10.219786726601013
3026048,1.079343477634631
3026049,18.387043173785795
3026050,17.28338404722989
3026051,0.22060601968920346
3026052,224.68235265263712
3026053,7.538112057095432
3026054,0.0
3026055,5.623109098639667
3026056,17.11812536068088
3026057,1.4427581712841528
3026058,144.67365075773856
3026059,176.53914047167996
3026060,0.9982543346003202
3026061,5.861620538993024
3026062,110.69971866699274
3026063,43.66725255739402
3026064,582.278693157491
3026065,0.9422312531560055
3026066,6.416387592050744
3026067,3.637694660104083
3026068,0.0
3026069,2.64429309911698
3026070,1491.3444083256318
3026071,0.0
3026072,133.70816445002163
3026073,3.1006636586297254
3026074,1699.2558382141226
3026075,246.78812217361286
3026076,134.78835947738847
3026077,102.39029337707831
3026078,20.597203020879824
3026079,2588.8997698367093
3026080,5.3113257972538355
3026081,0.259133908130658
3026082,7.477212571606459
3026083,10.319390709520961
3026084,0.19787204918240078
3026085,153.1984419338608
3026086,0.0
3026087,0.0
3026088,1.8610121920526037
3026089,54.29197429647806
3026090,0.6061897659561297
3026091,53.50833114514995
3026092,120.71194025253727
3026093,0.8706727419222177
3026094,1.7831728144295789
3026095,62.213300229720645
3026096,28.588849281239195
3026097,429.8561297819997
3026098,12.105846212395829
3026099,1.3617035499421901
3026100,6.498894694211286
3026101,0.7431114283294472
3026102,2.3386064820864467
3026103,2671.021321256276
3026104,0.0
3026105,258.51309806756007
3026106,5.160089191187182
3026107,1036.5762398346922
3026108,920.7007055488409
3026109,446.3138450684291
3026110,125.28669629995788
3026111,90.54946814291242
3026112,4020.5036048562943
3026113,16.524788006160218
3026114,0.9574624581684447
3026115,10.307784420605346
3026116,12.3530381794791
3026117,0.2605943093226125
3026118,254.2448858142606
3026119,0.797480393872905
3026120,0.0
3026121,2.9193176244620775
3026122,33.50412706768901
3026123,2.6693217112293857
3026124,246.93427623559714
3026125,233.5510448449567
3026126,1.7196292687257622
3026127,5.63098093327123
3026128,293.0991122463556
3026129,44.785164763135356
3026130,1113.504467074784
3026131,2.3898286810324643
3026132,11.4376723530994
3026133,3.8821445220166875
3026134,0.39481193148840743
3026135,3.412307347554653
3026136,1622.18135154892
3026137,0.0
3026138,503.32920657229545
3026139,5.7382274956158215
3026140,446.2475964672014
3026141,667.8671902069027
3026142,172.1861644540928
3026143,115.1553734439091
3026144,55.005206835343664
3026145,2419.7033107425054
3026146,11.109477486689125
3026147,1.0414913892324615
3026148,38.61879223240767
3026149,13.690503756692875
3026150,0.33534978394591625
3026151,153.832840562938
3026152,9.7395631848249
3026153,4.555382675242409
3026154,5.195197660660968
3026155,40.35587825243863
3026156,0.8576408892828548
3026157,85.61472758702483
3026158,123.27223988840728
3026159,4.560398254347998
3026160,5.39224632510144
3026161,127.84270188682987
3026162,61.78677235481059
3026163,1168.5172358476686
3026164,13.989951191883147
3026165,10.251441657236578
3026166,6.278730665658431
3026167,0.4485824886293289
3026168,3.486210459676422
3026169,2186.0577048654054
3026170,0.0
3026171,153.18168459264086
3026172,6.616238874297368
3026173,885.8260002827925
3026174,358.70621379463984
3026175,281.56626969197987
3026176,58.89278576732451
3026177,51.99752415989556
3026178,3323.7394799597355
3026179,33.66057144778597
3026180,0.874113539930411
3026181,15.98524702807988
3026182,18.26606740864506
3026183,0.08469326885488981
3026184,183.55160268943047
3026185,7.004806044785484
3026186,0.0
3026187,4.176150806890819
3026188,27.252119437923305
3026189,2.565263406709736
3026190,111.43117214001728
3026191,186.4223033316996
3026192,1.390483745081003
3026193,5.558953436420919
3026194,77.98591280307429
3026195,25.27124445698287
3026196,343.67549836693087
3026197,0.765463668225916
3026198,3.4723439712752655
3026199,4.640914783302997
3026200,0.0
3026201,6.442525413557754
3026202,2401.2953182456795
3026203,0.0
3026204,579.891757081902
3026205,10.343145511956818
3026206,851.3253565586143
3026207,763.9301360321915
3026208,199.02000145369496
3026209,151.74012654334686
3026210,104.16944545342545
3026211,3625.1431947214373
3026212,43.89178977353965
3026213,0.5190949548792443
3026214,5.058528422447353
3026215,47.91727130276024
3026216,0.13184914047139445
3026217,228.7245880341649
3026218,16.76602882554545
3026219,17.680183683593818
3026220,7.033200220867105
3026221,68.73736199119888
3026222,6.631451953054188
3026223,450.11813448426904
3026224,187.06876534566854
3026225,9.118268048120461
3026226,8.936095889889645
3026227,387.9354497997316
3026228,84.3556197149968
3026229,3209.8593654422048
3026230,0.0
3026231,30.33454693598257
3026232,9.766283760201622
3026233,0.25703501068196205
3026234,3.564674857965658
3026235,3138.3334416666894
3026236,0.0
3026237,395.92396444539827
3026238,9.86647957648677
3026239,1833.1516465435916
3026240,834.9530776398258
3026241,539.0491649317489
3026242,73.79378449667291
3026243,65.61606628748106
3026244,5041.325127563822
3026245,16.11553082333869
3026246,0.7496532451117781
3026247,18.006814598922315
3026248,13.972923407213132
3026249,0.06018475993017435
3026250,302.9628533936484
3026251,2.606028290087439
3026252,4.267760857933199
3026253,4.546615440136251
3026254,41.338971112673875
3026255,0.7687291158935098
3026256,289.8559437001858
3026257,290.25042530206184
3026258,5.296157458589526
3026259,4.053504978880944
3026260,231.88065061392808
3026261,43.49672581275364
3026262,669.9110760058738
3026263,14.45102886251574
3026264,13.86898983679635
3026265,9.097438193997387
3026266,0.5163578268759927
3026267,3.447084722658697
3026268,2534.920052392325
3026269,0.0
3026270,365.01084441243256
3026271,6.695936904902636
3026272,1973.4422639575816
3026273,642.4670594212412
3026274,271.4261120452617
3026275,184.1271073866183
3026276,69.85846051114254
3026277,3942.5455230201314
3026278,13.638973056869833
3026279,0.8712677558774863
3026280,39.19372214901412
3026281,67.58574333597612
3026282,0.11984920258109867
3026283,292.69860777082727
3026284,2.2686400977716366
3026285,2.727728990384242
3026286,10.737095613495315
3026287,67.41913513394064
3026288,1.628816841994807
3026289,100.35647878792233
3026290,243.61746405640815
3026291,3.236188799484185
3026292,3.7045025780496497
3026293,140.98353484664517
3026294,131.73056907688846
3026295,1117.9890247270298
3026296,8.382876810768717
3026297,5.986516603496301
3026298,3.95976574681101
3026299,0.19517150623440446
3026300,3.1533591443865276
3026301,1681.73003209842
3026302,0.0
3026303,142.11202101627163
3026304,8.851247114662645
3026305,777.4232529331688
3026306,376.01049323398917
3026307,142.91522795107707
3026308,55.453665642930474
3026309,33.884340081496475
3026310,2683.8895084661426
3026311,11.675475907392952
3026312,0.9498928261048645
3026313,19.392452616392248
3026314,18.77959381000299
3026315,0.11148598517346822
3026316,184.79919798906238
3026317,2.550434351130738
3026318,0.0
3026319,4.581499917772788
3026320,82.4438934028
3026321,1.6433467199479619
3026322,108.50405242414166
3026323,160.74470407043816
3026324,1.2074454370423808
3026325,4.332443151094652
3026326,152.8687955069034
3026327,39.81433052482101
3026328,469.8269818223639
3026329,0.6795426914332153
3026330,1.9166914271997355
3026331,1.3721430871100369
3026332,0.0
3026333,0.8769970506960462
3026334,1341.1899059547084
3026335,0.05134865735257864
3026336,263.03448819220847
3026337,8.974830754025243
3026338,536.148609704751
3026339,457.5661776387083
3026340,120.39243800976672
3026341,48.63638762671765
3026342,62.20696949144456
3026343,2088.065680853895
3026344,26.956819089728768
3026345,0.3314751527690819
3026346,11.655562252691178
3026347,12.70611716932015
3026348,0.27417232883789694
3026349,121.87604841538543
3026350,11.677806721776479
3026351,1.8345978432203882
3026352,2.88815272236373
3026353,40.50213283368956
3026354,3.9452986969474964
3026355,494.361275281487
3026356,132.86262353027345
3026357,4.851754223744687
3026358,6.790873982755635
3026359,318.45350968178593
3026360,31.178214558730303
3026361,1564.4401407186426
3026362,0.0
3026363,6.118356941404998
3026364,3.6473004514219656
3026365,0.0
3026366,4.229870641475317
3026367,3582.038252195987
3026368,0.0
3026369,771.0045060221803
3026370,17.49691389221304
3026371,1241.9527136734453
3026372,1341.388841247265
3026373,277.3980761865155
3026374,260.131839909501
3026375,181.67470732472947
3026376,4377.147729821524
3026377,36.84937216439758
3026378,0.7696876682977309
3026379,23.829200920774564
3026380,45.956103991843
3026381,0.2842019652025329
3026382,283.41390768566316
3026383,12.046859239798538
3026384,40.512758681474224
3026385,12.113426379879254
3026386,75.02443260566825
3026387,10.122319195363774
3026388,411.5439914587415
3026389,284.6755300228517
3026390,18.541776930264948
3026391,8.430613343988744
3026392,579.1134647024468
3026393,121.58929207923876
3026394,6102.652831189067
3026395,0.13200531295235388
3026396,26.689151261437374
3026397,2.220559190075828
3026398,0.05841034912221814
3026399,3.0138150725010484
3026400,1780.991380039317
3026401,0.0
3026402,351.5457255972366
3026403,5.637155534539509
3026404,453.3781369157951
3026405,570.6032375873848
3026406,142.14362039900604
3026407,114.39726249114875
3026408,100.57260476372794
3026409,1810.298309623556
3026410,19.998088655468766
3026411,0.7366521046303813
3026412,16.875069892529808
3026413,14.366993963504791
3026414,0.04921572864172908
3026415,90.85739584325982
3026416,0.0
3026417,31.469683429754834
3026418,2.7522885404969326
3026419,164.07554741034554
3026420,5.702787944706616
3026421,214.46351143834366
3026422,100.13656323870778
3026423,4.7855454370801
3026424,5.883666394337134
3026425,177.47934567994767
3026426,41.0107254463526
3026427,2564.1670884134505
3026428,3.7667631336724954
3026429,4.456811514229354
3026430,4.695406045618553
3026431,0.0
3026432,0.0
3026433,584.7172547795799
3026434,0.0
3026435,214.99835558071328
3026436,6.971513483583315
3026437,551.0871610028794
3026438,258.1205763016816
3026439,81.83728517862426
3026440,35.08124793485105
3026441,22.912594561045534
3026442,1591.5207800330918
3026443,16.940970248083758
3026444,0.5437101061739715
3026445,13.797625237968475
3026446,13.013056467771108
3026447,0.5122627064522293
3026448,90.04946301532252
3026449,0.190380703082868
3026450,5.292378311512813
3026451,0.0
3026452,17.54424784675148
3026453,0.3237210279934898
3026454,257.62720273447565
3026455,105.01583090561098
3026456,3.212008201037127
3026457,1.553152108047592
3026458,128.4389550018896
3026459,21.831823669165075
3026460,967.1534016095387
3026461,1.3959788137270759
3026462,2.385169744291062
3026463,4.8523077233832534
3026464,0.3165402980047878
3026465,2.6651520101108743
3026466,2985.200310393029
3026467,0.0
3026468,594.0864695216889
3026469,12.37609576858887
3026470,939.1385654505698
3026471,937.5620723320823
3026472,286.30122503614984
3026473,250.3055304125601
3026474,110.40529808546705
3026475,3866.9246685061676
3026476,24.34468188866984
3026477,2.6117379999120973
3026478,23.29115804289493
3026479,27.89300641444965
3026480,0.4824176066824783
3026481,226.72310563020866
3026482,4.681771436249319
3026483,32.91798482107696
3026484,7.74841704285561
3026485,121.63516410076464
3026486,3.269829544019362
3026487,271.3340599379857
3026488,207.86255771580835
3026489,11.659684108489664
3026490,7.324290149391344
3026491,348.48657145029495
3026492,76.09736641737122
3026493,4094.587964499377
3026494,0.46612650223496943
3026495,18.44519118135382
3026496,4.847742776692679
3026497,0.0
3026498,3.615839386822216
3026499,2804.3855869249455
3026500,0.0
3026501,582.4465346010427
3026502,15.081309947695438
3026503,1091.4358673829402
3026504,858.9955232505666
3026505,369.1538386978579
3026506,191.06869328642819
3026507,50.87373503955199
3026508,4433.1588038686705
3026509,13.07151175732993
3026510,1.1015957528966671
3026511,23.738973299394807
3026512,16.60274693302395
3026513,1.201867952889309
3026514,273.0354923899785
3026515,0.0
3026516,7.495150494073449
3026517,7.408834973400295
3026518,37.63275554763026
3026519,1.062384346172321
3026520,168.68010598418937
3026521,255.9919964866581
3026522,5.606784463336182
3026523,5.710615564622316
3026524,196.10668128705882
3026525,74.60538182494363
3026526,1290.884907221165
3026527,21.27783549666272
3026528,0.9423142285395656
3026529,6.150096012947749
3026530,0.8214309816991875
3026531,2.2847413459211316
3026532,2667.199603143388
3026533,0.0
3026534,598.9424553545324
3026535,9.391690235625669
3026536,899.199940698565
3026537,766.7247091227088
3026538,254.5024056693001
3026539,168.68633578416961
3026540,52.37143046652235
3026541,3627.9470595836165
3026542,15.158857348458195
3026543,1.099576396885265
3026544,25.046018112226896
3026545,14.80989303323496
3026546,0.39012935778035945
3026547,243.1997827394404
3026548,0.0
3026549,6.454225945173514
3026550,5.849980843334688
3026551,49.852040629527245
3026552,1.6485430491627957
3026553,102.0192300016186
3026554,238.07432320576456
3026555,4.991031118001142
3026556,3.318296125866554
3026557,160.5312411366587
3026558,56.32485655198391
3026559,862.1217691853933
3026560,12.049198122438167
3026561,4.683137512628853
3026562,9.575754324876122
3026563,1.3446351261134744
3026564,9.916666823241925
3026565,6970.642871323621
3026566,0.0
3026567,1095.9101804529807
3026568,39.93932563421707
3026569,1947.9996152463352
3026570,1989.0455690250349
3026571,309.6005659633275
3026572,467.6076271807887
3026573,326.64264343666184
3026574,7231.071575679974
3026575,81.53829208571452
3026576,3.0438162903981847
3026577,47.7662726726005
3026578,48.4827206005041
3026579,1.5993933656380952
3026580,499.372624213682
3026581,31.00110396801244
3026582,74.79758796220037
3026583,22.103062048518108
3026584,186.6846553071304
3026585,19.455315532382937
3026586,621.6251758475919
3026587,433.81590084117687
3026588,15.628546342470946
3026589,17.585522271112712
3026590,959.7795756453784
3026591,197.87616704549242
3026592,10345.733475955463
3026593,0.8637436492588454
3026594,72.10095061920923
3026595,2.912028698399132
3026596,0.6328254896562445
3026597,1.0369526544874184
3026598,1338.903470566716
3026599,0.0
3026600,145.12590552353186
3026601,3.270332057571019
3026602,1019.3259732850619
3026603,312.15670960160344
3026604,114.80292375666227
3026605,130.9430095276201
3026606,41.05945204540146
3026607,2523.744938538975
3026608,6.5977235340170335
3026609,0.0725692651548789
3026610,9.303725599622883
3026611,9.677871624382334
3026612,0.3484999220099639
3026613,149.08664248063243
3026614,0.08188490597000461
3026615,0.0
3026616,4.475829628875315
3026617,74.86007437882263
3026618,0.6169662456276963
3026619,58.763944229910834
3026620,87.97841966512934
3026621,1.59797892150716
3026622,4.2922451538057445
3026623,108.36754876756723
3026624,16.34993760768789
3026625,479.4720791884724
3026626,5.7979507997015745
3026627,2.885229891665634
3026628,8.548906109594395
3026629,0.0
3026630,4.624382464458041
3026631,2956.086862399444
3026632,0.0
3026633,468.14769617705963
3026634,9.64251509388644
3026635,1325.2580157648106
3026636,747.4321261863894
3026637,228.0639106793132
3026638,265.1165269162301
3026639,70.00907509741431
3026640,4331.634211419365
3026641,14.944142591693632
3026642,0.0
3026643,15.834692943531836
3026644,13.588815259150113
3026645,0.0
3026646,272.32112878671893
3026647,1.8139809595417178
3026648,3.053312116050575
3026649,11.72352976705048
3026650,17.197224689663223
3026651,1.2844014286221004
3026652,281.4345807188318
3026653,266.96747162069516
3026654,4.527433448488891
3026655,6.8169339131419475
3026656,111.25345422081203
3026657,64.64036988879265
3026658,1045.5246624061062
3026659,17.688607497663295
3026660,5.922311600322902
3026661,1.358601891078737
3026662,0.0
3026663,0.839156888571861
3026664,952.8955622954934
3026665,0.0
3026666,108.40102094278184
3026667,1.297615244453718
3026668,819.3622219618507
3026669,183.66892374366833
3026670,74.63859269000501
3026671,167.21297194492274
3026672,13.04459618115213
3026673,2228.697586838819
3026674,1.8796518989315807
3026675,0.09719789953211794
3026676,7.601015433788657
3026677,3.0155834454957007
3026678,0.0
3026679,97.5324579734469
3026680,0.0
3026681,0.0
3026682,0.8424831838396516
3026683,20.036431176554935
3026684,0.49345890362322475
3026685,68.3354548534579
3026686,74.42864988636136
3026687,0.8756799578708836
3026688,1.7582882648217177
3026689,52.081963635263904
3026690,9.826407216113829
3026691,134.6030842713082
3026692,9.100593891812206
3026693,1.4272822631898456
3026694,7.724962849465492
3026695,0.0
3026696,2.9917576821673335
3026697,1858.1374717177496
3026698,0.0
3026699,203.06924419056824
3026700,14.887551660938799
3026701,1016.5696103321457
3026702,502.48069050860204
3026703,177.7646148850866
3026704,133.38698421338742
3026705,51.27203971228706
3026706,3208.6723947678265
3026707,4.846041251603808
3026708,1.3217332678720064
3026709,17.63914678615909
3026710,14.049780132448495
3026711,0.032205716665453424
3026712,236.00149528212873
3026713,0.0
3026714,0.0
3026715,14.809152878112805
3026716,35.335964894673296
3026717,0.6528835890265754
3026718,238.63947462631754
3026719,213.4101525494298
3026720,2.1060209246178245
3026721,5.842174468655956
3026722,195.0617555205001
3026723,31.120499890023204
3026724,1174.2183603700169
3026725,1.9908280257359492
3026726,1.0111224816464437
3026727,3.1624603628101453
3026728,0.27907577926434574
3026729,2.5725520088025853
3026730,1909.1008233041916
3026731,0.0
3026732,623.6639551858206
3026733,4.111040585249474
3026734,754.8434170692036
3026735,730.413326760053
3026736,221.2060858539986
3026737,90.2429781798057
3026738,70.60335597962634
3026739,3573.6827824666257
3026740,3.8978846147199695
3026741,4.365531271249794
3026742,12.94711964353046
3026743,38.28612865103044
3026744,0.0
3026745,193.10775695439824
3026746,3.281377312066861
3026747,3.116490084663507
3026748,4.38124213487533
3026749,26.855576453174645
3026750,1.9373472618305156
3026751,168.6689526197516
3026752,223.91544493210762
3026753,4.469792482238955
3026754,6.154986362723162
3026755,135.62855080755605
3026756,33.62289572790288
3026757,561.4697521394077
3026758,16.305745745871988
3026759,5.9008367604418845
3026760,3.4520137062670413
3026761,0.12485606283908272
3026762,0.567590630064739
3026763,1369.5163421988505
3026764,0.0
3026765,85.14076422825273
3026766,3.2086499049049584
3026767,494.2178308993192
3026768,224.82907583412302
3026769,88.30051903326927
3026770,161.17795262237735
3026771,32.833129203403125
3026772,1811.9046118215447
3026773,6.993198694904458
3026774,0.7000707231835126
3026775,16.28675926453663
3026776,10.085407075445943
3026777,0.19968896994460197
3026778,107.85711675257154
3026779,0.0
3026780,0.0
3026781,0.2006025287479681
3026782,67.2208635809253
3026783,0.30693657283205494
3026784,178.04173331517356
3026785,95.49474528374921
3026786,0.7175658771665588
3026787,1.1671309600121498
3026788,32.81701886466452
3026789,15.585614752710503
3026790,302.51954074879524
3026791,3.157528719429465
3026792,1.0749161604718116
3026793,4.807320704324822
3026794,0.07706025578342927
3026795,1.9068406210138427
3026796,3106.9336867052466
3026797,0.0
3026798,432.2973320195176
3026799,9.011156403075205
3026800,857.1522336654018
3026801,675.9456863439791
3026802,223.44188263463394
3026803,139.60106967825604
3026804,66.02821441240916
3026805,3957.0880127680643
3026806,8.124303903822405
3026807,0.5334679937004467
3026808,21.8426993509183
3026809,8.113179418924105
3026810,0.10045670567654195
3026811,215.41135310025464
3026812,0.0
3026813,26.159234310000766
3026814,4.336603382184449
3026815,54.268595754277065
3026816,0.39479445458444656
3026817,215.6654430597811
3026818,225.1418271013889
3026819,1.9845008882074944
3026820,5.691061446355657
3026821,103.30677372198406
3026822,42.81579561740965
3026823,1051.4967095139693
3026824,32.00514882092705
3026825,0.9542468408497039
3026826,4.2108935708752355
3026827,0.0
3026828,4.944322577934401
3026829,2763.608587921625
3026830,0.0
3026831,522.6684453853417
3026832,9.690537489425896
3026833,1038.5652061971673
3026834,863.8325885336963
3026835,146.77963573430756
3026836,130.42446411359043
3026837,120.52460127651557
3026838,3576.5080446139987
3026839,65.07191938213052
3026840,1.9748019799734928
3026841,20.426707562708224
3026842,36.21135787117087
3026843,0.6284900284170569
3026844,242.2196375346366
3026845,13.916418284652242
3026846,33.266283146214015
3026847,1.5742167232672406
3026848,88.65669662219632
3026849,6.931858747823722
3026850,211.37846650397398
3026851,230.5600488014919
3026852,13.317631047998997
3026853,12.8178342601807
3026854,266.239747376922
3026855,54.71332530872972
3026856,3853.0405845726445
3026857,0.0
3026858,13.45091675243333
3026859,6.628500563518895
3026860,0.008818520517959708
3026861,4.895771252068054
3026862,2620.1022624045686
3026863,0.0
3026864,443.14459688979576
3026865,11.905640768843522
3026866,1283.8768005606767
3026867,861.007212338485
3026868,155.96131401252066
3026869,81.48633530387997
3026870,148.05630342915228
3026871,3781.6355261464005
3026872,35.005879906221665
3026873,1.4644779337186176
3026874,19.73861770228781
3026875,99.32200035219202
3026876,0.09486931312250063
3026877,326.4619856620817
3026878,18.24986467099394
3026879,18.958943338901463
3026880,10.844486699785227
3026881,147.42379542965034
3026882,8.239370898620045
3026883,196.19459607114976
3026884,399.9332757284437
3026885,8.754629899664181
3026886,11.12564348744499
3026887,140.10388511572012
3026888,66.84621045950858
3026889,3215.3836675325015
3026890,0.4440564323199568
3026891,15.728510231035118
3026892,8.671193875380355
3026893,0.14198924498547796
3026894,1.459281157811864
3026895,2836.1489563767586
3026896,0.0
3026897,561.3240865541263
3026898,6.9492748706623475
3026899,1907.403660900987
3026900,614.671716035654
3026901,182.19992800384168
3026902,247.14483497892323
3026903,46.07204811959977
3026904,5279.124088796851
3026905,30.863803580894807
3026906,2.115535060956047
3026907,39.02966796551339
3026908,16.330264070121153
3026909,0.0
3026910,264.07836989292497
3026911,3.1181912894477284
3026912,16.71567060946333
3026913,4.247443782608566
3026914,60.34544475140451
3026915,2.9794778011800562
3026916,86.58825111123815
3026917,235.11543695581454
3026918,6.404870450587219
3026919,7.171197624939194
3026920,174.52866635352314
3026921,41.549209981912554
3026922,1198.3986500974315
3026923,2.484885430106099
3026924,13.474039963545392
3026925,3.5490038158725
3026926,0.16543464450693093
3026927,2.5111307859047716
3026928,1938.5056991241495
3026929,0.0
3026930,329.07073370130183
3026931,4.917672478365511
3026932,759.7749545999528
3026933,674.5122514827816
3026934,161.7536057812689
3026935,120.93451090211981
3026936,79.87494140384092
3026937,2897.7827383459517
3026938,22.23567696321728
3026939,1.4392219291673085
3026940,11.156962536385876
3026941,13.685142491618342
3026942,0.13195614515942342
3026943,199.4334317981856
3026944,11.648573354794157
3026945,24.738153634092182
3026946,2.148801699666263
3026947,61.53221532737215
3026948,4.864729341039875
3026949,334.15405712588984
3026950,155.84108273613316
3026951,6.6197569148557065
3026952,7.597843858255648
3026953,292.8634436219937
3026954,24.74953449516179
3026955,3030.1409282947666
3026956,0.0
3026957,22.093295410724654
3026958,3.4255922502421448
3026959,0.0
3026960,1.8500477699447373
3026961,4389.3787100694735
3026962,0.0
3026963,367.37661986860473
3026964,10.979756176063638
3026965,2180.4615234275216
3026966,798.216818613539
3026967,290.64501903791245
3026968,167.92905195219691
3026969,71.21639209297366
3026970,5565.543814465889
3026971,12.038537168552981
3026972,2.2518623792977768
3026973,23.744365400824474
3026974,24.2077912663899
3026975,0.23872043641932425
3026976,428.89026753317876
3026977,0.0
3026978,0.06202629866617308
3026979,11.005556651653727
3026980,33.3744833997803
3026981,0.9573208985901118
3026982,135.3280271856732
3026983,319.58064073772965
3026984,3.6440807833973983
3026985,9.962918319053571
3026986,164.91926329932863
3026987,63.51329627216632
3026988,1005.3180674605413
3026989,8.726841621954929
3026990,6.321498626676581
3026991,7.91720319523788
3026992,0.02666610036155354
3026993,6.3820936308737455
3026994,2463.1794696823913
3026995,0.0
3026996,483.4804616172569
3026997,9.772662977229054
3026998,1525.9285710030972
3026999,725.8162488169999
3027000,221.43235098544918
3027001,137.2323339669816
3027002,115.29218992544138
3027003,4257.318976248827
3027004,49.791080108816054
3027005,1.4797603703511215
3027006,24.037040975625107
3027007,38.29847493798459
3027008,0.33136664610611843
3027009,235.8000211911295
3027010,19.325952594664574
3027011,20.186532299088682
3027012,8.019251716862483
3027013,128.51370974753954
3027014,8.253686987228944
3027015,216.78952941960787
3027016,391.15786381047445
3027017,14.370198148912324
3027018,8.441595258958467
3027019,202.449140595623
3027020,66.01431089587187
3027021,2982.4994274060273
3027022,2.9070595901622367
3027023,7.853146398249906
3027024,3.915741581724692
3027025,0.0
3027026,3.909296910189858
3027027,2454.2656337258527
3027028,0.0
3027029,445.37101702633043
3027030,10.30366438593
3027031,763.2575339604675
3027032,771.0919333094738
3027033,158.21477551489758
3027034,133.3170631466512
3027035,104.92713023723343
3027036,3107.3157646340082
3027037,37.78828722188904
3027038,0.9128848176503255
3027039,18.131432027150407
3027040,14.637589024435606
3027041,0.1446254995420313
3027042,199.35351736144924
3027043,16.643428703853775
3027044,50.03725672619042
3027045,6.673824279560226
3027046,58.31313080066333
3027047,7.858367631515066
3027048,212.4488389163122
3027049,166.87348469584612
3027050,9.981746169995652
3027051,9.126279915362772
3027052,226.68184660115062
3027053,40.52735339308629
3027054,3254.6061485247506
3027055,0.0
3027056,13.35175182274006
3027057,3.685781866992409
3027058,0.17741457629010887
3027059,3.784249188809112
3027060,4625.839628714967
3027061,0.0
3027062,533.9541922761739
3027063,14.903330414790384
3027064,1210.4641517075427
3027065,729.0764487686845
3027066,238.69652308471308
3027067,204.0657686490406
3027068,63.17269154244759
3027069,4662.0574249002975
3027070,7.62720079934989
3027071,0.0
3027072,5.203755960783152
3027073,16.93292809153476
3027074,0.053904979608037806
3027075,251.76281907530455
3027076,0.0
3027077,8.77829488576126
3027078,2.0407206875156483
3027079,95.76088628986675
3027080,3.6929276650090928
3027081,212.3437020052205
3027082,301.855047606726
3027083,2.4130057186625016
3027084,2.1325058797800907
3027085,237.48564044453718
3027086,123.97510948799084
3027087,1101.9292396664214
3027088,8.891794722458767
3027089,1.8785994949039968
3027090,12.593186525810667
3027091,0.0
3027092,13.001637842358269
3027093,8382.056779586957
3027094,0.0
3027095,1555.0355253119749
3027096,27.831776173706047
3027097,2591.1900186082266
3027098,2264.7683527346635
3027099,478.3311255904918
3027100,597.9149496205482
3027101,411.47924696064905
3027102,8962.646418567907
3027103,105.20805451069346
3027104,4.147521491825472
3027105,114.99919753734714
3027106,131.7558094162638
3027107,0.2249748392617182
3027108,642.8272175345186
3027109,29.746420799301024
3027110,20.520424996966106
3027111,18.57064845050446
3027112,320.407560765
3027113,19.590357431318534
3027114,725.7702969792053
3027115,431.0219943466924
3027116,40.27140382313025
3027117,32.55027907257077
3027118,969.2387551179141
3027119,252.58024056106328
3027120,12744.76181793993
3027121,78.29248500091228
3027122,80.16584199397087
3027123,12.702223924440892
3027124,0.0
3027125,9.24458179920356
3027126,7301.519748778717
3027127,0.0
3027128,1073.5042438330904
3027129,25.886995879243152
3027130,2475.782715098349
3027131,2014.6582682926546
3027132,588.757017512121
3027133,345.07375619384135
3027134,279.870818444624
3027135,9805.697894955454
3027136,153.190526832547
3027137,2.1674437011582968
3027138,31.684150429552375
3027139,105.184490505418
3027140,0.9888231557767704
3027141,604.4696237546406
3027142,15.502546836405761
3027143,39.00056794255788
3027144,5.4152767015088905
3027145,176.78068828848748
3027146,13.16261994037341
3027147,898.3725982375507
3027148,574.9687526639245
3027149,20.274535138774
3027150,28.110201342303704
3027151,1091.9674214762765
3027152,212.50320905317477
3027153,8210.911601645776
3027154,208.8446915484006
3027155,80.92421384321851
3027156,11.6568391702554
3027157,0.0
3027158,13.747122427599145
3027159,4342.180908685057
3027160,0.005213351551276639
3027161,809.9061157204105
3027162,14.285394422871757
3027163,2226.087973963337
3027164,1238.6578822495742
3027165,637.2600365957342
3027166,132.31237541625902
3027167,202.0280287334811
3027168,8161.038120931107
3027169,51.58391014802471
3027170,2.621418927919937
3027171,31.0279469081856
3027172,30.65572899646308
3027173,0.13511775673330345
3027174,535.3862413726865
3027175,19.19798261590005
3027176,25.674070189432644
3027177,7.041424523976731
3027178,111.56610730150851
3027179,8.807772538148614
3027180,842.1850074894492
3027181,551.2057060175372
3027182,25.512901688583746
3027183,43.78705533478594
3027184,546.036480012718
3027185,97.6877815146823
3027186,3232.0241166897413
3027187,149.81152123503304
3027188,33.458441118398994
3027189,13.201558449713406
3027190,0.0
3027191,13.887652417114454
3027192,6622.231553793899
3027193,0.0
3027194,1074.4507166645385
3027195,20.997172470658956
3027196,2212.4986775834623
3027197,1904.4850227275067
3027198,589.3649153064383
3027199,314.22634861144616
3027200,226.13345145687546
3027201,9262.026691602468
3027202,53.73335074871242
3027203,2.047960321535821
3027204,34.15646425504841
3027205,86.9532760037289
3027206,0.9110244509864062
3027207,531.1633535609236
3027208,15.099110634230872
3027209,35.21361880452848
3027210,6.559363092268727
3027211,163.33377663126998
3027212,8.903513337680554
3027213,738.4340649997048
3027214,539.4149509603257
3027215,25.391040635503668
3027216,20.47922050436089
3027217,925.6034049511106
3027218,159.29321004401078
3027219,7073.165786367267
3027220,126.44638622221306
3027221,60.630530086472255
3027222,12.768791860102489
3027223,0.0
3027224,15.488852569867857
3027225,3274.335016650346
3027226,0.0
3027227,635.119707071343
3027228,10.503919024138929
3027229,1878.770144217339
3027230,1058.827395765962
3027231,553.8977349107432
3027232,89.83593606280708
3027233,142.5328716222787
3027234,6789.607503432205
3027235,49.18981221265273
3027236,0.6443075923387866
3027237,20.24039593560284
3027238,65.66026267836207
3027239,0.5460020719060829
3027240,498.6599092602119
3027241,12.450804693575733
3027242,8.502453894122638
3027243,2.7476687026723017
3027244,100.08699252005748
3027245,4.544185961965992
3027246,667.9929297704928
3027247,566.6073782046474
3027248,14.991579348025867
3027249,19.042525219270274
3027250,638.1022371595645
3027251,57.45716853564359
3027252,2168.190213254192
3027253,80.50996772043099
3027254,14.15082641865384
3027255,13.843360124247548
3027256,0.0
3027257,9.965211606212671
3027258,6018.816982476887
3027259,0.0
3027260,1145.708782451449
3027261,29.21378721266855
3027262,1935.7097627339488
3027263,2147.924994252812
3027264,381.3072541604542
3027265,470.0751829554801
3027266,345.1297670186651
3027267,7438.654826716005
3027268,81.77687546527245
3027269,3.0178007489555334
3027270,38.92580482575099
3027271,72.30033857030368
3027272,1.2327446246270488
3027273,447.7468905202276
3027274,14.481241700458536
3027275,32.151550607274814
3027276,9.212348515894272
3027277,215.5281607512562
3027278,17.22569240471986
3027279,665.4971154503469
3027280,430.9929302713768
3027281,20.289699901923054
3027282,24.801085387958814
3027283,886.728096964767
3027284,206.32062631999491
3027285,10513.059474039166
3027286,118.99000263300798
3027287,73.57776612221836
3027288,6.249292434936088
3027289,0.2747731201370041
3027290,4.405599961549625
3027291,1759.1514543064573
3027292,0.0
3027293,341.2340560094604
3027294,19.416133831450704
3027295,951.5169978016295
3027296,550.419104755489
3027297,205.76625731445733
3027298,84.14248275940011
3027299,94.83869321824048
3027300,2885.3997036105434
3027301,50.07594563874245
3027302,1.0757889815596562
3027303,21.821523836227122
3027304,22.80410217087221
3027305,0.3705212605456625
3027306,212.23409363178655
3027307,11.686936382504012
3027308,8.450421439940744
3027309,10.47092767716327
3027310,52.69020242095136
3027311,4.031621035299843
3027312,221.93996619924732
3027313,225.1703409476421
3027314,3.2564760886830952
3027315,7.48471870008709
3027316,209.19963180526034
3027317,51.208572997807075
3027318,2035.4392447441553
3027319,1.6342249054517834
3027320,9.160837639671751
3027321,8.099842655708409
3027322,0.0
3027323,10.101706267928575
3027324,3698.2919784617625
3027325,0.0
3027326,559.6040439740909
3027327,33.43106850272933
3027328,1558.0571480084898
3027329,993.2982732795601
3027330,411.32461186153574
3027331,105.88966768479831
3027332,119.11054888937727
3027333,5989.338668838259
3027334,114.83654412233466
3027335,1.4272818094152409
3027336,35.490248478946896
3027337,44.322591899321
3027338,0.6830373944241619
3027339,415.3734575631509
3027340,12.586508359627857
3027341,4.430071671300265
3027342,3.7459884786600135
3027343,129.88372808321714
3027344,6.232289237751565
3027345,545.9333974444162
3027346,429.286997077046
3027347,11.08908728171819
3027348,19.77997452056919
3027349,345.91563581966545
3027350,63.3256467059491
3027351,2547.617872895564
3027352,92.20287260912936
3027353,17.488402119288704
3027354,8.74540138871792
3027355,0.0
3027356,4.134776282169088
3027357,4562.19622721771
3027358,0.0
3027359,920.4930877982022
3027360,7.526639798036809
3027361,1629.1710951646032
3027362,1706.1016926466018
3027363,263.37160385385926
3027364,366.12224886822077
3027365,244.69662569862376
3027366,5513.268715483759
3027367,45.40682208355906
3027368,1.3948395181283118
3027369,36.13008281386415
3027370,57.67466517475068
3027371,1.1094143437402235
3027372,358.0809435361106
3027373,2.5313672226680213
3027374,47.74679082623771
3027375,6.082218570584496
3027376,135.54683092951515
3027377,11.349864641525002
3027378,618.4507368911179
3027379,295.6371115310753
3027380,23.01401647125167
3027381,11.335210960297273
3027382,657.0586169033373
3027383,115.84265825011151
3027384,8486.09363112813
3027385,24.869346813447187
3027386,51.045171538093115
3027387,16.800653848476365
3027388,0.0
3027389,11.12953454205161
3027390,6295.72810446487
3027391,0.0
3027392,1134.5718500081298
3027393,15.613848602348561
3027394,2386.446916028624
3027395,1630.0993310197143
3027396,497.842699196983
3027397,295.00398409126365
3027398,467.6699666558698
3027399,8527.400621713416
3027400,70.31881925132015
3027401,4.676458001942048
3027402,75.74663088245418
3027403,69.63193165171857
3027404,0.9591990910873696
3027405,512.7371640521773
3027406,12.29709461643699
3027407,79.84433381605243
3027408,11.012213188329964
3027409,281.16762751238844
3027410,12.477223732078631
3027411,684.389937598712
3027412,517.3554205970742
3027413,21.1670322831069
3027414,36.64749063166921
3027415,679.2962938383231
3027416,195.5338548438463
3027417,8100.9716701058605
3027418,20.421432804033856
3027419,13.730217936150986
3027420,8.625722869169769
3027421,0.13434612676267813
3027422,3.727408622062481
3027423,2253.5610306225344
3027424,0.0
3027425,496.1076322136873
3027426,8.247033483735416
3027427,1187.4515655731136
3027428,548.2875163179557
3027429,226.14009005366552
3027430,99.90776345537812
3027431,113.93679141505716
3027432,3449.205761476983
3027433,19.308165384926895
3027434,2.1815907042466054
3027435,28.20856063151975
3027436,31.908604090141118
3027437,0.15294831064739373
3027438,210.07037888131612
3027439,6.246514640547385
3027440,12.38619509596952
3027441,7.455115976483444
3027442,89.05185312625322
3027443,4.354714715689923
3027444,287.5911256707445
3027445,233.8806013095846
3027446,5.644706971465692
3027447,7.39032621362458
3027448,194.81706608097315
3027449,101.57686715272281
3027450,3254.424662816585
3027451,0.0
3027452,2.10348639866234
3027453,7.706356739469884
3027454,0.0
3027455,2.4639572190513532
3027456,2878.6269359155394
3027457,0.0
3027458,213.5770217645063
3027459,2.889966980182862
3027460,1226.1387617839898
3027461,243.31151779709367
3027462,227.53925202898586
3027463,58.558014410902615
3027464,26.0115867715723
3027465,3457.6974555942356
3027466,5.473553055678218
3027467,0.6143096805609357
3027468,18.506519002503005
3027469,11.829931412889534
3027470,0.05116511292332891
3027471,197.95799170999538
3027472,0.0
3027473,0.0
3027474,3.4475557973246223
3027475,21.91329415338978
3027476,1.1071697953650537
3027477,48.49368630398728
3027478,159.06790792773646
3027479,0.26747897311923124
3027480,0.5548432198975499
3027481,59.47929539802332
3027482,95.45748761268848
3027483,555.8962751612474
3027484,2.788004700652677
3027485,4.839385692424152
3027486,4.68451728967681
3027487,0.02994571609433446
3027488,6.357491978063337
3027489,2715.368708716247
3027490,0.0
3027491,513.028080880685
3027492,9.596770581412404
3027493,1152.7315599108933
3027494,843.6688939942536
3027495,290.8471523235057
3027496,159.4963522460125
3027497,120.5872661778904
3027498,4239.023039361341
3027499,43.799259433906755
3027500,0.29397764474344085
3027501,17.272422403576353
3027502,53.88171826094048
3027503,0.16418338046423686
3027504,273.767782844166
3027505,14.550320109362486
3027506,14.706058972450393
3027507,9.097250349291306
3027508,81.24082612553431
3027509,6.729927162597263
3027510,381.1860473322096
3027511,262.6305130292487
3027512,8.961474414435033
3027513,11.928629810667962
3027514,432.98990761689925
3027515,67.45859823879435
3027516,3445.3489695902435
3027517,0.0
3027518,30.643191464887224
3027519,5.577134722609951
3027520,0.007280663272560926
3027521,4.907596179278495
3027522,4063.2107787044415
3027523,0.21383297917445387
3027524,758.8242071073317
3027525,17.207961943626085
3027526,1242.5839014109545
3027527,1431.0046562057323
3027528,189.07749711237085
3027529,305.1863284045426
3027530,217.90013276274397
3027531,4306.37127728364
3027532,57.963933700448464
3027533,3.5505192147605737
3027534,25.525372028430848
3027535,33.27073966553369
3027536,1.4993337686711115
3027537,264.54551908430193
3027538,17.077702917704656
3027539,50.42719444158552
3027540,7.518636430429983
3027541,150.02670927947293
3027542,9.887919708828933
3027543,457.47751890814186
3027544,259.6750078170525
3027545,9.243165302093635
3027546,12.903322457706613
3027547,659.2405006580306
3027548,127.58893049324497
3027549,7379.018943895193
3027550,0.20651588143608615
3027551,48.6577599545251
3027552,5.779139096758168
3027553,0.2789066249385536
3027554,8.050170015883772
3027555,3874.199474655474
3027556,0.0
3027557,769.6651988654899
3027558,19.30725754336312
3027559,1208.5277050708746
3027560,1324.1875903410912
3027561,258.3599895296033
3027562,311.3108882728434
3027563,149.14890608575507
3027564,4635.883668583816
3027565,42.70807474869757
3027566,4.652748637963546
3027567,39.53225303093889
3027568,54.61486968506533
3027569,0.9756936052949976
3027570,318.6230612921636
3027571,20.81761949491114
3027572,47.3020945262835
3027573,18.64581621195834
3027574,124.94975583325203
3027575,13.540692901429635
3027576,379.82388342687875
3027577,280.15465278419435
3027578,17.829592023630255
3027579,23.3472849200743
3027580,514.0064394044648
3027581,123.52362004675439
3027582,6574.86178059519
3027583,0.24283917371847533
3027584,41.15253447193303
3027585,9.425406201534027
3027586,0.11272079519011771
3027587,5.574379973150497
3027588,2751.0282000698508
3027589,0.0
3027590,444.30466154102083
3027591,18.479478647263907
3027592,1432.9862845935131
3027593,779.3398539428699
3027594,462.17646990906246
3027595,135.22658114157866
3027596,75.83750883693489
3027597,5638.848279975749
3027598,16.024231465240728
3027599,1.5404028745242386
3027600,10.467029535596218
3027601,33.00003404332592
3027602,0.22446309073043047
3027603,361.14063787419815
3027604,10.241160186774058
3027605,4.789198945549526
3027606,5.0079111476756974
3027607,38.461609065258465
3027608,3.123019901543731
3027609,307.499039411399
3027610,370.84133848463705
3027611,8.635072348148995
3027612,6.715495369450189
3027613,319.4802725359821
3027614,101.60111097714498
3027615,1125.6765177245552
3027616,38.93128863322583
3027617,17.588121203456833
3027618,4.992726880767724
3027619,0.0
3027620,3.391282902774341
3027621,1940.2878098248486
3027622,0.0
3027623,325.51268496690403
3027624,18.825653723378274
3027625,650.4936241907031
3027626,642.5813745972605
3027627,119.32184408437351
3027628,120.38638626897
3027629,135.06422098162332
3027630,2374.297157621538
3027631,25.28617805844747
3027632,1.7443621207535822
3027633,24.905291440244113
3027634,22.747314638572533
3027635,0.9325053819118212
3027636,155.1229890513911
3027637,9.801543473424658
3027638,16.25108123596738
3027639,9.182293485601763
3027640,90.64850633653991
3027641,5.565552997737561
3027642,283.45674248685447
3027643,122.08473078117628
3027644,4.683086025092327
3027645,7.435381671779325
3027646,273.24612302120494
3027647,59.68408644969435
3027648,2123.230810278177
3027649,0.014044197712999789
3027650,22.71328523117868
3027651,2.258246838023289
3027652,0.0
3027653,1.909328916723892
3027654,1197.652005462576
3027655,0.0
3027656,86.97084830373686
3027657,1.613396262950548
3027658,838.5984801662626
3027659,247.67084102182628
3027660,235.20546796313462
3027661,28.058237955613208
3027662,33.29272433798471
3027663,2542.682373246273
3027664,4.8243797274606495
3027665,0.22142321383375635
3027666,12.672583444074373
3027667,7.902486329521963
3027668,0.041872778092020384
3027669,159.79614990249593
3027670,0.6965444580474401
3027671,0.0
3027672,0.247672944032202
3027673,9.724675476101291
3027674,0.555358683049909
3027675,214.44092967695008
3027676,170.5697851910416
3027677,0.7872410865478957
3027678,3.6783467906730087
3027679,134.84881504297053
3027680,20.873815862103015
3027681,212.76733047720927
3027682,0.42704409716945335
3027683,0.8464893543499116
3027684,6.643676682692527
3027685,0.5096991356934824
3027686,3.716318913383984
3027687,4157.942953097641
3027688,0.0
3027689,644.2186088894623
3027690,12.817120828995254
3027691,1772.4045419245324
3027692,594.5534249513543
3027693,481.9415109257325
3027694,226.34415306454784
3027695,83.64245029453245
3027696,7388.032497741006
3027697,37.843762125389624
3027698,1.2135487435113697
3027699,14.205673677002501
3027700,19.471945197180943
3027701,0.3468034995512275
3027702,498.70304667403826
3027703,10.949720949027343
3027704,0.47589863845593816
3027705,9.406144473673574
3027706,56.017748905580675
3027707,2.3639575245808953
3027708,941.2690152777017
3027709,383.2256202522305
3027710,3.4593961256006
3027711,16.542746793783774
3027712,291.01369226580823
3027713,104.107129900165
3027714,1156.1491333237154
3027715,9.164754034192242
3027716,8.269044515949268
3027717,5.953765385176661
3027718,0.0
3027719,1.2823503037892288
3027720,1521.6774448302433
3027721,0.0
3027722,163.6333263834606
3027723,13.353666533905002
3027724,1181.7034756737255
3027725,382.6283629181121
3027726,215.382461329248
3027727,51.93023574666427
3027728,35.79050289840896
3027729,2948.597031683934
3027730,9.209578339023807
3027731,0.05136765093472808
3027732,12.57867726718559
3027733,18.739502577612672
3027734,0.23915174663051741
3027735,174.15404992075685
3027736,11.983254523976719
3027737,0.0
3027738,4.09847945271344
3027739,41.43134577121674
3027740,1.626849168579699
3027741,228.63569690302555
3027742,183.72526033490672
3027743,1.7342258292954307
3027744,5.917793137418658
3027745,163.89469634665753
3027746,33.05995017592364
3027747,330.18340499729845
3027748,1.1784869287129596
3027749,4.505601968432267
3027750,4.799316038119634
3027751,0.0
3027752,4.410531087238978
3027753,1486.6424900353152
3027754,0.0
3027755,122.02282535023646
3027756,5.864077749100354
3027757,1032.6984594089238
3027758,257.66891720740165
3027759,139.4477646489656
3027760,31.025263340967538
3027761,32.70617033585857
3027762,2901.776721585094
3027763,13.06361868412654
3027764,0.07326497036049356
3027765,11.576021494048744
3027766,10.214319033151185
3027767,0.12552621727238483
3027768,149.65123248364296
3027769,2.0923529448000995
3027770,0.0
3027771,4.4458011413025
3027772,31.920105526444033
3027773,0.9209593013122573
3027774,184.37999097140167
3027775,171.8666878308189
3027776,0.7488508498671843
3027777,6.146251433875276
3027778,94.27802647271592
3027779,14.746013502725278
3027780,181.40799239356653
3027781,0.8002756125239435
3027782,2.336382292518869
3027783,3.764593682315084
3027784,0.0
3027785,3.21137714934642
3027786,1347.527234955363
3027787,0.0
3027788,145.91016074037879
3027789,8.91761205835988
3027790,1746.058182971265
3027791,340.53686156530694
3027792,257.1051028205485
3027793,24.25521784887498
3027794,44.15272921289134
3027795,2907.3566845369883
3027796,14.095243173506292
3027797,0.8768609183483634
3027798,34.34621700431935
3027799,22.99225855803054
3027800,0.17276914185465927
3027801,195.77694152976932
3027802,2.351374693070146
3027803,0.0
3027804,4.023860966837985
3027805,11.591825056307618
3027806,1.7998105755413143
3027807,349.0730022828522
3027808,232.3732642109641
3027809,1.5261612726648865
3027810,2.860717223695746
3027811,68.25381078754344
3027812,97.1351285448063
3027813,364.3640213088283
3027814,1.1549710395630621
3027815,4.710337027136996
3027816,2.4394132752626136
3027817,0.19401508368554302
3027818,4.934693425223115
3027819,1643.2905909077488
3027820,0.0
3027821,154.18605494761425
3027822,2.6950745928001316
3027823,968.6975212734579
3027824,331.38929205879236
3027825,267.74165548755997
3027826,70.42349136028743
3027827,67.96682938745485
3027828,2786.074419777829
3027829,11.39531576611397
3027830,1.1060311620139933
3027831,16.385107096424726
3027832,16.5525536391712
3027833,0.009263745556105592
3027834,224.50060086838343
3027835,8.402349938374448
3027836,0.0
3027837,5.1853109104173845
3027838,20.03476422880174
3027839,1.1368113345218787
3027840,156.20255502807976
3027841,199.1721392890148
3027842,1.053124831560928
3027843,5.573619091648328
3027844,110.6524993979009
3027845,37.791560786047626
3027846,541.7256574480798
3027847,0.6945037843004968
3027848,6.241374588463718
3027849,3.5074880429786064
3027850,0.09871874244044476
3027851,2.1968488542532887
3027852,1116.6901115915618
3027853,0.0
3027854,124.2680739531472
3027855,4.187735175919447
3027856,969.6715440293298
3027857,200.33425607888302
3027858,128.45612251316524
3027859,111.10737658122656
3027860,22.380477758561764
3027861,2275.3710838089014
3027862,5.571021103607265
3027863,0.2690681860591278
3027864,9.111561715010183
3027865,16.405395497878985
3027866,0.15956970346631155
3027867,142.8565864359165
3027868,0.0
3027869,0.0
3027870,2.80290589466148
3027871,58.02160870335938
3027872,1.32442173389065
3027873,50.92375412584238
3027874,122.2893799447974
3027875,0.5731279505714948
3027876,3.123551516165101
3027877,64.23140916337631
3027878,28.596697620186138
3027879,394.7112625138107
3027880,11.673950861287054
3027881,1.1983441060808475
3027882,6.0086102070393395
3027883,0.8641528122548073
3027884,2.6987377481183947
3027885,2718.2678017218695
3027886,0.0
3027887,257.0664477661223
3027888,6.916766383779912
3027889,1102.34708552395
3027890,621.860290884549
3027891,454.64177007810497
3027892,149.30700729433116
3027893,102.51925334444306
3027894,3995.9166578104278
3027895,18.137233578447855
3027896,1.1292657988733512
3027897,14.940552997292148
3027898,19.2013746060655
3027899,0.22249318750427205
3027900,270.8773849303337
3027901,1.4654203971156714
3027902,0.0
3027903,6.441169605891885
3027904,40.185604203391996
3027905,2.9163611252338235
3027906,294.7309076108712
3027907,256.30690250966916
3027908,2.610983020465895
3027909,7.375595190724906
3027910,308.5233925632639
3027911,48.06903526909378
3027912,1146.8024487617054
3027913,2.2536835438584415
3027914,13.135682468751028
3027915,4.373554200863623
3027916,0.37320653803373344
3027917,3.790305631432563
3027918,1794.4056323061495
3027919,0.0
3027920,534.8160188105724
3027921,7.273945671471845
3027922,543.6748752646824
3027923,542.4555318481567
3027924,199.91632938569973
3027925,119.73598266227569
3027926,61.00401437378723
3027927,2797.527490959263
3027928,13.316430280560454
3027929,1.0497059343544084
3027930,31.637410929622906
3027931,12.752009232422045
3027932,0.3981112701132166
3027933,180.3214385564294
3027934,8.120322395150714
3027935,4.977616731915137
3027936,4.11400599436526
3027937,66.04065235874816
3027938,1.2236466726236377
3027939,292.3477747518684
3027940,134.017626995547
3027941,5.087228114999808
3027942,4.73220952542532
3027943,162.87432273877744
3027944,55.05775043633519
3027945,1245.707314681218
3027946,15.783053015545786
3027947,13.800265730890308
3027948,7.5710451386990405
3027949,0.5417036764917581
3027950,3.1969640742332244
3027951,2235.1076936317404
3027952,0.0
3027953,154.558781089946
3027954,8.207562227935702
3027955,897.3883943690018
3027956,328.54289462529294
3027957,268.81121662209995
3027958,58.31451515844994
3027959,45.71575301132241
3027960,3324.846542615523
3027961,31.496372739724592
3027962,1.233844838153128
3027963,24.204957898086263
3027964,16.46382004912226
3027965,0.28495610264865556
3027966,188.75428356472133
3027967,6.82760520307686
3027968,0.0
3027969,3.2565326931700596
3027970,29.18060768698947
3027971,1.859860473382772
3027972,138.87046665982095
3027973,199.30197029010236
3027974,1.5432280872145172
3027975,5.6898974384077805
3027976,203.72962018291392
3027977,23.185472991050297
3027978,392.5573199837526
3027979,0.9350560433954245
3027980,4.142662257670369
3027981,5.8432727906665
3027982,0.09479611382878406
3027983,6.061572260264164
3027984,2283.7647815531504
3027985,0.0
3027986,526.1160620653177
3027987,10.280248004942102
3027988,833.4156015248395
3027989,682.1387697292133
3027990,179.47803727088612
3027991,136.65748830465196
3027992,86.03085436487632
3027993,3407.1792737465585
3027994,42.673511417540034
3027995,1.3129697755738907
3027996,10.555973335868766
3027997,38.091908239891495
3027998,0.23019375419321672
3027999,216.59674913451076
3028000,17.152841949810448
3028001,13.11404691030793
3028002,8.574495769828896
3028003,78.80979189448766
3028004,6.089760132214723
3028005,398.4818095415001
3028006,190.08641874993248
3028007,10.04238416221005
3028008,8.850900196666204
3028009,358.4082510058772
3028010,79.43541856495588
3028011,1806.79704689643
3028012,0.0
3028013,26.50767362821387
3028014,11.66832978203263
3028015,0.46719798979639193
3028016,4.051756868215019
3028017,3788.2160838212403
3028018,0.0
3028019,456.00478073052267
3028020,9.175819526303739
3028021,2044.6868911452468
3028022,740.1736906096585
3028023,663.8369242016694
3028024,93.96187928350797
3028025,81.44891088393571
3028026,6067.452708722926
3028027,19.936004758424502
3028028,0.9866579251532258
3028029,10.302346869182065
3028030,17.037399909278648
3028031,0.041268916300097276
3028032,386.12841857359024
3028033,2.9707700008322
3028034,4.70510531761441
3028035,5.249580699910968
3028036,47.08042337857789
3028037,0.9493073824857444
3028038,715.1643748119706
3028039,374.7188172177966
3028040,5.7041212177961915
3028041,4.30811868104859
3028042,292.13421578641345
3028043,46.85655544732512
3028044,829.0171891643206
3028045,13.434748087529256
3028046,15.273402750099532
3028047,11.180988286771175
3028048,0.5909877481309698
3028049,3.9654672478345248
3028050,2735.144328946809
3028051,0.0
3028052,350.6321074021963
3028053,6.855856428410952
3028054,1928.6063571351292
3028055,506.21399462252054
3028056,287.7714588779421
3028057,213.3302078656876
3028058,77.59211697160173
3028059,3943.983020252552
3028060,13.204989282973097
3028061,1.0118613210195506
3028062,40.77131636799046
3028063,41.38986371224784
3028064,0.25091439363870943
3028065,316.88256983832014
3028066,3.688766311863079
3028067,2.3671377105096005
3028068,11.587909347497618
3028069,74.10542340847226
3028070,1.3667857583999183
3028071,126.62850057631209
3028072,266.36108589240405
3028073,2.498637212345212
3028074,2.90010780618647
3028075,142.44049580734347
3028076,142.29528854061746
3028077,1091.717546860956
3028078,9.47188626990216
3028079,6.665745134993578
3028080,5.815907270576504
3028081,0.16138995259450897
3028082,2.546941599565589
3028083,1843.4860883882257
3028084,0.0
3028085,142.21003227262494
3028086,9.090280902655808
3028087,844.1601657185605
3028088,331.2100971050361
3028089,145.6877718217087
3028090,63.35415328113737
3028091,47.848929523841385
3028092,2934.452247094485
3028093,10.204708656496246
3028094,0.6439295526232532
3028095,21.619437948540337
3028096,19.833806866138602
3028097,0.199468902917383
3028098,199.12688725796224
3028099,2.608171570166046
3028100,0.0
3028101,3.745443437083661
3028102,94.92713558557327
3028103,1.9145285183725806
3028104,115.5579122515009
3028105,165.55535059096843
3028106,1.4005975761501352
3028107,5.469400781691619
3028108,153.47730021066985
3028109,32.67512239214583
3028110,485.442454324482
3028111,0.894844685979778
3028112,2.485723551294171
3028113,1.8519681921840736
3028114,0.0
3028115,1.2150757110056511
3028116,1237.0460489537936
3028117,0.0
3028118,240.5579853651489
3028119,12.835405698011622
3028120,485.3967327188507
3028121,445.82750183672044
3028122,118.33716046894304
3028123,45.52203659354653
3028124,70.46859751215088
3028125,1987.2710174415672
3028126,31.845822963069377
3028127,0.40042334039230115
3028128,11.404679368496241
3028129,9.734792835345624
3028130,0.2808040788150685
3028131,113.49990601215929
3028132,10.404482716437611
3028133,1.2598606701161708
3028134,2.6094174151971687
3028135,51.40597322318481
3028136,3.605195342723397
3028137,887.2165094259857
3028138,135.21642910184346
3028139,4.433151110848791
3028140,6.140430823722828
3028141,248.80600822319306
3028142,27.835788775732848
3028143,1009.9871584021447
3028144,0.0
3028145,6.463300010110993
3028146,3.3492588223663557
3028147,0.1239084134610601
3028148,3.590299783015076
3028149,3065.1329004926833
3028150,0.07025002834263938
3028151,655.4042033437117
3028152,18.628637907930674
3028153,1088.7691522444572
3028154,1133.8867988636785
3028155,250.12600410108146
3028156,206.3226545423549
3028157,152.43912639726577
3028158,3948.622040472165
3028159,37.81873542867305
3028160,0.922161870711607
3028161,25.47621179939292
3028162,46.80657965108032
3028163,0.22320995204039132
3028164,245.77963249808266
3028165,11.757623700390349
3028166,26.241231647874802
3028167,11.63523627491216
3028168,79.83360115101848
3028169,9.911450489719925
3028170,353.19689355350005
3028171,259.746924221366
3028172,16.426017631469275
3028173,7.843051085662125
3028174,478.0328500965696
3028175,100.82549339330843
3028176,3162.9331587938073
3028177,1.2445294659036663
3028178,20.96839792639333
3028179,3.0236340481771546
3028180,0.1158770456287397
3028181,2.328096297190328
3028182,1505.8965132225644
3028183,0.0
3028184,294.94412390364084
3028185,6.406159184507883
3028186,379.0153510396357
3028187,449.0825979318122
3028188,119.62474537285055
3028189,102.70583863378044
3028190,65.47870119669295
3028191,1483.9478691603576
3028192,19.412157206842018
3028193,0.6341536610647794
3028194,13.131838422001264
3028195,17.73248942607406
3028196,0.2896156613409635
3028197,77.97923090627037
3028198,0.0
3028199,16.514801695765552
3028200,1.3664946491350909
3028201,123.471576591228
3028202,3.816254405311802
3028203,171.68997181601537
3028204,80.65849893498114
3028205,5.204100871402677
3028206,4.862699378742462
3028207,137.13975745519326
3028208,31.350391562890778
3028209,1082.5242851522191
3028210,1.1212284529711933
3028211,2.7171907443209022
3028212,3.8514179983741075
3028213,0.0
3028214,0.17546985814270877
3028215,571.2624235003813
3028216,0.0
3028217,195.70217011290498
3028218,5.79734367920798
3028219,524.0880483318915
3028220,242.42620457887574
3028221,80.43207830427403
3028222,34.34337806430288
3028223,24.08617997846521
3028224,1681.8854710665692
3028225,15.579791613659141
3028226,0.5169076829588785
3028227,9.389806814967228
3028228,12.62417523880423
3028229,0.6047687830683856
3028230,97.3156791116603
3028231,0.1687666872701012
3028232,4.263950596799411
3028233,0.4997152284741998
3028234,15.400072754117806
3028235,0.09671733341802094
3028236,246.2245244716169
3028237,190.00552550600108
3028238,2.9713216197562304
3028239,1.6533353434498672
3028240,130.67585828555775
3028241,19.666157495200082
3028242,395.30299995848833
3028243,2.3531544695731434
3028244,2.204520147720318
3028245,5.243550253167484
3028246,0.008387839418702766
3028247,2.328978184500464
3028248,2501.5712916409248
3028249,0.0
3028250,470.87807538588515
3028251,15.916636538148355
3028252,756.1565462636095
3028253,755.8310040952422
3028254,253.09964369434957
3028255,206.27407548133067
3028256,97.90028792672643
3028257,3307.5678577508156
3028258,23.850487369017827
3028259,2.9740876640859466
3028260,19.469773807459585
3028261,26.013932468239535
3028262,0.4109975957991785
3028263,195.44016601647763
3028264,3.417319761562587
3028265,23.244476094104616
3028266,7.607372146969016
3028267,131.0856548993134
3028268,3.6705082236494713
3028269,224.96816082294913
3028270,187.18071390679145
3028271,11.28949259078703
3028272,6.5441905672400775
3028273,293.6571796686046
3028274,60.458468037981454
3028275,2098.0689079593135
3028276,1.8642342947655783
3028277,11.70356248979881
3028278,7.128438444131409
3028279,0.04210745093913238
3028280,4.425982888582505
3028281,3257.6719849410215
3028282,0.0
3028283,597.4816105396408
3028284,13.965084184986578
3028285,1279.2128921182864
3028286,803.1272858686151
3028287,404.75007068767553
3028288,224.9291511182664
3028289,55.31197986690683
3028290,5047.147532114092
3028291,16.406628932940837
3028292,1.2267890746175079
3028293,32.545622587666756
3028294,22.407953962188387
3028295,1.0706431291518912
3028296,315.33275068769353
3028297,0.0
3028298,5.845918633979047
3028299,6.636127107655756
3028300,63.52990326699602
3028301,0.5487023175052533
3028302,353.0819506713133
3028303,343.1801848280035
3028304,6.078825296951328
3028305,5.495326968639376
3028306,221.51737166111036
3028307,83.51378689235382
3028308,1352.1537684380507
3028309,21.73286042817203
3028310,1.7688957173590496
3028311,3.9545045923065443
3028312,0.3137485839778374
3028313,2.311185020218373
3028314,2815.52776923522
3028315,0.0
3028316,602.0642622404201
3028317,13.00063341786654
3028318,948.6840309143611
3028319,630.2327459505227
3028320,267.17095640020244
3028321,196.3237649488153
3028322,58.30756234699456
3028323,3918.213351040421
3028324,16.6703103487901
3028325,0.8445543119550727
3028326,29.584470929449946
3028327,16.53755508693193
3028328,0.26691799357682744
3028329,262.2843755388482
3028330,0.0
3028331,6.071611502864634
3028332,6.97543084985553
3028333,80.5926592139687
3028334,1.924145793075981
3028335,147.7537373724102
3028336,258.9912622418533
3028337,3.715365788093902
3028338,3.5022418653517517
3028339,173.5839391583757
3028340,55.99932512816514
3028341,907.8693566142064
3028342,10.845862534801155
3028343,5.072247545114676
3028344,7.713020241117311
3028345,1.3247709693955048
3028346,8.452969080401866
3028347,6635.910272276288
3028348,0.0
3028349,962.4625548061284
3028350,73.28958473834263
3028351,1743.0256352774022
3028352,1703.3921011247985
3028353,301.5227017733333
3028354,411.0203116356912
3028355,301.0390228281327
3028356,6864.076891280009
3028357,76.3481358869994
3028358,2.5851027938362363
3028359,49.92757352590777
3028360,44.77136848391728
3028361,0.8739948609851742
3028362,434.91871429789865
3028363,30.92520185521858
3028364,43.592472944604985
3028365,21.637056125397205
3028366,222.3460436464247
3028367,22.45475688267926
3028368,588.1528458340371
3028369,411.98992366551437
3028370,14.0493528417946
3028371,19.048724481309534
3028372,862.6733019445684
3028373,189.74147363576438
3028374,5915.077939372982
3028375,1.0965006798326733
3028376,60.92221308377711
3028377,4.509431799307024
3028378,0.6124962902986687
3028379,1.048749022274432
3028380,1493.1414130379296
3028381,0.0
3028382,154.62686290983152
3028383,4.065503509925294
3028384,1121.3413553968571
3028385,253.3428925495467
3028386,106.29584079291018
3028387,133.05689623919037
3028388,41.998277765542205
3028389,2649.645387175678
3028390,6.353106919935669
3028391,0.7716427346000866
3028392,9.503138087906908
3028393,9.535558323822087
3028394,0.3238735247451591
3028395,169.35551790541555
3028396,0.16173544007108404
3028397,0.0
3028398,3.345522033654398
3028399,77.71900394209008
3028400,0.6422459918756809
3028401,159.7409595879082
3028402,96.17553708702266
3028403,2.055492428424892
3028404,4.7626151586125935
3028405,113.61793192069996
3028406,24.600722053543624
3028407,544.9746375775748
3028408,6.217980363308453
3028409,4.6580375319003
3028410,8.006959807194235
3028411,0.148734619268215
3028412,4.97055458604677
3028413,3127.1838750198417
3028414,0.0
3028415,519.911519446444
3028416,10.006642858874741
3028417,1505.1598609383707
3028418,623.5716449857348
3028419,263.2104405937877
3028420,340.3771452755802
3028421,82.17422682213785
3028422,4847.8359821961385
3028423,17.93549877056964
3028424,0.07485103916378426
3028425,28.19008450971601
3028426,18.37055904362715
3028427,0.0
3028428,314.42695520641803
3028429,1.9708353999525758
3028430,2.642092680223965
3028431,10.89614061124437
3028432,21.71305067206792
3028433,1.0578418657228348
3028434,678.1980265878844
3028435,300.18228282102757
3028436,5.4252495071275675
3028437,7.223371584252745
3028438,171.25544668662366
3028439,60.202473042562914
3028440,1272.408916502984
3028441,24.01549208106827
3028442,5.884904409545456
3028443,2.2420455611150762
3028444,0.0
3028445,0.9560701529515744
3028446,926.3572669562733
3028447,0.0
3028448,132.27562311262358
3028449,2.16988100487332
3028450,1286.8472125441776
3028451,155.09076041105564
3028452,89.82243691107507
3028453,201.49599097178515
3028454,14.572385236952872
3028455,1878.5849468772615
3028456,2.0205522858917386
3028457,0.04333769002788406
3028458,8.649711418097288
3028459,2.9863544833615427
3028460,0.0
3028461,107.600579316857
3028462,0.0
3028463,0.0
3028464,0.8382420671037304
3028465,32.49239269703794
3028466,0.4376668870932469
3028467,128.73187966162968
3028468,85.47955240069084
3028469,0.854129078673502
3028470,1.6145538961139803
3028471,62.873646372204334
3028472,10.192824782719901
3028473,170.73749160922767
3028474,10.213012168216634
3028475,1.8330092768243895
3028476,9.821970487042039
3028477,0.0
3028478,3.5457562384359926
3028479,1944.7198769550362
3028480,0.0
3028481,213.14397030723745
3028482,17.34734890565717
3028483,1078.913951296776
3028484,378.0666630954477
3028485,194.99819602733615
3028486,154.0034806716367
3028487,61.31449516947446
3028488,3176.0751698855674
3028489,4.189698955015381
3028490,1.3855922425950054
3028491,17.916499968683116
3028492,13.221685723347099
3028493,0.31605161174591045
3028494,247.39181529557422
3028495,0.0
3028496,0.0
3028497,15.797899811283798
3028498,26.453312201096928
3028499,0.24934024736420693
3028500,410.75134158134875
3028501,233.29431430413186
3028502,2.0007479136530124
3028503,5.551667844598764
3028504,213.32842384075397
3028505,31.05983894029242
3028506,1211.9146511657093
3028507,2.7998934482868894
3028508,1.8462629327065474
3028509,3.1185918877269154
3028510,0.03944216163308825
3028511,2.8160236447550133
3028512,2164.3464535166195
3028513,0.0
3028514,643.60542258776
3028515,6.2356851331646395
3028516,866.4051168163398
3028517,536.0531900767511
3028518,236.88871415738512
3028519,100.44741724048717
3028520,75.12032448477015
3028521,4036.236967468752
3028522,4.565832763854509
3028523,5.692052143087166
3028524,0.0
3028525,40.844029461255914
3028526,0.20286710215599796
3028527,205.64342530436366
3028528,3.316365958800116
3028529,1.5444883760140518
3028530,5.3872208572950235
3028531,29.017368108655603
3028532,2.088070068747841
3028533,248.15339582429365
3028534,228.44995556835337
3028535,5.553093974555325
3028536,7.3514866446843286
3028537,140.9777684714409
3028538,38.48745012515033
3028539,594.2646110944225
3028540,18.542158618644102
3028541,5.417684388074952
3028542,4.2152348582899775
3028543,0.18024358947315872
3028544,0.6375051969347445
3028545,1428.2677320875148
3028546,0.0
3028547,102.7385757344313
3028548,2.4471141529403853
3028549,545.3549879593417
3028550,189.3593718468444
3028551,100.89576287370161
3028552,176.600794363784
3028553,30.079011908222668
3028554,2034.7586581566059
3028555,6.213138546747997
3028556,0.4707869103228157
3028557,18.102656269419057
3028558,10.557477539259546
3028559,0.16316259553306023
3028560,123.17820522010815
3028561,0.0
3028562,0.0
3028563,0.589421993723316
3028564,47.77107923798957
3028565,0.5339148714199328
3028566,345.891898662629
3028567,114.13836744109629
3028568,0.7936951724346899
3028569,0.8720058283356995
3028570,73.23450883738744
3028571,17.5040943279148
3028572,362.9716652019991
3028573,5.135648607526293
3028574,1.1219047337623866
3028575,5.0789069024012266
3028576,0.10198292340260233
3028577,1.8530377218073588
3028578,3198.0387624818413
3028579,0.0
3028580,457.18541353209076
3028581,12.102114747930871
3028582,960.4616039884921
3028583,550.0123635450288
3028584,222.91288215636166
3028585,184.46152164415946
3028586,76.89137777816751
3028587,4250.2721235013105
3028588,9.177083062207604
3028589,0.16923392967195416
3028590,19.19984461499681
3028591,8.554666501766478
3028592,0.0
3028593,236.0159185457942
3028594,0.0
3028595,31.937437544947333
3028596,3.7593245414836223
3028597,42.46327732811498
3028598,0.6028316698309105
3028599,418.34333658140196
3028600,275.53032090237434
3028601,2.428197555837857
3028602,4.454968174390493
3028603,131.01630718910081
3028604,41.97304685216064
3028605,1101.7949965712046
3028606,36.105252367399444
3028607,1.4635359181930792
3028608,3.25339649740415
3028609,0.0
3028610,4.961650253745159
3028611,2392.294419005075
3028612,0.03846209831950016
3028613,455.96269966330385
3028614,12.906963599082067
3028615,871.3084223353081
3028616,760.0579646869027
3028617,141.7583655642257
3028618,116.23731189286038
3028619,118.15282595218582
3028620,3242.0766042467208
3028621,60.79722553311197
3028622,1.9052862821633234
3028623,14.1415876064442
3028624,33.267512157264996
3028625,0.23595377103691767
3028626,217.73161059130396
3028627,12.562926241434063
3028628,20.13046758560764
3028629,2.3535915422674534
3028630,91.03856586149081
3028631,8.404204506181838
3028632,212.78036952140306
3028633,201.57322177975144
3028634,12.387297153079409
3028635,11.847220948039135
3028636,236.13969726374165
3028637,51.7822736301946
3028638,2135.5413348238317
3028639,0.0
3028640,12.166708888320782
3028641,7.372631296197914
3028642,0.0
3028643,5.128511982086141
3028644,2628.0900799070696
3028645,0.0
3028646,370.1251929769294
3028647,16.41115256161442
3028648,1104.9887422580505
3028649,688.998354511485
3028650,149.24315286844714
3028651,69.66184063592874
3028652,96.4119410550868
3028653,3511.3223277322777
3028654,29.263712171656994
3028655,1.8400663482540536
3028656,22.330999606021717
3028657,91.43993844778441
3028658,0.10399501375743461
3028659,313.3354786120055
3028660,17.286319881945104
3028661,11.25789948207219
3028662,11.552195125311426
3028663,127.4912201106607
3028664,9.221582000903066
3028665,141.68570119600682
3028666,326.86489828054096
3028667,7.688260777566769
3028668,12.246132196601904
3028669,111.01015253653723
3028670,57.29458184194151
3028671,1665.0717642772931
3028672,0.39490444879823566
3028673,18.423701238214537
3028674,10.279187249103124
3028675,0.0
3028676,1.8113810014087148
3028677,2878.6756563557274
3028678,0.0
3028679,595.5636047586987
3028680,8.845646967226461
3028681,2125.075324432835
3028682,547.948021323231
3028683,183.31563981802717
3028684,193.6714852560075
3028685,51.729474301634966
3028686,5209.533058563539
3028687,35.941826844765465
3028688,1.5780712941528083
3028689,32.96276871075598
3028690,14.535820117995181
3028691,0.12346507119546724
3028692,308.22549597232404
3028693,3.8427512854850954
3028694,16.694208532128084
3028695,6.0959320780599
3028696,63.033197484058405
3028697,3.0188033976776394
3028698,169.08150659747122
3028699,274.359966082912
3028700,7.86471257966257
3028701,8.38398870417679
3028702,214.0848269389201
3028703,43.558416067817724
3028704,1335.8018530269349
3028705,2.7886441785299687
3028706,12.38982037767579
3028707,3.803983598347389
3028708,0.2274732497756785
3028709,2.1480059024232885
3028710,1642.0443066130176
3028711,0.0
3028712,280.82272860118576
3028713,6.440834008354359
3028714,689.3636837068846
3028715,575.2917041172647
3028716,157.2244971242966
3028717,105.75136019664947
3028718,63.51420196711404
3028719,2553.4835444337173
3028720,17.823565547320555
3028721,1.553971370852979
3028722,9.233783745828555
3028723,20.73131902758942
3028724,0.5088436934132194
3028725,183.82158170439146
3028726,10.264286301986399
3028727,15.356733345552481
3028728,2.2634653314415862
3028729,72.39312190084682
3028730,4.037738334806756
3028731,293.2917840688903
3028732,138.97030949358316
3028733,7.8884325921235945
3028734,5.928109617833022
3028735,252.64257531202696
3028736,25.89321923333702
3028737,1551.5511840927516
3028738,0.0
3028739,15.821962566243636
3028740,3.6728191464421998
3028741,0.0
3028742,1.9017960344788964
3028743,4253.119670029744
3028744,0.0
3028745,363.81023018103866
3028746,5.363481654202198
3028747,2093.6175700254576
3028748,558.1102757636299
3028749,291.02811690033025
3028750,148.38037409313532
3028751,80.14135980788151
3028752,5358.230599172548
3028753,12.031863711052925
3028754,2.0348623681496822
3028755,33.980825115346185
3028756,25.991112227093403
3028757,0.2944420299416277
3028758,463.361949865813
3028759,0.0
3028760,0.1933357595399301
3028761,10.533979034394372
3028762,18.662099868398084
3028763,0.8976375801661839
3028764,156.23247003715656
3028765,239.39567528421358
3028766,3.405311286107748
3028767,10.475997200886288
3028768,167.8794517294645
3028769,54.97017977226017
3028770,992.2309588207088
3028771,12.169211382993538
3028772,7.651588406859867
3028773,5.469150989137567
3028774,0.13629978003961404
3028775,5.968981819472072
3028776,2302.791425873515
3028777,0.0
3028778,401.2656558178456
3028779,14.234545298790549
3028780,1353.6768120850957
3028781,602.3896143400591
3028782,211.4685006770585
3028783,116.36905841391
3028784,139.45824431735556
3028785,3420.8473783902973
3028786,47.116498717783145
3028787,1.18711745173105
3028788,21.424905108601365
3028789,34.97153586168771
3028790,0.2504975490163866
3028791,212.17535732334113
3028792,15.074773665133007
3028793,15.579505162068326
3028794,8.058600216620022
3028795,123.10956378300443
3028796,7.08601336229597
3028797,196.79242862396848
3028798,337.8437931750766
3028799,13.839552116851182
3028800,6.259996961942919
3028801,167.99959505187027
3028802,48.90734563668269
3028803,1825.8056027147409
3028804,5.578066089548077
3028805,7.057216203999462
3028806,4.263119083523084
3028807,0.0
3028808,3.7747763385942985
3028809,2268.9114569911553
3028810,0.0
3028811,433.3321840583182
3028812,9.680930313174347
3028813,732.0042790898473
3028814,719.1193949626454
3028815,152.4491167949064
3028816,128.39590687496877
3028817,109.3473235507511
3028818,3046.804922748496
3028819,34.45011979097852
3028820,0.8106205957571269
3028821,21.44296682777558
3028822,16.23032616673372
3028823,0.0032616355139958395
3028824,191.65886451248528
3028825,16.796095791876994
3028826,38.22776643632348
3028827,6.3853084497708625
3028828,66.74156344369926
3028829,7.829247179893715
3028830,225.60640122107222
3028831,178.8763095575914
3028832,9.353241830736012
3028833,7.89970954882646
3028834,195.107117938904
3028835,42.75889801269132
3028836,2098.646631562007
3028837,0.0
3028838,15.1375346767849
3028839,5.650343775251382
3028840,0.29257059064084745
3028841,3.309611401919915
3028842,4818.366167955778
3028843,0.0
3028844,524.6737359256147
3028845,15.321868033724048
3028846,1290.2446546738563
3028847,590.8007222225305
3028848,251.56598268086594
3028849,219.54499580172384
3028850,60.91966705372256
3028851,4847.695146313196
3028852,7.456279998339395
3028853,0.0
3028854,6.714443175155169
3028855,18.028293857354974
3028856,0.1437651008174134
3028857,261.267216394884
3028858,0.0
3028859,10.291962927319595
3028860,1.1994655890126544
3028861,111.75087218199793
3028862,2.283002514820589
3028863,259.092558772768
3028864,322.78926423286276
3028865,2.9097497054510812
3028866,2.6574237360423516
3028867,235.26372752836735
3028868,148.25906564614496
3028869,1149.9256988128905
3028870,7.273909287107315
3028871,1.8199761490866855
3028872,14.713732835867058
3028873,0.0
3028874,12.092470074292649
3028875,8037.291199541343
3028876,0.0
3028877,1338.7808043190291
3028878,34.83904234106514
3028879,2355.092649872729
3028880,1972.603686635854
3028881,475.4297398875265
3028882,517.9597146311477
3028883,425.16850154357087
3028884,8381.295458738028
3028885,92.55878511464871
3028886,3.9145244525384486
3028887,142.69098322993932
3028888,133.63262416448663
3028889,0.0
3028890,594.8847715218271
3028891,26.837129657024516
3028892,20.30585098291299
3028893,17.55895654762832
3028894,360.71116220146
3028895,21.055793198405976
3028896,722.9736576075651
3028897,420.8408296530606
3028898,42.77447621831943
3028899,31.413681593776115
3028900,981.9945261964998
3028901,261.48241258955056
3028902,7129.3813671844955
3028903,84.526994321645
3028904,74.0497472924576
3028905,14.220755890513258
3028906,0.0
3028907,10.521370850277485
3028908,6924.663596809352
3028909,0.0
3028910,945.3638279005471
3028911,34.71506740540511
3028912,2432.59405602825
3028913,1854.535554965631
3028914,585.2390389329815
3028915,309.04636566981907
3028916,265.90306169488997
3028917,9482.929951909027
3028918,156.45574789806452
3028919,1.5189085632330421
3028920,42.61309841223685
3028921,90.50347017854423
3028922,0.9823930954739631
3028923,594.1190196236738
3028924,16.832039921890548
3028925,33.785240072443585
3028926,6.147367470864389
3028927,199.6484781440102
3028928,14.718966285372883
3028929,925.8979324295293
3028930,590.3314829974194
3028931,21.308435395920657
3028932,28.750015912725836
3028933,987.8426451202672
3028934,165.7941369455105
3028935,4923.940635952353
3028936,201.09874742208092
3028937,71.18863552320974
3028938,13.240954043142013
3028939,0.0
3028940,15.6961005275193
3028941,4893.143422610646
3028942,0.057230902501056106
3028943,758.5498494083898
3028944,13.07916168548866
3028945,2356.5255886310147
3028946,1317.269111994153
3028947,711.3782954243765
3028948,141.87472200525778
3028949,223.64762847426294
3028950,8792.560363947623
3028951,67.82540706217995
3028952,1.8521442356657145
3028953,37.86228058612657
3028954,28.12814751565283
3028955,0.4776061781666513
3028956,581.4132070597846
3028957,21.01715400158371
3028958,19.18073360748204
3028959,8.06376181471914
3028960,127.71125105457159
3028961,9.102315636187496
3028962,862.5639746906398
3028963,639.3622984848157
3028964,26.578343042707814
3028965,47.54042016678823
3028966,599.7693137886313
3028967,105.05770528212233
3028968,2199.9076643459452
3028969,152.17642216494127
3028970,35.28835712411008
3028971,12.637274328517266
3028972,0.0
3028973,13.576364102255646
3028974,6710.87879095511
3028975,0.0
3028976,978.3390546755635
3028977,28.21484899094135
3028978,2274.3048618875805
3028979,1812.6797644506244
3028980,573.8491479028426
3028981,296.1717327303713
3028982,229.51595608187478
3028983,9283.947921099896
3028984,56.43742651458612
3028985,1.7560812235174048
3028986,49.45605390202508
3028987,89.07738318610166
3028988,0.8202266959143286
3028989,581.088974522643
3028990,19.910323615408895
3028991,27.72254946787083
3028992,6.0494240802424235
3028993,184.8223281595726
3028994,9.628187475886321
3028995,740.733280341275
3028996,583.1155505863642
3028997,27.13589651743977
3028998,22.052422944338964
3028999,918.0563081300124
3029000,164.4905111274909
3029001,4262.284486911954
3029002,133.9269900464093
3029003,57.14932341311174
3029004,14.2163117230653
3029005,0.0
3029006,17.974116244311166
3029007,3784.141611839926
3029008,0.02970179003846737
3029009,684.8859680528794
3029010,13.808547426437777
3029011,2161.40700268926
3029012,1182.0651051393781
3029013,613.7249690388854
3029014,99.33109321937796
3029015,160.3150476052127
3029016,7984.58627805917
3029017,51.914603403497075
3029018,0.9916316792025468
3029019,20.946674763937892
3029020,60.69509133749383
3029021,0.6564851838721749
3029022,566.4694343971718
3029023,18.265135663738647
3029024,9.438566134508578
3029025,2.481479779256422
3029026,119.51826576442393
3029027,5.040642948529519
3029028,776.3966479632027
3029029,638.9689068687815
3029030,18.86911828953712
3029031,20.78355943320278
3029032,769.9285940858612
3029033,65.30649136510665
3029034,1527.8187552539046
3029035,87.54409625512017
3029036,15.176891578191528
3029037,13.241989739907961
3029038,0.0
3029039,9.458560406213344
3029040,5445.9892061747605
3029041,0.0
3029042,934.9424967207684
3029043,27.216383781108775
3029044,1738.8027794075117
3029045,1811.593182008205
3029046,398.3878950884849
3029047,404.8296633112755
3029048,295.60382678280916
3029049,6749.594729618727
3029050,83.89682289666001
3029051,2.5436979229664
3029052,51.327790090099995
3029053,64.54566397713218
3029054,0.8670426619435908
3029055,403.4341959158759
3029056,15.080666625505451
3029057,22.29108028412826
3029058,9.294676390559468
3029059,257.66422416394227
3029060,18.61000265248938
3029061,665.5556186186535
3029062,412.7213163320532
3029063,20.24739286019068
3029064,27.369845337426906
3029065,831.5249810972538
3029066,164.04245311153753
3029067,5994.588534922589
3029068,117.51662815613102
3029069,58.52173941176878
3029070,7.171736194117633
3029071,0.23942310228886116
3029072,4.972266439213134
3029073,1587.2297683929053
3029074,0.0
3029075,286.81575187574896
3029076,22.641175001066074
3029077,943.7956003174432
3029078,485.4635994771418
3029079,196.2881420449826
3029080,70.29409862477354
3029081,89.63834403723942
3029082,2765.3512289131313
3029083,52.28496346051588
3029084,0.8895893864930938
3029085,22.205420838474843
3029086,25.892383571736456
3029087,0.46133877213494107
3029088,198.5466233447614
3029089,10.265521948106478
3029090,5.416723938494269
3029091,10.932295124743362
3029092,58.338191564680805
3029093,4.930420031111691
3029094,206.98932230991431
3029095,198.64534740665488
3029096,2.413868909985895
3029097,7.133934053851296
3029098,183.3043243438414
3029099,44.90855146729772
3029100,1324.9882146240793
3029101,2.6532739487578056
3029102,12.565648323348135
3029103,9.026626198150193
3029104,0.0
3029105,11.323053234882929
3029106,3693.883142302268
3029107,0.0
3029108,507.040116369243
3029109,29.49186104694276
3029110,1602.2316067944219
3029111,997.1014460605344
3029112,439.99220456067417
3029113,103.00497310847655
3029114,134.0511944226411
3029115,6147.813676291294
3029116,116.05069038206533
3029117,0.8034696740731657
3029118,37.83163842346463
3029119,43.6448560937864
3029120,0.6521149320130716
3029121,429.6259129142325
3029122,11.361324398117654
3029123,0.7744816878761448
3029124,5.214336700767695
3029125,140.7570321869079
3029126,6.75507183544081
3029127,461.37971463957945
3029128,442.61690550075184
3029129,11.330170477918104
3029130,20.038246299332872
3029131,340.3224799247789
3029132,64.2558186880827
3029133,1802.0132898695322
3029134,93.2782440844698
3029135,17.671121360443593
3029136,8.303012339093899
3029137,0.0
3029138,2.6805243735907327
3029139,3691.438628886604
3029140,0.0
3029141,697.4498486048822
3029142,10.384573269297523
3029143,1253.1749511924986
3029144,1306.728212836725
3029145,230.1573247792385
3029146,285.71922171112175
3029147,229.49398852551764
3029148,4393.52194900473
3029149,39.17987017306847
3029150,0.82293992231587
3029151,26.146644743490718
3029152,46.06803872174342
3029153,0.8406041639124833
3029154,281.97387820501746
3029155,2.8405101486609374
3029156,39.216426613054225
3029157,3.8546106790346615
3029158,130.81565869612368
3029159,9.715790028621043
3029160,528.6513349028991
3029161,224.94811518522252
3029162,21.78655836295048
3029163,7.2996392530659095
3029164,588.8776833978604
3029165,97.91910290906455
3029166,4500.382102574741
3029167,22.38037711823658
3029168,39.65578217751117
3029169,17.361375091035796
3029170,0.0
3029171,10.850393075212224
3029172,6170.000144933162
3029173,0.0
3029174,1107.4612505182406
3029175,15.826984024396708
3029176,2330.646060377418
3029177,1552.041990240192
3029178,495.43575216615403
3029179,274.2084265473262
3029180,473.97244915062697
3029181,8452.73751376646
3029182,67.78844460785065
3029183,4.770202233153903
3029184,90.92746080787263
3029185,68.89098022055036
3029186,1.2639359015477996
3029187,509.7611305747092
3029188,12.419268449736558
3029189,81.02376711628564
3029190,10.969794570316465
3029191,303.76489133586034
3029192,13.755421123166405
3029193,679.6614162476893
3029194,513.248641635322
3029195,23.93872864411091
3029196,35.83521683786527
3029197,653.3959638591897
3029198,179.07096094320931
3029199,6344.914073941588
3029200,25.78786676019846
3029201,14.33245041199206
3029202,7.984076287840522
3029203,0.044006215084165835
3029204,2.61721403851765
3029205,1830.3097595269478
3029206,0.0
3029207,398.7036645502352
3029208,8.792699151561465
3029209,915.555474199159
3029210,423.77378992717234
3029211,212.81462634420157
3029212,80.14577224928678
3029213,105.15192927892858
3029214,2998.149681653959
3029215,14.571987208228835
3029216,1.911435308492921
3029217,23.91822467946968
3029218,25.942850224131618
3029219,0.02433404872190038
3029220,184.14506647249797
3029221,5.278973910589279
3029222,6.808591156559964
3029223,8.279291251668086
3029224,93.83271826437434
3029225,2.6953856233917763
3029226,230.39786766574755
3029227,213.0202469286523
3029228,6.144360233386869
3029229,6.095740032048156
3029230,160.03388226012657
3029231,48.45432663696307
3029232,1565.154819127599
3029233,1.343924466840968
3029234,1.5247308751591422
3029235,5.736158757471845
3029236,0.0
3029237,2.4230666696094363
3029238,2728.579654213776
3029239,0.0
3029240,198.0412159181523
3029241,3.7315211262351538
3029242,1108.941864812387
3029243,195.95353427755714
3029244,220.24421878026595
3029245,51.044591117367915
3029246,28.778589612936685
3029247,2952.5177955143126
3029248,7.128009511840403
3029249,0.5462377151938087
3029250,19.235782627362767
3029251,12.189690761760897
3029252,0.29639981088310463
3029253,189.3070670689427
3029254,0.0
3029255,0.0
3029256,3.9566937653815337
3029257,27.041816183699098
3029258,0.4502997132111076
3029259,61.6089318426724
3029260,159.09927652455684
3029261,0.14811101703746246
3029262,0.651649803392386
3029263,65.21883697331496
3029264,82.83515787754513
3029265,519.9566212006083
3029266,2.0781670937559564
3029267,3.647829495474429
3029268,4.012950813097112
3029269,0.11495227404360264
3029270,6.800150527025521
3029271,2387.1968484136787
3029272,0.0
3029273,460.03988601370116
3029274,12.77278880855682
3029275,1108.7670456806127
3029276,751.0431305101656
3029277,283.50864435987916
3029278,133.74777793369168
3029279,114.82473346510328
3029280,4165.710041052442
3029281,34.68542682952324
3029282,0.7293814105680507
3029283,21.307170886465794
3029284,58.95506457212088
3029285,0.2327597843514877
3029286,268.86968285174345
3029287,15.434247234694848
3029288,11.218905380689346
3029289,7.72732549017742
3029290,85.74337368388571
3029291,5.51580082446363
3029292,367.25249061896545
3029293,257.34656735847153
3029294,8.203191858454785
3029295,11.342208735380577
3029296,397.3902042586961
3029297,62.60151381557388
3029298,1846.9870940205406
3029299,0.0
3029300,24.155323410282087
3029301,5.672643503609583
3029302,0.0
3029303,5.205524626139898
3029304,3366.1771278037895
3029305,0.0785595999671293
3029306,604.8997405877208
3029307,19.544114942047305
3029308,999.9506589431084
3029309,1151.7683971455099
3029310,158.80359706992598
3029311,241.5797858537174
3029312,200.68130503333992
3029313,3596.544867492352
3029314,50.26340633551004
3029315,2.346695216213734
3029316,25.86991082835394
3029317,22.497621929679674
3029318,1.349738429597678
3029319,221.38679546448765
3029320,16.72881526983022
3029321,34.524152006105425
3029322,9.02167830604448
3029323,173.17610343263422
3029324,8.52684025024597
3029325,401.1240343073034
3029326,228.8663932741205
3029327,9.261931886047158
3029328,11.879415637793805
3029329,525.2202013459846
3029330,106.10947874159613
3029331,4313.724683365036
3029332,0.22144233066869703
3029333,35.83073044143956
3029334,3.226318210319958
3029335,0.31557967841734524
3029336,8.129957937811426
3029337,3425.975137339956
3029338,0.0
3029339,654.0872925029704
3029340,23.65041485801663
3029341,1082.2451593200458
3029342,1162.6802530239045
3029343,242.18099942021723
3029344,260.8333475078909
3029345,132.91658489259441
3029346,4261.200322657597
3029347,39.588880014555805
3029348,3.174070654697979
3029349,30.74016382246545
3029350,39.759580421142886
3029351,0.7630499611295309
3029352,290.8237978092918
3029353,16.875708815002866
3029354,28.59603638338951
3029355,27.053752312294773
3029356,147.57344812915738
3029357,17.165728654557483
3029358,359.48649921678503
3029359,256.05100600649735
3029360,19.37418910679722
3029361,20.14893476775496
3029362,450.9680335095586
3029363,132.7824722143866
3029364,3462.534141915818
3029365,0.43434107148825735
3029366,32.77803628758337
3029367,11.893843408899896
3029368,0.5301916540245694
3029369,6.815366726112133
3029370,3262.741984620836
3029371,0.0
3029372,474.19050303388275
3029373,18.44276687501877
3029374,1790.4836009868043
3029375,734.284158858954
3029376,541.4396856327706
3029377,149.4383801576878
3029378,87.52756405596156
3029379,7172.945300395802
3029380,20.55103989115756
3029381,2.0220705968876036
3029382,0.0
3029383,37.93708628720194
3029384,0.12961428567926067
3029385,443.85421271044896
3029386,11.459132737727547
3029387,5.144479207793537
3029388,5.2994094488645205
3029389,51.066679116710475
3029390,3.171352323885217
3029391,552.5784129099264
3029392,461.44370147221986
3029393,8.540429470808121
3029394,9.026369572591541
3029395,372.41715257580586
3029396,107.84352973722788
3029397,1273.3165065951075
3029398,44.94593745652995
3029399,18.94671518594618
